{"type": "FeatureCollection", "meta": {"src": "maps.mail.ru", "poa": 1443, "center": [127.02799999999999, 37.587999999999994], "count": 498}, "features": [{"type": "Feature", "properties": {"h": 22.6, "area": 3351, "kwh": 821770, "p": 0.982}, "geometry": {"type": "Polygon", "coordinates": [[[127.026188, 37.584175], [127.025961, 37.584474], [127.027081, 37.585009], [127.027316, 37.5847], [127.027083, 37.584588], [127.026976, 37.584729], [127.026809, 37.584649], [127.026826, 37.584627], [127.026545, 37.584492], [127.026521, 37.584524], [127.026283, 37.58441], [127.026389, 37.584271], [127.026188, 37.584175]]]}}, {"type": "Feature", "properties": {"h": 9.9, "area": 1975, "kwh": 484439, "p": 0.932}, "geometry": {"type": "Polygon", "coordinates": [[[127.027163, 37.584372], [127.027156, 37.584402], [127.027154, 37.584432], [127.027158, 37.584462], [127.027166, 37.584492], [127.027179, 37.58452], [127.027191, 37.584539], [127.027205, 37.584556], [127.02722, 37.584572], [127.027238, 37.584587], [127.027257, 37.584601], [127.027277, 37.584614], [127.027299, 37.584624], [127.027322, 37.584634], [127.027346, 37.584641], [127.027371, 37.584647], [127.027397, 37.584651], [127.027422, 37.584653], [127.027448, 37.584654], [127.027474, 37.584652], [127.027499, 37.584649], [127.027524, 37.584643], [127.027549, 37.584637], [127.027572, 37.584628], [127.027594, 37.584618], [127.027615, 37.584606], [127.027635, 37.584592], [127.027653, 37.584578], [127.027669, 37.584562], [127.027684, 37.584545], [127.027696, 37.584527], [127.027706, 37.584508], [127.027715, 37.584489], [127.027721, 37.584469], [127.027725, 37.584439], [127.027724, 37.584408], [127.027719, 37.584378], [127.027708, 37.584349], [127.027692, 37.584322], [127.027672, 37.584296], [127.027648, 37.584272], [127.02762, 37.584252], [127.027589, 37.584234], [127.027555, 37.58422], [127.027519, 37.58421], [127.027482, 37.584204], [127.027444, 37.584201], [127.027406, 37.584203], [127.027368, 37.584208], [127.027332, 37.584218], [127.027298, 37.584231], [127.027266, 37.584248], [127.027237, 37.584268], [127.027212, 37.584291], [127.027191, 37.584316], [127.027175, 37.584343], [127.027163, 37.584372]]]}}, {"type": "Feature", "properties": {"h": 19.8, "area": 3322, "kwh": 814803, "p": 0.98}, "geometry": {"type": "Polygon", "coordinates": [[[127.024725, 37.585245], [127.025018, 37.58484], [127.025929, 37.585254], [127.025828, 37.585395], [127.025516, 37.585253], [127.025366, 37.585461], [127.025335, 37.585483], [127.025299, 37.585496], [127.025263, 37.585504], [127.025224, 37.585505], [127.025176, 37.585496], [127.025132, 37.585476], [127.025102, 37.58545], [127.025085, 37.58543], [127.025077, 37.585409], [127.025074, 37.585386], [127.025082, 37.585355], [127.025235, 37.585144], [127.025099, 37.585082], [127.024917, 37.585332], [127.024725, 37.585245]]]}}, {"type": "Feature", "properties": {"h": 16.5, "area": 1552, "kwh": 380714, "p": 0.895}, "geometry": {"type": "Polygon", "coordinates": [[[127.023926, 37.584883], [127.024065, 37.584697], [127.024094, 37.58471], [127.024165, 37.584615], [127.024731, 37.584882], [127.024609, 37.585044], [127.024215, 37.584859], [127.024127, 37.584977], [127.023926, 37.584883]]]}}, {"type": "Feature", "properties": {"h": 23.1, "area": 2052, "kwh": 503257, "p": 0.94}, "geometry": {"type": "Polygon", "coordinates": [[[127.024109, 37.584395], [127.024566, 37.583808], [127.024826, 37.583935], [127.024368, 37.584522], [127.024109, 37.584395]]]}}, {"type": "Feature", "properties": {"h": 23.1, "area": 2731, "kwh": 669764, "p": 0.968}, "geometry": {"type": "Polygon", "coordinates": [[[127.024919, 37.583966], [127.025182, 37.583604], [127.024786, 37.583423], [127.024894, 37.583274], [127.02577, 37.583673], [127.025664, 37.583819], [127.025406, 37.583702], [127.025141, 37.584068], [127.024919, 37.583966]]]}}, {"type": "Feature", "properties": {"h": 26.4, "area": 2041, "kwh": 500579, "p": 0.936}, "geometry": {"type": "Polygon", "coordinates": [[[127.025684, 37.583359], [127.026107, 37.582763], [127.026374, 37.582883], [127.02595, 37.583478], [127.025684, 37.583359]]]}}, {"type": "Feature", "properties": {"h": 13.2, "area": 627, "kwh": 153900, "p": 0.763}, "geometry": {"type": "Polygon", "coordinates": [[[127.027276, 37.58232], [127.02722, 37.582398], [127.027626, 37.582581], [127.027697, 37.582612], [127.02776, 37.582524], [127.027617, 37.582459], [127.027667, 37.582388], [127.027605, 37.58236], [127.027575, 37.582403], [127.02745, 37.582347], [127.027422, 37.582386], [127.027276, 37.58232]]]}}, {"type": "Feature", "properties": {"h": 13.2, "area": 232, "kwh": 56782, "p": 0.596}, "geometry": {"type": "Polygon", "coordinates": [[[127.027697, 37.584241], [127.027749, 37.584164], [127.027766, 37.584138], [127.027946, 37.584225], [127.027873, 37.584322], [127.027697, 37.584241]]]}}, {"type": "Feature", "properties": {"h": 13.2, "area": 2228, "kwh": 546403, "p": 0.95}, "geometry": {"type": "Polygon", "coordinates": [[[127.027646, 37.585607], [127.027693, 37.585544], [127.02762, 37.585509], [127.02769, 37.585417], [127.027998, 37.585563], [127.028057, 37.585551], [127.028121, 37.585537], [127.028317, 37.58528], [127.028563, 37.585397], [127.028279, 37.585769], [127.028084, 37.585815], [127.027646, 37.585607]]]}}, {"type": "Feature", "properties": {"h": 23.1, "area": 1824, "kwh": 447304, "p": 0.92}, "geometry": {"type": "Polygon", "coordinates": [[[127.024845, 37.586094], [127.024929, 37.585966], [127.025285, 37.585918], [127.025336, 37.585846], [127.025054, 37.585728], [127.025117, 37.585633], [127.025605, 37.585855], [127.025408, 37.586132], [127.025004, 37.58616], [127.024845, 37.586094]]]}}, {"type": "Feature", "properties": {"h": 13.2, "area": 14368, "kwh": 3524026, "p": 1.0}, "geometry": {"type": "Polygon", "coordinates": [[[127.02562, 37.587223], [127.025725, 37.58715], [127.025575, 37.587014], [127.025789, 37.586866], [127.025674, 37.586763], [127.025678, 37.586727], [127.025548, 37.586718], [127.025565, 37.586565], [127.026186, 37.586609], [127.026256, 37.58656], [127.027038, 37.586621], [127.027399, 37.586948], [127.027627, 37.587152], [127.026945, 37.587628], [127.026816, 37.587512], [127.02655, 37.587272], [127.026055, 37.587616], [127.025818, 37.587402], [127.02562, 37.587223]]]}}, {"type": "Feature", "properties": {"h": 23.1, "area": 3458, "kwh": 848244, "p": 0.984}, "geometry": {"type": "Polygon", "coordinates": [[[127.026964, 37.588453], [127.027697, 37.587959], [127.027463, 37.587741], [127.027606, 37.587644], [127.027988, 37.588001], [127.02797, 37.588013], [127.02801, 37.588051], [127.027945, 37.588095], [127.027974, 37.588122], [127.027468, 37.588462], [127.027439, 37.588482], [127.027181, 37.588656], [127.02709, 37.588571], [127.027068, 37.58855], [127.026964, 37.588453]]]}}, {"type": "Feature", "properties": {"h": 19.8, "area": 3143, "kwh": 770780, "p": 0.976}, "geometry": {"type": "Polygon", "coordinates": [[[127.026056, 37.590406], [127.026257, 37.59028], [127.026564, 37.590585], [127.026494, 37.590629], [127.02654, 37.590675], [127.026646, 37.590608], [127.026714, 37.590565], [127.026685, 37.590535], [127.026922, 37.590386], [127.026859, 37.590324], [127.027162, 37.590133], [127.027367, 37.590337], [127.026522, 37.59087], [127.026418, 37.590768], [127.026056, 37.590406]]]}}, {"type": "Feature", "properties": {"h": 19.8, "area": 1558, "kwh": 382016, "p": 0.897}, "geometry": {"type": "Polygon", "coordinates": [[[127.030095, 37.586902], [127.03066, 37.587443], [127.03083, 37.587334], [127.03028, 37.586785], [127.030095, 37.586902]]]}}, {"type": "Feature", "properties": {"h": 9.9, "area": 6631, "kwh": 1626403, "p": 0.994}, "geometry": {"type": "Polygon", "coordinates": [[[127.024786, 37.59301], [127.024728, 37.593009], [127.024666, 37.593005], [127.024597, 37.592994], [127.024537, 37.592976], [127.024499, 37.592959], [127.024458, 37.592938], [127.024387, 37.592882], [127.02436, 37.592856], [127.024335, 37.59282], [127.024316, 37.592748], [127.024313, 37.592699], [127.024314, 37.592646], [127.02432, 37.592606], [127.02433, 37.592558], [127.024351, 37.592516], [127.024373, 37.592483], [127.024408, 37.592446], [127.024449, 37.592408], [127.024486, 37.592381], [127.02453, 37.592358], [127.024644, 37.592312], [127.024758, 37.592272], [127.024868, 37.59225], [127.024945, 37.59224], [127.025019, 37.59219], [127.02499, 37.592158], [127.025104, 37.592079], [127.0251, 37.592149], [127.025171, 37.592224], [127.025221, 37.592187], [127.025267, 37.592208], [127.025297, 37.592231], [127.025332, 37.592252], [127.025364, 37.592274], [127.02539, 37.592299], [127.025415, 37.592327], [127.025439, 37.592359], [127.025468, 37.592398], [127.025491, 37.592437], [127.025442, 37.59247], [127.02549, 37.59252], [127.025401, 37.59258], [127.025391, 37.59257], [127.025332, 37.592607], [127.025313, 37.592645], [127.025285, 37.592688], [127.025207, 37.592791], [127.025137, 37.592856], [127.025062, 37.592915], [127.025019, 37.59294], [127.024972, 37.592966], [127.024908, 37.592989], [127.024853, 37.593001], [127.024786, 37.59301]]]}}, {"type": "Feature", "properties": {"h": 19.8, "area": 1158, "kwh": 283936, "p": 0.867}, "geometry": {"type": "Polygon", "coordinates": [[[127.032446, 37.589694], [127.032095, 37.58938], [127.032065, 37.589402], [127.031949, 37.589298], [127.032122, 37.589177], [127.032221, 37.589266], [127.032186, 37.589291], [127.032376, 37.589461], [127.032384, 37.589468], [127.032563, 37.589628], [127.032609, 37.589596], [127.032695, 37.589673], [127.032509, 37.589804], [127.032412, 37.589717], [127.032446, 37.589694]]]}}, {"type": "Feature", "properties": {"h": 3.3, "area": 1760, "kwh": 431555, "p": 0.911}, "geometry": {"type": "Polygon", "coordinates": [[[127.031762, 37.58789], [127.032257, 37.58757], [127.032429, 37.587736], [127.032118, 37.587937], [127.032263, 37.588078], [127.032079, 37.588197], [127.032015, 37.588135], [127.032006, 37.588126], [127.031762, 37.58789]]]}}, {"type": "Feature", "properties": {"h": 19.8, "area": 1479, "kwh": 362831, "p": 0.889}, "geometry": {"type": "Polygon", "coordinates": [[[127.031743, 37.586681], [127.031466, 37.586871], [127.031506, 37.586908], [127.031445, 37.586951], [127.031385, 37.586992], [127.031347, 37.586957], [127.031048, 37.587163], [127.030918, 37.587044], [127.031615, 37.586564], [127.031686, 37.586629], [127.031743, 37.586681]]]}}, {"type": "Feature", "properties": {"h": 16.5, "area": 1666, "kwh": 408666, "p": 0.903}, "geometry": {"type": "Polygon", "coordinates": [[[127.033442, 37.590973], [127.033663, 37.591165], [127.033683, 37.591151], [127.033992, 37.59142], [127.033893, 37.591491], [127.033804, 37.591414], [127.033753, 37.591451], [127.033609, 37.591326], [127.033522, 37.591389], [127.033432, 37.591311], [127.033381, 37.591348], [127.033173, 37.591167], [127.033442, 37.590973]]]}}, {"type": "Feature", "properties": {"h": 16.5, "area": 2153, "kwh": 528067, "p": 0.948}, "geometry": {"type": "Polygon", "coordinates": [[[127.032898, 37.591141], [127.033083, 37.59102], [127.032528, 37.590486], [127.032343, 37.590607], [127.032518, 37.590775], [127.032348, 37.590885], [127.032546, 37.591078], [127.032718, 37.590968], [127.032898, 37.591141]]]}}, {"type": "Feature", "properties": {"h": 16.5, "area": 911, "kwh": 223325, "p": 0.825}, "geometry": {"type": "Polygon", "coordinates": [[[127.033383, 37.590761], [127.033731, 37.590526], [127.033564, 37.590371], [127.033215, 37.590606], [127.033383, 37.590761]]]}}, {"type": "Feature", "properties": {"h": 9.9, "area": 2508, "kwh": 615059, "p": 0.962}, "geometry": {"type": "Polygon", "coordinates": [[[127.030745, 37.589652], [127.030782, 37.58967], [127.030787, 37.589666], [127.030556, 37.589467], [127.03067, 37.589374], [127.030932, 37.589593], [127.031209, 37.589846], [127.031076, 37.589928], [127.030864, 37.589741], [127.030856, 37.589746], [127.03088, 37.589814], [127.030881, 37.589847], [127.030872, 37.589891], [127.030851, 37.589927], [127.03082, 37.589956], [127.030786, 37.58998], [127.030747, 37.590002], [127.030692, 37.590014], [127.030632, 37.590022], [127.030577, 37.590014], [127.03052, 37.589994], [127.030471, 37.589964], [127.030432, 37.589926], [127.030405, 37.589882], [127.030392, 37.589833], [127.030393, 37.589784], [127.030409, 37.589737], [127.030438, 37.589694], [127.030473, 37.589665], [127.030521, 37.589642], [127.030576, 37.589628], [127.030646, 37.589629], [127.0307, 37.589638], [127.030745, 37.589652]]]}}, {"type": "Feature", "properties": {"h": 9.9, "area": 825, "kwh": 202224, "p": 0.805}, "geometry": {"type": "Polygon", "coordinates": [[[127.032431, 37.59005], [127.032729, 37.590324], [127.032552, 37.590445], [127.032254, 37.590171], [127.032431, 37.59005]]]}}, {"type": "Feature", "properties": {"h": 19.8, "area": 1397, "kwh": 342704, "p": 0.883}, "geometry": {"type": "Polygon", "coordinates": [[[127.027819, 37.584699], [127.028066, 37.584826], [127.028415, 37.585005], [127.02845, 37.584961], [127.028502, 37.584987], [127.02858, 37.584892], [127.028547, 37.584875], [127.028568, 37.584849], [127.02805, 37.584583], [127.028026, 37.584613], [127.02793, 37.584564], [127.027819, 37.584699]]]}}, {"type": "Feature", "properties": {"h": 9.9, "area": 3239, "kwh": 794365, "p": 0.978}, "geometry": {"type": "Polygon", "coordinates": [[[127.026081, 37.593025], [127.026574, 37.593531], [127.026437, 37.593615], [127.026479, 37.593658], [127.026324, 37.593753], [127.026287, 37.593715], [127.026182, 37.593779], [127.025684, 37.593267], [127.026081, 37.593025]]]}}, {"type": "Feature", "properties": {"h": 7.2, "area": 4587, "kwh": 1125073, "p": 0.988}, "geometry": {"type": "Polygon", "coordinates": [[[127.027685, 37.586839], [127.027962, 37.586965], [127.028279, 37.587235], [127.028315, 37.587269], [127.028509, 37.587185], [127.028467, 37.587124], [127.028574, 37.587078], [127.028552, 37.587002], [127.028593, 37.586977], [127.028561, 37.586945], [127.028624, 37.586905], [127.028597, 37.586811], [127.028644, 37.586754], [127.028151, 37.586414], [127.028097, 37.586466], [127.027941, 37.586408], [127.027823, 37.586606], [127.027685, 37.586839]]]}}, {"type": "Feature", "properties": {"h": 11.5, "area": 129, "kwh": 31740, "p": 0.447}, "geometry": {"type": "Polygon", "coordinates": [[[127.032864, 37.581533], [127.033039, 37.58153], [127.033039, 37.581464], [127.03293, 37.581441], [127.032866, 37.581478], [127.032864, 37.581533]]]}}, {"type": "Feature", "properties": {"h": 21.8, "area": 69, "kwh": 17015, "p": 0.241}, "geometry": {"type": "Polygon", "coordinates": [[[127.032743, 37.581431], [127.032742, 37.581524], [127.03282, 37.581522], [127.032818, 37.581429], [127.032743, 37.581431]]]}}, {"type": "Feature", "properties": {"h": 6.7, "area": 87, "kwh": 21447, "p": 0.36}, "geometry": {"type": "Polygon", "coordinates": [[[127.032588, 37.581512], [127.032733, 37.581511], [127.032737, 37.581572], [127.032593, 37.581575], [127.032588, 37.581512]]]}}, {"type": "Feature", "properties": {"h": 13.9, "area": 49, "kwh": 11934, "p": 0.101}, "geometry": {"type": "Polygon", "coordinates": [[[127.032553, 37.581527], [127.032469, 37.58153], [127.032475, 37.581589], [127.032562, 37.581584], [127.032553, 37.581527]]]}}, {"type": "Feature", "properties": {"h": 24.2, "area": 38, "kwh": 9338, "p": 0.038}, "geometry": {"type": "Polygon", "coordinates": [[[127.032603, 37.581647], [127.032671, 37.581647], [127.032668, 37.58159], [127.032599, 37.58159], [127.032603, 37.581647]]]}}, {"type": "Feature", "properties": {"h": 16.6, "area": 57, "kwh": 13928, "p": 0.153}, "geometry": {"type": "Polygon", "coordinates": [[[127.03249, 37.581663], [127.032583, 37.581657], [127.032571, 37.581595], [127.032482, 37.581598], [127.03249, 37.581663]]]}}, {"type": "Feature", "properties": {"h": 13.4, "area": 82, "kwh": 20115, "p": 0.332}, "geometry": {"type": "Polygon", "coordinates": [[[127.032621, 37.581727], [127.032743, 37.58173], [127.032747, 37.581663], [127.032616, 37.581661], [127.032621, 37.581727]]]}}, {"type": "Feature", "properties": {"h": 22.8, "area": 53, "kwh": 13090, "p": 0.143}, "geometry": {"type": "Polygon", "coordinates": [[[127.032568, 37.581729], [127.032479, 37.581735], [127.032479, 37.581673], [127.032568, 37.581668], [127.032568, 37.581729]]]}}, {"type": "Feature", "properties": {"h": 28.6, "area": 61, "kwh": 15073, "p": 0.189}, "geometry": {"type": "Polygon", "coordinates": [[[127.032723, 37.581817], [127.032721, 37.581752], [127.032617, 37.581763], [127.032623, 37.581821], [127.032723, 37.581817]]]}}, {"type": "Feature", "properties": {"h": 14.2, "area": 102, "kwh": 24897, "p": 0.402}, "geometry": {"type": "Polygon", "coordinates": [[[127.032619, 37.581947], [127.032726, 37.581937], [127.03273, 37.581848], [127.032611, 37.581852], [127.032619, 37.581947]]]}}, {"type": "Feature", "properties": {"h": 26.4, "area": 77, "kwh": 18938, "p": 0.296}, "geometry": {"type": "Polygon", "coordinates": [[[127.032571, 37.581928], [127.032568, 37.58186], [127.032453, 37.581862], [127.032455, 37.581931], [127.032571, 37.581928]]]}}, {"type": "Feature", "properties": {"h": 6.5, "area": 70, "kwh": 17280, "p": 0.258}, "geometry": {"type": "Polygon", "coordinates": [[[127.032572, 37.581999], [127.032572, 37.581943], [127.03245, 37.581943], [127.032449, 37.582005], [127.032572, 37.581999]]]}}, {"type": "Feature", "properties": {"h": 6.5, "area": 69, "kwh": 16806, "p": 0.231}, "geometry": {"type": "Polygon", "coordinates": [[[127.03257, 37.58183], [127.032558, 37.581759], [127.032458, 37.581768], [127.032465, 37.581833], [127.03257, 37.58183]]]}}, {"type": "Feature", "properties": {"h": 9.8, "area": 106, "kwh": 26069, "p": 0.412}, "geometry": {"type": "Polygon", "coordinates": [[[127.032622, 37.582078], [127.032717, 37.582078], [127.032723, 37.581969], [127.032618, 37.581969], [127.032622, 37.582078]]]}}, {"type": "Feature", "properties": {"h": 25.2, "area": 75, "kwh": 18323, "p": 0.276}, "geometry": {"type": "Polygon", "coordinates": [[[127.032462, 37.582084], [127.032585, 37.58208], [127.032583, 37.58202], [127.032459, 37.58202], [127.032462, 37.582084]]]}}, {"type": "Feature", "properties": {"h": 17.5, "area": 21, "kwh": 5147, "p": 0.0}, "geometry": {"type": "Polygon", "coordinates": [[[127.032634, 37.58213], [127.032566, 37.582132], [127.03257, 37.582101], [127.032635, 37.582096], [127.032634, 37.58213]]]}}, {"type": "Feature", "properties": {"h": 19.8, "area": 1050, "kwh": 257550, "p": 0.841}, "geometry": {"type": "Polygon", "coordinates": [[[127.028345, 37.585237], [127.028587, 37.585358], [127.028839, 37.585039], [127.028597, 37.584918], [127.028345, 37.585237]]]}}, {"type": "Feature", "properties": {"h": 20.9, "area": 746, "kwh": 182948, "p": 0.793}, "geometry": {"type": "Polygon", "coordinates": [[[127.031071, 37.58818], [127.031022, 37.588212], [127.031087, 37.588273], [127.03103, 37.588311], [127.030602, 37.587908], [127.030655, 37.587872], [127.030615, 37.587835], [127.030703, 37.587776], [127.0308, 37.587867], [127.030764, 37.587891], [127.031071, 37.58818]]]}}, {"type": "Feature", "properties": {"h": 16.5, "area": 1243, "kwh": 304841, "p": 0.875}, "geometry": {"type": "Polygon", "coordinates": [[[127.032824, 37.590061], [127.033142, 37.589848], [127.033149, 37.589837], [127.03316, 37.589832], [127.033178, 37.589836], [127.033237, 37.589796], [127.033232, 37.589786], [127.03324, 37.589777], [127.033253, 37.589774], [127.033264, 37.589778], [127.033268, 37.589788], [127.033265, 37.589798], [127.033315, 37.589845], [127.033332, 37.589844], [127.033344, 37.589852], [127.033343, 37.58986], [127.033333, 37.589866], [127.033333, 37.589883], [127.033566, 37.590101], [127.033582, 37.59009], [127.033661, 37.590163], [127.033637, 37.590179], [127.033654, 37.590195], [127.033577, 37.590247], [127.033556, 37.590227], [127.033535, 37.590241], [127.033233, 37.589958], [127.03293, 37.590161], [127.032824, 37.590061]]]}}, {"type": "Feature", "properties": {"h": 16.5, "area": 4724, "kwh": 1158623, "p": 0.99}, "geometry": {"type": "Polygon", "coordinates": [[[127.033829, 37.589558], [127.034042, 37.589416], [127.034085, 37.589388], [127.034125, 37.589363], [127.034323, 37.589237], [127.034592, 37.589062], [127.034814, 37.589277], [127.034965, 37.589449], [127.03481, 37.589553], [127.034751, 37.589593], [127.03466, 37.589654], [127.034229, 37.589943], [127.033829, 37.589558]]]}}, {"type": "Feature", "properties": {"h": 6.6, "area": 1103, "kwh": 270472, "p": 0.849}, "geometry": {"type": "Polygon", "coordinates": [[[127.032651, 37.586922], [127.032762, 37.58685], [127.032662, 37.586754], [127.032803, 37.586663], [127.033125, 37.586975], [127.032874, 37.587138], [127.032806, 37.587072], [127.032651, 37.586922]]]}}, {"type": "Feature", "properties": {"h": 19.8, "area": 1454, "kwh": 356500, "p": 0.887}, "geometry": {"type": "Polygon", "coordinates": [[[127.032012, 37.58679], [127.032234, 37.586641], [127.032653, 37.587031], [127.032589, 37.587074], [127.032432, 37.587181], [127.032208, 37.586972], [127.032012, 37.58679]]]}}, {"type": "Feature", "properties": {"h": 16.5, "area": 2892, "kwh": 709339, "p": 0.972}, "geometry": {"type": "Polygon", "coordinates": [[[127.025902, 37.585867], [127.026123, 37.585569], [127.026008, 37.585515], [127.026132, 37.585348], [127.026903, 37.585709], [127.02703, 37.585768], [127.027162, 37.585828], [127.027063, 37.585962], [127.026388, 37.585647], [127.026141, 37.585979], [127.025902, 37.585867]]]}}, {"type": "Feature", "properties": {"h": 16.5, "area": 1106, "kwh": 271301, "p": 0.851}, "geometry": {"type": "Polygon", "coordinates": [[[127.026288, 37.58607], [127.026357, 37.586071], [127.026356, 37.586114], [127.02695, 37.586121], [127.026951, 37.586087], [127.026994, 37.586087], [127.026996, 37.585987], [127.026633, 37.585982], [127.026635, 37.585897], [127.02637, 37.585894], [127.026368, 37.585979], [127.02629, 37.585978], [127.026288, 37.58607]]]}}, {"type": "Feature", "properties": {"h": 9.9, "area": 612, "kwh": 150144, "p": 0.753}, "geometry": {"type": "Polygon", "coordinates": [[[127.032627, 37.590522], [127.032782, 37.590674], [127.032896, 37.590601], [127.032937, 37.590575], [127.033032, 37.590515], [127.032877, 37.590362], [127.032627, 37.590522]]]}}, {"type": "Feature", "properties": {"h": 9.9, "area": 2583, "kwh": 633603, "p": 0.966}, "geometry": {"type": "Polygon", "coordinates": [[[127.025972, 37.589659], [127.025565, 37.589278], [127.025986, 37.588998], [127.026134, 37.589096], [127.026192, 37.58914], [127.026202, 37.58915], [127.026231, 37.589182], [127.026251, 37.589206], [127.026266, 37.589235], [127.026276, 37.589279], [127.026272, 37.589328], [127.026261, 37.589376], [127.026242, 37.589427], [127.026211, 37.589458], [127.026205, 37.589449], [127.026138, 37.589484], [127.026176, 37.589527], [127.025972, 37.589659]]]}}, {"type": "Feature", "properties": {"h": 16.5, "area": 1675, "kwh": 410759, "p": 0.905}, "geometry": {"type": "Polygon", "coordinates": [[[127.034707, 37.590628], [127.03498, 37.590435], [127.035217, 37.590267], [127.035428, 37.590454], [127.035289, 37.590553], [127.035212, 37.590607], [127.034918, 37.590815], [127.034837, 37.590745], [127.034707, 37.590628]]]}}, {"type": "Feature", "properties": {"h": 16.5, "area": 1143, "kwh": 280275, "p": 0.863}, "geometry": {"type": "Polygon", "coordinates": [[[127.035423, 37.591945], [127.035616, 37.591812], [127.035702, 37.59189], [127.035743, 37.591862], [127.035855, 37.591963], [127.035814, 37.591992], [127.035972, 37.592136], [127.03578, 37.592269], [127.035423, 37.591945]]]}}, {"type": "Feature", "properties": {"h": 9.9, "area": 878, "kwh": 215274, "p": 0.821}, "geometry": {"type": "Polygon", "coordinates": [[[127.035086, 37.592062], [127.035152, 37.592016], [127.035241, 37.591954], [127.035349, 37.59205], [127.035603, 37.592279], [127.035447, 37.592388], [127.035086, 37.592062]]]}}, {"type": "Feature", "properties": {"h": 13.2, "area": 743, "kwh": 182194, "p": 0.791}, "geometry": {"type": "Polygon", "coordinates": [[[127.034498, 37.591381], [127.034571, 37.591329], [127.034644, 37.591276], [127.034662, 37.59129], [127.034692, 37.591317], [127.034869, 37.591472], [127.034855, 37.591482], [127.034941, 37.591557], [127.03499, 37.5916], [127.034879, 37.59168], [127.034743, 37.591561], [127.034722, 37.591576], [127.034498, 37.591381]]]}}, {"type": "Feature", "properties": {"h": 23.1, "area": 1867, "kwh": 458012, "p": 0.928}, "geometry": {"type": "Polygon", "coordinates": [[[127.034, 37.591447], [127.034172, 37.591333], [127.034251, 37.591281], [127.034807, 37.591825], [127.034759, 37.591854], [127.034624, 37.591938], [127.034487, 37.591808], [127.034518, 37.591788], [127.034492, 37.591763], [127.034436, 37.591799], [127.034214, 37.591589], [127.034176, 37.591614], [127.034, 37.591447]]]}}, {"type": "Feature", "properties": {"h": 26.4, "area": 1912, "kwh": 468831, "p": 0.93}, "geometry": {"type": "Polygon", "coordinates": [[[127.026424, 37.58218], [127.026719, 37.582319], [127.026353, 37.58281], [127.026057, 37.582671], [127.026424, 37.58218]]]}}, {"type": "Feature", "properties": {"h": 9.9, "area": 541, "kwh": 132571, "p": 0.728}, "geometry": {"type": "Polygon", "coordinates": [[[127.025437, 37.583065], [127.025619, 37.583143], [127.025459, 37.583379], [127.025277, 37.583301], [127.025437, 37.583065]]]}}, {"type": "Feature", "properties": {"h": 20.9, "area": 518, "kwh": 127079, "p": 0.712}, "geometry": {"type": "Polygon", "coordinates": [[[127.028676, 37.584373], [127.028788, 37.584426], [127.028736, 37.584496], [127.028822, 37.584536], [127.028759, 37.58462], [127.02837, 37.584438], [127.028411, 37.584384], [127.028429, 37.584392], [127.028448, 37.584366], [127.028621, 37.584447], [127.028676, 37.584373]]]}}, {"type": "Feature", "properties": {"h": 19.4, "area": 954, "kwh": 234023, "p": 0.833}, "geometry": {"type": "Polygon", "coordinates": [[[127.028483, 37.58379], [127.02872, 37.583796], [127.028718, 37.583852], [127.028705, 37.584155], [127.028633, 37.584153], [127.028629, 37.58423], [127.028465, 37.584226], [127.028483, 37.58379]]]}}, {"type": "Feature", "properties": {"h": 6.7, "area": 95, "kwh": 23355, "p": 0.384}, "geometry": {"type": "Polygon", "coordinates": [[[127.028122, 37.58445], [127.028227, 37.584495], [127.028178, 37.584567], [127.028073, 37.584522], [127.028122, 37.58445]]]}}, {"type": "Feature", "properties": {"h": 22.3, "area": 360, "kwh": 88221, "p": 0.654}, "geometry": {"type": "Polygon", "coordinates": [[[127.02762, 37.585911], [127.027836, 37.585913], [127.027835, 37.585996], [127.027957, 37.585997], [127.027957, 37.586053], [127.027618, 37.58605], [127.02762, 37.585911]]]}}, {"type": "Feature", "properties": {"h": 19.9, "area": 837, "kwh": 205380, "p": 0.813}, "geometry": {"type": "Polygon", "coordinates": [[[127.028815, 37.584757], [127.028725, 37.584878], [127.028197, 37.584633], [127.028286, 37.584512], [127.028815, 37.584757]]]}}, {"type": "Feature", "properties": {"h": 19.9, "area": 1499, "kwh": 367689, "p": 0.893}, "geometry": {"type": "Polygon", "coordinates": [[[127.026136, 37.588145], [127.026309, 37.588226], [127.026243, 37.588343], [127.026209, 37.588404], [127.026165, 37.588564], [127.026231, 37.588624], [127.026258, 37.588769], [127.026202, 37.588841], [127.02598, 37.58887], [127.025958, 37.588665], [127.025977, 37.588524], [127.026021, 37.588373], [127.026136, 37.588145]]]}}, {"type": "Feature", "properties": {"h": 13.2, "area": 722, "kwh": 177147, "p": 0.785}, "geometry": {"type": "Polygon", "coordinates": [[[127.026621, 37.588011], [127.026702, 37.587956], [127.02672, 37.587944], [127.026762, 37.587916], [127.026434, 37.587612], [127.026394, 37.58764], [127.026354, 37.587666], [127.026293, 37.587708], [127.026566, 37.58796], [127.026591, 37.587984], [127.026621, 37.588011]]]}}, {"type": "Feature", "properties": {"h": 28.6, "area": 1161, "kwh": 284718, "p": 0.869}, "geometry": {"type": "Polygon", "coordinates": [[[127.026367, 37.588186], [127.026468, 37.58812], [127.026476, 37.588115], [127.026511, 37.588092], [127.026477, 37.588059], [127.026452, 37.588035], [127.026, 37.587599], [127.025856, 37.587693], [127.026367, 37.588186]]]}}, {"type": "Feature", "properties": {"h": 21.4, "area": 1114, "kwh": 273181, "p": 0.853}, "geometry": {"type": "Polygon", "coordinates": [[[127.025092, 37.589853], [127.025239, 37.589762], [127.025583, 37.590108], [127.025258, 37.590311], [127.025149, 37.590201], [127.025326, 37.59009], [127.025092, 37.589853]]]}}, {"type": "Feature", "properties": {"h": 9.9, "area": 560, "kwh": 137453, "p": 0.74}, "geometry": {"type": "Polygon", "coordinates": [[[127.026182, 37.591148], [127.026331, 37.591053], [127.026582, 37.591299], [127.026508, 37.591346], [127.026484, 37.591322], [127.026409, 37.59137], [127.026182, 37.591148]]]}}, {"type": "Feature", "properties": {"h": 13.2, "area": 935, "kwh": 229384, "p": 0.831}, "geometry": {"type": "Polygon", "coordinates": [[[127.025507, 37.593684], [127.025702, 37.593556], [127.026008, 37.593847], [127.025813, 37.593975], [127.025507, 37.593684]]]}}, {"type": "Feature", "properties": {"h": 16.5, "area": 1116, "kwh": 273782, "p": 0.855}, "geometry": {"type": "Polygon", "coordinates": [[[127.026072, 37.590902], [127.026205, 37.591023], [127.025872, 37.591253], [127.025727, 37.59125], [127.025535, 37.59107], [127.025689, 37.590967], [127.0258, 37.591071], [127.025828, 37.591071], [127.026072, 37.590902]]]}}, {"type": "Feature", "properties": {"h": 9.9, "area": 1495, "kwh": 366556, "p": 0.891}, "geometry": {"type": "Polygon", "coordinates": [[[127.026108, 37.59274], [127.026464, 37.593089], [127.026495, 37.593069], [127.02673, 37.59292], [127.026374, 37.59257], [127.026108, 37.59274]]]}}, {"type": "Feature", "properties": {"h": 13.2, "area": 1680, "kwh": 412010, "p": 0.907}, "geometry": {"type": "Polygon", "coordinates": [[[127.029812, 37.590926], [127.03008, 37.590888], [127.030458, 37.590834], [127.03049, 37.590972], [127.030448, 37.590978], [127.030477, 37.591107], [127.029872, 37.591192], [127.029812, 37.590926]]]}}, {"type": "Feature", "properties": {"h": 28.8, "area": 355, "kwh": 87009, "p": 0.652}, "geometry": {"type": "Polygon", "coordinates": [[[127.027947, 37.590242], [127.028133, 37.590379], [127.028256, 37.590274], [127.02807, 37.590137], [127.027947, 37.590242]]]}}, {"type": "Feature", "properties": {"h": 18.5, "area": 334, "kwh": 81928, "p": 0.648}, "geometry": {"type": "Polygon", "coordinates": [[[127.03047, 37.590127], [127.030541, 37.590061], [127.030841, 37.590262], [127.03077, 37.590329], [127.03047, 37.590127]]]}}, {"type": "Feature", "properties": {"h": 17.8, "area": 154, "kwh": 37648, "p": 0.497}, "geometry": {"type": "Polygon", "coordinates": [[[127.02803, 37.593498], [127.028119, 37.593465], [127.028205, 37.59361], [127.028116, 37.593643], [127.02803, 37.593498]]]}}, {"type": "Feature", "properties": {"h": 16.5, "area": 780, "kwh": 191211, "p": 0.799}, "geometry": {"type": "Polygon", "coordinates": [[[127.028907, 37.591071], [127.029524, 37.591084], [127.02952, 37.591213], [127.028903, 37.591201], [127.028907, 37.591071]]]}}, {"type": "Feature", "properties": {"h": 16.5, "area": 747, "kwh": 183333, "p": 0.795}, "geometry": {"type": "Polygon", "coordinates": [[[127.028426, 37.591657], [127.029004, 37.591671], [127.028999, 37.591804], [127.028421, 37.591789], [127.028426, 37.591657]]]}}, {"type": "Feature", "properties": {"h": 16.5, "area": 644, "kwh": 157855, "p": 0.765}, "geometry": {"type": "Polygon", "coordinates": [[[127.027819, 37.59131], [127.027945, 37.591227], [127.028271, 37.591537], [127.028146, 37.59162], [127.027819, 37.59131]]]}}, {"type": "Feature", "properties": {"h": 28.8, "area": 148, "kwh": 36333, "p": 0.481}, "geometry": {"type": "Polygon", "coordinates": [[[127.030961, 37.591065], [127.03087, 37.591122], [127.030768, 37.59102], [127.030859, 37.590962], [127.030961, 37.591065]]]}}, {"type": "Feature", "properties": {"h": 23.1, "area": 2302, "kwh": 564517, "p": 0.952}, "geometry": {"type": "Polygon", "coordinates": [[[127.028599, 37.590802], [127.029016, 37.590813], [127.02962, 37.590823], [127.029861, 37.59067], [127.029981, 37.590772], [127.029674, 37.590966], [127.028809, 37.590945], [127.028762, 37.590978], [127.028754, 37.591172], [127.028572, 37.591166], [127.028599, 37.590802]]]}}, {"type": "Feature", "properties": {"h": 9.9, "area": 1186, "kwh": 290776, "p": 0.873}, "geometry": {"type": "Polygon", "coordinates": [[[127.028903, 37.591251], [127.028585, 37.59124], [127.028568, 37.591539], [127.028629, 37.591541], [127.028627, 37.591582], [127.028884, 37.591591], [127.028892, 37.591449], [127.029085, 37.591456], [127.02909, 37.591375], [127.028897, 37.591368], [127.028903, 37.591251]]]}}, {"type": "Feature", "properties": {"h": 19.8, "area": 819, "kwh": 200969, "p": 0.803}, "geometry": {"type": "Polygon", "coordinates": [[[127.028285, 37.592033], [127.028475, 37.591918], [127.028528, 37.591973], [127.028556, 37.591957], [127.028592, 37.591994], [127.028567, 37.592008], [127.028591, 37.592033], [127.028415, 37.59214], [127.028461, 37.592186], [127.028401, 37.592223], [127.028405, 37.592227], [127.028212, 37.592344], [127.028095, 37.592223], [127.028272, 37.592115], [127.028264, 37.592107], [127.028322, 37.592072], [127.028285, 37.592033]]]}}, {"type": "Feature", "properties": {"h": 24.0, "area": 1133, "kwh": 277946, "p": 0.859}, "geometry": {"type": "Polygon", "coordinates": [[[127.030394, 37.588308], [127.030455, 37.588362], [127.03048, 37.588345], [127.03109, 37.588896], [127.031105, 37.588789], [127.031072, 37.588759], [127.031094, 37.588743], [127.031046, 37.5887], [127.031064, 37.588688], [127.030582, 37.588253], [127.030619, 37.588227], [127.030586, 37.588197], [127.030512, 37.588248], [127.030498, 37.588236], [127.030394, 37.588308]]]}}, {"type": "Feature", "properties": {"h": 13.2, "area": 932, "kwh": 228653, "p": 0.829}, "geometry": {"type": "Polygon", "coordinates": [[[127.03051, 37.58906], [127.0307, 37.588929], [127.030883, 37.588803], [127.030647, 37.588588], [127.030512, 37.588682], [127.030582, 37.588746], [127.030519, 37.58879], [127.03057, 37.588836], [127.030485, 37.588895], [127.030513, 37.588921], [127.030424, 37.588982], [127.03051, 37.58906]]]}}, {"type": "Feature", "properties": {"h": 13.2, "area": 282, "kwh": 69126, "p": 0.616}, "geometry": {"type": "Polygon", "coordinates": [[[127.030468, 37.587741], [127.030505, 37.587424], [127.030636, 37.587724], [127.030589, 37.587755], [127.030567, 37.587772], [127.030529, 37.587744], [127.030468, 37.587741]]]}}, {"type": "Feature", "properties": {"h": 11.8, "area": 390, "kwh": 95681, "p": 0.672}, "geometry": {"type": "Polygon", "coordinates": [[[127.030569, 37.588158], [127.030684, 37.588075], [127.030902, 37.588267], [127.030787, 37.588349], [127.030569, 37.588158]]]}}, {"type": "Feature", "properties": {"h": 13.9, "area": 256, "kwh": 62755, "p": 0.608}, "geometry": {"type": "Polygon", "coordinates": [[[127.031837, 37.586588], [127.03192, 37.58659], [127.032019, 37.586594], [127.032097, 37.586596], [127.032098, 37.586577], [127.032143, 37.586579], [127.032146, 37.586509], [127.031841, 37.586499], [127.031837, 37.586588]]]}}, {"type": "Feature", "properties": {"h": 17.0, "area": 167, "kwh": 41004, "p": 0.521}, "geometry": {"type": "Polygon", "coordinates": [[[127.029647, 37.594354], [127.029699, 37.594413], [127.029894, 37.594305], [127.029841, 37.594246], [127.029647, 37.594354]]]}}, {"type": "Feature", "properties": {"h": 13.0, "area": 113, "kwh": 27837, "p": 0.423}, "geometry": {"type": "Polygon", "coordinates": [[[127.030113, 37.5939], [127.030029, 37.593925], [127.030088, 37.594046], [127.030172, 37.594021], [127.030113, 37.5939]]]}}, {"type": "Feature", "properties": {"h": 19.7, "area": 1097, "kwh": 269010, "p": 0.847}, "geometry": {"type": "Polygon", "coordinates": [[[127.029558, 37.594096], [127.029533, 37.594248], [127.028803, 37.594172], [127.028828, 37.594021], [127.029558, 37.594096]]]}}, {"type": "Feature", "properties": {"h": 12.0, "area": 141, "kwh": 34652, "p": 0.465}, "geometry": {"type": "Polygon", "coordinates": [[[127.020477, 37.591375], [127.02065, 37.591363], [127.020661, 37.591445], [127.020491, 37.59146], [127.020477, 37.591375]]]}}, {"type": "Feature", "properties": {"h": 22.6, "area": 1136, "kwh": 278555, "p": 0.861}, "geometry": {"type": "Polygon", "coordinates": [[[127.021081, 37.591395], [127.021384, 37.591402], [127.021382, 37.591442], [127.021367, 37.591637], [127.021334, 37.591636], [127.021312, 37.591925], [127.021185, 37.591919], [127.021111, 37.591894], [127.021149, 37.591585], [127.02113, 37.591583], [127.021142, 37.59149], [127.021079, 37.59147], [127.021081, 37.591395]]]}}, {"type": "Feature", "properties": {"h": 33.0, "area": 1646, "kwh": 403831, "p": 0.901}, "geometry": {"type": "Polygon", "coordinates": [[[127.021663, 37.591765], [127.022579, 37.591632], [127.022543, 37.591451], [127.021624, 37.591589], [127.021663, 37.591765]]]}}, {"type": "Feature", "properties": {"h": 24.2, "area": 928, "kwh": 227612, "p": 0.827}, "geometry": {"type": "Polygon", "coordinates": [[[127.021681, 37.590845], [127.021267, 37.590913], [127.021243, 37.590817], [127.021315, 37.590806], [127.0213, 37.590748], [127.0215, 37.590714], [127.02167, 37.590684], [127.021712, 37.590719], [127.021771, 37.59068], [127.02187, 37.590775], [127.021817, 37.59081], [127.021864, 37.590855], [127.021762, 37.590922], [127.021681, 37.590845]]]}}, {"type": "Feature", "properties": {"h": 20.2, "area": 878, "kwh": 215248, "p": 0.819}, "geometry": {"type": "Polygon", "coordinates": [[[127.02135, 37.592648], [127.021216, 37.592281], [127.021203, 37.591952], [127.021334, 37.59194], [127.021346, 37.592271], [127.021468, 37.592632], [127.02135, 37.592648]]]}}, {"type": "Feature", "properties": {"h": 29.0, "area": 559, "kwh": 137107, "p": 0.738}, "geometry": {"type": "Polygon", "coordinates": [[[127.021574, 37.592233], [127.021549, 37.592126], [127.022037, 37.592049], [127.022074, 37.592165], [127.021574, 37.592233]]]}}, {"type": "Feature", "properties": {"h": 7.2, "area": 679, "kwh": 166622, "p": 0.771}, "geometry": {"type": "Polygon", "coordinates": [[[127.022119, 37.592181], [127.022062, 37.591927], [127.022499, 37.591865], [127.022524, 37.591978], [127.022217, 37.592021], [127.022248, 37.592163], [127.022119, 37.592181]]]}}, {"type": "Feature", "properties": {"h": 20.9, "area": 263, "kwh": 64441, "p": 0.61}, "geometry": {"type": "Polygon", "coordinates": [[[127.020493, 37.591476], [127.020653, 37.591461], [127.020674, 37.591628], [127.020514, 37.591642], [127.020493, 37.591476]]]}}, {"type": "Feature", "properties": {"h": 11.8, "area": 188, "kwh": 46183, "p": 0.553}, "geometry": {"type": "Polygon", "coordinates": [[[127.020516, 37.591679], [127.020693, 37.591663], [127.020708, 37.591771], [127.020532, 37.591787], [127.020516, 37.591679]]]}}, {"type": "Feature", "properties": {"h": 7.4, "area": 158, "kwh": 38846, "p": 0.503}, "geometry": {"type": "Polygon", "coordinates": [[[127.020531, 37.591807], [127.020715, 37.591789], [127.020728, 37.591876], [127.020544, 37.591894], [127.020531, 37.591807]]]}}, {"type": "Feature", "properties": {"h": 7.2, "area": 138, "kwh": 33736, "p": 0.461}, "geometry": {"type": "Polygon", "coordinates": [[[127.020747, 37.591878], [127.020735, 37.591788], [127.02089, 37.591775], [127.020902, 37.591865], [127.020747, 37.591878]]]}}, {"type": "Feature", "properties": {"h": 20.2, "area": 165, "kwh": 40445, "p": 0.515}, "geometry": {"type": "Polygon", "coordinates": [[[127.020726, 37.591769], [127.020708, 37.591662], [127.020864, 37.591646], [127.020882, 37.591752], [127.020726, 37.591769]]]}}, {"type": "Feature", "properties": {"h": 24.5, "area": 194, "kwh": 47536, "p": 0.563}, "geometry": {"type": "Polygon", "coordinates": [[[127.020544, 37.59192], [127.020721, 37.591901], [127.02074, 37.592011], [127.020562, 37.59203], [127.020544, 37.59192]]]}}, {"type": "Feature", "properties": {"h": 16.8, "area": 181, "kwh": 44285, "p": 0.541}, "geometry": {"type": "Polygon", "coordinates": [[[127.020764, 37.592019], [127.020748, 37.591898], [127.0209, 37.591886], [127.020915, 37.592007], [127.020764, 37.592019]]]}}, {"type": "Feature", "properties": {"h": 16.1, "area": 703, "kwh": 172344, "p": 0.779}, "geometry": {"type": "Polygon", "coordinates": [[[127.020502, 37.593839], [127.020465, 37.593514], [127.020685, 37.593496], [127.020723, 37.593818], [127.020502, 37.593839]]]}}, {"type": "Feature", "properties": {"h": 14.4, "area": 245, "kwh": 60028, "p": 0.604}, "geometry": {"type": "Polygon", "coordinates": [[[127.020333, 37.592522], [127.020314, 37.592402], [127.02052, 37.592382], [127.020539, 37.592502], [127.020333, 37.592522]]]}}, {"type": "Feature", "properties": {"h": 11.8, "area": 286, "kwh": 70171, "p": 0.62}, "geometry": {"type": "Polygon", "coordinates": [[[127.020319, 37.592378], [127.020294, 37.592227], [127.020485, 37.592207], [127.02051, 37.592358], [127.020319, 37.592378]]]}}, {"type": "Feature", "properties": {"h": 19.0, "area": 154, "kwh": 37805, "p": 0.499}, "geometry": {"type": "Polygon", "coordinates": [[[127.020697, 37.591554], [127.020682, 37.591453], [127.020837, 37.591439], [127.020851, 37.59154], [127.020697, 37.591554]]]}}, {"type": "Feature", "properties": {"h": 8.4, "area": 94, "kwh": 23178, "p": 0.382}, "geometry": {"type": "Polygon", "coordinates": [[[127.020698, 37.591631], [127.020691, 37.591571], [127.020851, 37.591558], [127.020858, 37.591618], [127.020698, 37.591631]]]}}, {"type": "Feature", "properties": {"h": 25.7, "area": 168, "kwh": 41091, "p": 0.523}, "geometry": {"type": "Polygon", "coordinates": [[[127.020783, 37.592173], [127.020765, 37.592041], [127.020847, 37.592034], [127.020853, 37.592078], [127.020923, 37.592072], [127.020935, 37.59216], [127.020783, 37.592173]]]}}, {"type": "Feature", "properties": {"h": 28.1, "area": 120, "kwh": 29470, "p": 0.443}, "geometry": {"type": "Polygon", "coordinates": [[[127.020603, 37.592335], [127.02079, 37.592316], [127.020779, 37.592251], [127.020593, 37.59227], [127.020603, 37.592335]]]}}, {"type": "Feature", "properties": {"h": 27.6, "area": 103, "kwh": 25161, "p": 0.406}, "geometry": {"type": "Polygon", "coordinates": [[[127.02059, 37.592257], [127.020778, 37.592237], [127.020769, 37.592182], [127.020581, 37.592202], [127.02059, 37.592257]]]}}, {"type": "Feature", "properties": {"h": 25.7, "area": 255, "kwh": 62556, "p": 0.606}, "geometry": {"type": "Polygon", "coordinates": [[[127.0206, 37.592358], [127.020785, 37.592341], [127.020805, 37.59248], [127.02062, 37.592498], [127.0206, 37.592358]]]}}, {"type": "Feature", "properties": {"h": 13.0, "area": 193, "kwh": 47267, "p": 0.561}, "geometry": {"type": "Polygon", "coordinates": [[[127.020829, 37.592472], [127.020968, 37.59246], [127.020949, 37.59232], [127.020809, 37.592332], [127.020829, 37.592472]]]}}, {"type": "Feature", "properties": {"h": 13.2, "area": 166, "kwh": 40678, "p": 0.519}, "geometry": {"type": "Polygon", "coordinates": [[[127.020804, 37.592308], [127.020949, 37.592293], [127.020931, 37.592178], [127.020786, 37.592192], [127.020804, 37.592308]]]}}, {"type": "Feature", "properties": {"h": 26.2, "area": 234, "kwh": 57424, "p": 0.598}, "geometry": {"type": "Polygon", "coordinates": [[[127.020575, 37.592177], [127.020556, 37.592051], [127.020744, 37.592034], [127.020763, 37.59216], [127.020575, 37.592177]]]}}, {"type": "Feature", "properties": {"h": 22.3, "area": 334, "kwh": 81936, "p": 0.65}, "geometry": {"type": "Polygon", "coordinates": [[[127.020954, 37.590803], [127.021216, 37.590767], [127.021202, 37.590638], [127.020936, 37.590677], [127.020954, 37.590803]]]}}, {"type": "Feature", "properties": {"h": 25.2, "area": 516, "kwh": 126508, "p": 0.71}, "geometry": {"type": "Polygon", "coordinates": [[[127.022721, 37.59157], [127.022714, 37.591431], [127.023094, 37.59142], [127.023101, 37.591559], [127.022721, 37.59157]]]}}, {"type": "Feature", "properties": {"h": 7.4, "area": 670, "kwh": 164268, "p": 0.769}, "geometry": {"type": "Polygon", "coordinates": [[[127.022713, 37.59128], [127.022704, 37.591132], [127.023167, 37.591114], [127.023176, 37.591262], [127.022713, 37.59128]]]}}, {"type": "Feature", "properties": {"h": 19.2, "area": 507, "kwh": 124393, "p": 0.702}, "geometry": {"type": "Polygon", "coordinates": [[[127.022687, 37.590971], [127.022684, 37.5908], [127.022989, 37.590797], [127.022992, 37.590967], [127.022687, 37.590971]]]}}, {"type": "Feature", "properties": {"h": 24.5, "area": 2041, "kwh": 500608, "p": 0.938}, "geometry": {"type": "Polygon", "coordinates": [[[127.022471, 37.590791], [127.022395, 37.590082], [127.02278, 37.590056], [127.02279, 37.590152], [127.023018, 37.590124], [127.023043, 37.590575], [127.022962, 37.590583], [127.022921, 37.590194], [127.022827, 37.5902], [127.02283, 37.59017], [127.02277, 37.590178], [127.022776, 37.590236], [127.02259, 37.590249], [127.022647, 37.590779], [127.022471, 37.590791]]]}}, {"type": "Feature", "properties": {"h": 26.4, "area": 463, "kwh": 113644, "p": 0.696}, "geometry": {"type": "Polygon", "coordinates": [[[127.023115, 37.590329], [127.023107, 37.590185], [127.023414, 37.590174], [127.023418, 37.590254], [127.023467, 37.590253], [127.023471, 37.590317], [127.023115, 37.590329]]]}}, {"type": "Feature", "properties": {"h": 22.6, "area": 603, "kwh": 147790, "p": 0.751}, "geometry": {"type": "Polygon", "coordinates": [[[127.021173, 37.592098], [127.021023, 37.592116], [127.021084, 37.592534], [127.021224, 37.59252], [127.021173, 37.592098]]]}}, {"type": "Feature", "properties": {"h": 39.6, "area": 1847, "kwh": 452890, "p": 0.922}, "geometry": {"type": "Polygon", "coordinates": [[[127.030853, 37.586926], [127.03086, 37.58661], [127.030902, 37.58661], [127.030903, 37.586564], [127.031008, 37.586565], [127.031009, 37.586492], [127.031278, 37.586495], [127.031276, 37.586547], [127.031361, 37.586548], [127.031359, 37.58661], [127.031358, 37.58665], [127.031291, 37.586688], [127.031292, 37.586779], [127.031183, 37.586852], [127.031098, 37.586855], [127.031099, 37.58691], [127.030986, 37.586911], [127.030987, 37.586985], [127.030822, 37.587102], [127.030787, 37.587072], [127.030725, 37.587017], [127.030853, 37.586926]]]}}, {"type": "Feature", "properties": {"h": 23.1, "area": 1572, "kwh": 385560, "p": 0.899}, "geometry": {"type": "Polygon", "coordinates": [[[127.02478, 37.586066], [127.024888, 37.585919], [127.024794, 37.585876], [127.024777, 37.58553], [127.024818, 37.585474], [127.024575, 37.585364], [127.024505, 37.585461], [127.024569, 37.585969], [127.02478, 37.586066]]]}}, {"type": "Feature", "properties": {"h": 23.1, "area": 2784, "kwh": 682901, "p": 0.97}, "geometry": {"type": "Polygon", "coordinates": [[[127.034515, 37.590946], [127.034234, 37.59069], [127.034054, 37.590524], [127.033786, 37.590703], [127.034057, 37.590944], [127.03391, 37.591057], [127.03378, 37.591153], [127.03386, 37.591216], [127.033832, 37.591236], [127.033909, 37.591299], [127.033937, 37.591283], [127.033982, 37.59132], [127.034515, 37.590946]]]}}, {"type": "Feature", "properties": {"h": 16.5, "area": 2371, "kwh": 581485, "p": 0.956}, "geometry": {"type": "Polygon", "coordinates": [[[127.035222, 37.591088], [127.034942, 37.590842], [127.035238, 37.590632], [127.035315, 37.590577], [127.035539, 37.590417], [127.035606, 37.590369], [127.035658, 37.590333], [127.035759, 37.590421], [127.035494, 37.590609], [127.035673, 37.590767], [127.035222, 37.591088]]]}}, {"type": "Feature", "properties": {"h": 16.5, "area": 2557, "kwh": 627153, "p": 0.964}, "geometry": {"type": "Polygon", "coordinates": [[[127.035782, 37.590614], [127.036041, 37.590787], [127.036048, 37.59058], [127.036093, 37.590581], [127.036091, 37.590427], [127.036053, 37.590427], [127.036055, 37.590363], [127.036048, 37.59032], [127.036033, 37.590275], [127.036018, 37.590226], [127.035973, 37.59013], [127.035926, 37.59004], [127.035798, 37.589853], [127.035669, 37.589745], [127.035496, 37.589862], [127.035656, 37.590002], [127.035595, 37.590054], [127.035672, 37.590155], [127.035734, 37.590236], [127.035779, 37.590349], [127.035782, 37.590614]]]}}, {"type": "Feature", "properties": {"h": 19.8, "area": 2388, "kwh": 585689, "p": 0.958}, "geometry": {"type": "Polygon", "coordinates": [[[127.03127, 37.588556], [127.031608, 37.588318], [127.032102, 37.588759], [127.031566, 37.589136], [127.031447, 37.58903], [127.031846, 37.588749], [127.031779, 37.588688], [127.031626, 37.588796], [127.03152, 37.588702], [127.031679, 37.58859], [127.031591, 37.588511], [127.031383, 37.588657], [127.03127, 37.588556]]]}}, {"type": "Feature", "properties": {"h": 0.0, "area": 9542, "kwh": 2340403, "p": 0.998}, "geometry": {"type": "Polygon", "coordinates": [[[127.032666, 37.588543], [127.03289, 37.588387], [127.032777, 37.588283], [127.032834, 37.588245], [127.032893, 37.588207], [127.033001, 37.58831], [127.033218, 37.588162], [127.033277, 37.588216], [127.033344, 37.588276], [127.033418, 37.588227], [127.034065, 37.588828], [127.034001, 37.588879], [127.034064, 37.588933], [127.034196, 37.589053], [127.033957, 37.589219], [127.034125, 37.589363], [127.034085, 37.589388], [127.034042, 37.589416], [127.033878, 37.589274], [127.033644, 37.589433], [127.032666, 37.588543]]]}}, {"type": "Feature", "properties": {"h": 16.5, "area": 434, "kwh": 106419, "p": 0.69}, "geometry": {"type": "Polygon", "coordinates": [[[127.030344, 37.586703], [127.030604, 37.586807], [127.030577, 37.586849], [127.030584, 37.586852], [127.030603, 37.586822], [127.030631, 37.586834], [127.030616, 37.586858], [127.03063, 37.586863], [127.030645, 37.58684], [127.03066, 37.586847], [127.030644, 37.586872], [127.030684, 37.586888], [127.030748, 37.586789], [127.03072, 37.586778], [127.030733, 37.586758], [127.030641, 37.586721], [127.030628, 37.58674], [127.030618, 37.586736], [127.030641, 37.5867], [127.030405, 37.586606], [127.030344, 37.586703]]]}}, {"type": "Feature", "properties": {"h": 27.1, "area": 330, "kwh": 80996, "p": 0.646}, "geometry": {"type": "Polygon", "coordinates": [[[127.032978, 37.582575], [127.033051, 37.582481], [127.033321, 37.582612], [127.033377, 37.58263], [127.033317, 37.582678], [127.033317, 37.582695], [127.033265, 37.582678], [127.032978, 37.582575]]]}}, {"type": "Feature", "properties": {"h": 9.9, "area": 1056, "kwh": 258989, "p": 0.843}, "geometry": {"type": "Polygon", "coordinates": [[[127.034511, 37.591048], [127.034571, 37.591006], [127.034651, 37.59095], [127.034862, 37.591138], [127.035067, 37.591322], [127.035006, 37.591365], [127.035038, 37.591398], [127.034979, 37.591437], [127.034958, 37.591416], [127.034993, 37.591393], [127.034983, 37.591383], [127.03493, 37.591418], [127.034763, 37.591267], [127.034733, 37.59124], [127.034616, 37.591136], [127.034485, 37.591228], [127.034413, 37.591164], [127.034541, 37.591075], [127.034511, 37.591048]]]}}, {"type": "Feature", "properties": {"h": 13.2, "area": 543, "kwh": 133254, "p": 0.732}, "geometry": {"type": "Polygon", "coordinates": [[[127.03378, 37.591153], [127.033544, 37.590953], [127.033571, 37.590938], [127.033532, 37.590902], [127.033626, 37.590838], [127.03366, 37.59087], [127.033687, 37.590851], [127.03391, 37.591057], [127.03378, 37.591153]]]}}, {"type": "Feature", "properties": {"h": 17.5, "area": 1067, "kwh": 261585, "p": 0.845}, "geometry": {"type": "Polygon", "coordinates": [[[127.022054, 37.592578], [127.022059, 37.59271], [127.021652, 37.592761], [127.02133, 37.593122], [127.021244, 37.593084], [127.021636, 37.592621], [127.022054, 37.592578]]]}}, {"type": "Feature", "properties": {"h": 15.6, "area": 716, "kwh": 175640, "p": 0.783}, "geometry": {"type": "Polygon", "coordinates": [[[127.021996, 37.590701], [127.022162, 37.590369], [127.022242, 37.590427], [127.022296, 37.590655], [127.022131, 37.590813], [127.021996, 37.590701]]]}}, {"type": "Feature", "properties": {"h": 16.5, "area": 164, "kwh": 40336, "p": 0.511}, "geometry": {"type": "Polygon", "coordinates": [[[127.028464, 37.582745], [127.02864, 37.582687], [127.02862, 37.58265], [127.028596, 37.582658], [127.028585, 37.582637], [127.028564, 37.582643], [127.028546, 37.582608], [127.028415, 37.582651], [127.028464, 37.582745]]]}}, {"type": "Feature", "properties": {"h": 12.2, "area": 39, "kwh": 9575, "p": 0.042}, "geometry": {"type": "Polygon", "coordinates": [[[127.02056, 37.587765], [127.020606, 37.587695], [127.020648, 37.587711], [127.020606, 37.587784], [127.020558, 37.587768], [127.02056, 37.587765]]]}}, {"type": "Feature", "properties": {"h": 6.0, "area": 144, "kwh": 35383, "p": 0.477}, "geometry": {"type": "Polygon", "coordinates": [[[127.02171, 37.586386], [127.021848, 37.586425], [127.02189, 37.586329], [127.021756, 37.586291], [127.021751, 37.586301], [127.021749, 37.5863], [127.02171, 37.586386]]]}}, {"type": "Feature", "properties": {"h": 17.3, "area": 100, "kwh": 24441, "p": 0.398}, "geometry": {"type": "Polygon", "coordinates": [[[127.021746, 37.586402], [127.021852, 37.58643], [127.021849, 37.586436], [127.021861, 37.58644], [127.021837, 37.586496], [127.021799, 37.58651], [127.021797, 37.586513], [127.021754, 37.586502], [127.021756, 37.586497], [127.021722, 37.586487], [127.02174, 37.586447], [127.021727, 37.586443], [127.021746, 37.586402]]]}}, {"type": "Feature", "properties": {"h": 29.0, "area": 36, "kwh": 8913, "p": 0.03}, "geometry": {"type": "Polygon", "coordinates": [[[127.021794, 37.586726], [127.021778, 37.58673], [127.021727, 37.586713], [127.021757, 37.586656], [127.021805, 37.586672], [127.021794, 37.586726]]]}}, {"type": "Feature", "properties": {"h": 20.4, "area": 60, "kwh": 14828, "p": 0.175}, "geometry": {"type": "Polygon", "coordinates": [[[127.020631, 37.587701], [127.020607, 37.587691], [127.020599, 37.587704], [127.020541, 37.587682], [127.020577, 37.587617], [127.020661, 37.587648], [127.020631, 37.587701]]]}}, {"type": "Feature", "properties": {"h": 28.3, "area": 90, "kwh": 22141, "p": 0.368}, "geometry": {"type": "Polygon", "coordinates": [[[127.020731, 37.588701], [127.020719, 37.58871], [127.020717, 37.588715], [127.020715, 37.588717], [127.020702, 37.588726], [127.0207, 37.588728], [127.020698, 37.588728], [127.020688, 37.588736], [127.020687, 37.588735], [127.020662, 37.588751], [127.020652, 37.588755], [127.02058, 37.588696], [127.020657, 37.588636], [127.020731, 37.588701]]]}}, {"type": "Feature", "properties": {"h": 27.8, "area": 90, "kwh": 22019, "p": 0.364}, "geometry": {"type": "Polygon", "coordinates": [[[127.02212, 37.585276], [127.022161, 37.585285], [127.02216, 37.585288], [127.022175, 37.585291], [127.022197, 37.585304], [127.022216, 37.585358], [127.022207, 37.585382], [127.022089, 37.585368], [127.02212, 37.585276]]]}}, {"type": "Feature", "properties": {"h": 12.2, "area": 213, "kwh": 52312, "p": 0.586}, "geometry": {"type": "Polygon", "coordinates": [[[127.020856, 37.587765], [127.020875, 37.587727], [127.020683, 37.587662], [127.020631, 37.587758], [127.020827, 37.587823], [127.020856, 37.587765]]]}}, {"type": "Feature", "properties": {"h": 6.2, "area": 291, "kwh": 71368, "p": 0.622}, "geometry": {"type": "Polygon", "coordinates": [[[127.021253, 37.585822], [127.02125, 37.585803], [127.021255, 37.585776], [127.02127, 37.585751], [127.02129, 37.585733], [127.021369, 37.58575], [127.02137, 37.585756], [127.021496, 37.585788], [127.021453, 37.585909], [127.021339, 37.585895], [127.021312, 37.585886], [127.021288, 37.585873], [127.021262, 37.585842], [127.021253, 37.585822]]]}}, {"type": "Feature", "properties": {"h": 16.3, "area": 220, "kwh": 53872, "p": 0.592}, "geometry": {"type": "Polygon", "coordinates": [[[127.020818, 37.587333], [127.020802, 37.587328], [127.020812, 37.587309], [127.020681, 37.587262], [127.02063, 37.587362], [127.020631, 37.587373], [127.020635, 37.587388], [127.020642, 37.587402], [127.02065, 37.587408], [127.020763, 37.587448], [127.020784, 37.587408], [127.020782, 37.587407], [127.020794, 37.58738], [127.020799, 37.587382], [127.020819, 37.587341], [127.020816, 37.587339], [127.020818, 37.587333]]]}}, {"type": "Feature", "properties": {"h": 24.7, "area": 28, "kwh": 6928, "p": 0.012}, "geometry": {"type": "Polygon", "coordinates": [[[127.021505, 37.586182], [127.021393, 37.586152], [127.021384, 37.586176], [127.021496, 37.586205], [127.021505, 37.586182]]]}}, {"type": "Feature", "properties": {"h": 18.2, "area": 273, "kwh": 66974, "p": 0.614}, "geometry": {"type": "Polygon", "coordinates": [[[127.021517, 37.58574], [127.021555, 37.585626], [127.021327, 37.585577], [127.021286, 37.58569], [127.021517, 37.58574]]]}}, {"type": "Feature", "properties": {"h": 24.5, "area": 77, "kwh": 18911, "p": 0.292}, "geometry": {"type": "Polygon", "coordinates": [[[127.021449, 37.587513], [127.021487, 37.587528], [127.021469, 37.58756], [127.021508, 37.587572], [127.021525, 37.587541], [127.021557, 37.587553], [127.021519, 37.587624], [127.021409, 37.587586], [127.021449, 37.587513]]]}}, {"type": "Feature", "properties": {"h": 22.1, "area": 171, "kwh": 41908, "p": 0.527}, "geometry": {"type": "Polygon", "coordinates": [[[127.021543, 37.586371], [127.021585, 37.586274], [127.021589, 37.586275], [127.021593, 37.586268], [127.021588, 37.586266], [127.02161, 37.586217], [127.021509, 37.586188], [127.021442, 37.586343], [127.021543, 37.586371]]]}}, {"type": "Feature", "properties": {"h": 21.8, "area": 69, "kwh": 16952, "p": 0.237}, "geometry": {"type": "Polygon", "coordinates": [[[127.021965, 37.586024], [127.021947, 37.586064], [127.021793, 37.586022], [127.021811, 37.58598], [127.021965, 37.586024]]]}}, {"type": "Feature", "properties": {"h": 6.5, "area": 181, "kwh": 44324, "p": 0.543}, "geometry": {"type": "Polygon", "coordinates": [[[127.020839, 37.587269], [127.020695, 37.58722], [127.020742, 37.58714], [127.020801, 37.587119], [127.020878, 37.587149], [127.020886, 37.587149], [127.020891, 37.587151], [127.020894, 37.587154], [127.020895, 37.587155], [127.020901, 37.587158], [127.020839, 37.587269]]]}}, {"type": "Feature", "properties": {"h": 19.9, "area": 74, "kwh": 18134, "p": 0.272}, "geometry": {"type": "Polygon", "coordinates": [[[127.021712, 37.587081], [127.021677, 37.58715], [127.021582, 37.587119], [127.02162, 37.58705], [127.021712, 37.587081]]]}}, {"type": "Feature", "properties": {"h": 27.4, "area": 68, "kwh": 16580, "p": 0.223}, "geometry": {"type": "Polygon", "coordinates": [[[127.021595, 37.587479], [127.021618, 37.587437], [127.021558, 37.587416], [127.021573, 37.587387], [127.021527, 37.587371], [127.021489, 37.587443], [127.021595, 37.587479]]]}}, {"type": "Feature", "properties": {"h": 23.3, "area": 65, "kwh": 15938, "p": 0.203}, "geometry": {"type": "Polygon", "coordinates": [[[127.021577, 37.585875], [127.021664, 37.585896], [127.021646, 37.585944], [127.021649, 37.585945], [127.02164, 37.585966], [127.021549, 37.585942], [127.021577, 37.585875]]]}}, {"type": "Feature", "properties": {"h": 25.4, "area": 74, "kwh": 18050, "p": 0.268}, "geometry": {"type": "Polygon", "coordinates": [[[127.021186, 37.588065], [127.021229, 37.588079], [127.021247, 37.588114], [127.021212, 37.58818], [127.021135, 37.588151], [127.021186, 37.588065]]]}}, {"type": "Feature", "properties": {"h": 15.6, "area": 70, "kwh": 17260, "p": 0.256}, "geometry": {"type": "Polygon", "coordinates": [[[127.021327, 37.587964], [127.021304, 37.588006], [127.021253, 37.58802], [127.021192, 37.587999], [127.021232, 37.587932], [127.021327, 37.587964]]]}}, {"type": "Feature", "properties": {"h": 9.4, "area": 76, "kwh": 18604, "p": 0.284}, "geometry": {"type": "Polygon", "coordinates": [[[127.021447, 37.587755], [127.021413, 37.587818], [127.021305, 37.587782], [127.021344, 37.58771], [127.021386, 37.587724], [127.021367, 37.587758], [127.021401, 37.587769], [127.021419, 37.587735], [127.021441, 37.587742], [127.021447, 37.587755]]]}}, {"type": "Feature", "properties": {"h": 12.5, "area": 70, "kwh": 17118, "p": 0.247}, "geometry": {"type": "Polygon", "coordinates": [[[127.021664, 37.586826], [127.021626, 37.586889], [127.021632, 37.586891], [127.021636, 37.586894], [127.02164, 37.586898], [127.021645, 37.586899], [127.02165, 37.5869], [127.021654, 37.586899], [127.021698, 37.586914], [127.021743, 37.586894], [127.021761, 37.586858], [127.021664, 37.586826]]]}}, {"type": "Feature", "properties": {"h": 27.8, "area": 32, "kwh": 7862, "p": 0.016}, "geometry": {"type": "Polygon", "coordinates": [[[127.021426, 37.585439], [127.021373, 37.585426], [127.021352, 37.585484], [127.021404, 37.585496], [127.021426, 37.585439]]]}}, {"type": "Feature", "properties": {"h": 11.3, "area": 49, "kwh": 12042, "p": 0.111}, "geometry": {"type": "Polygon", "coordinates": [[[127.021335, 37.586504], [127.021266, 37.586479], [127.02128, 37.586452], [127.021313, 37.586461], [127.021322, 37.586441], [127.021296, 37.586432], [127.021307, 37.58641], [127.021374, 37.586432], [127.021335, 37.586504]]]}}, {"type": "Feature", "properties": {"h": 6.0, "area": 120, "kwh": 29321, "p": 0.441}, "geometry": {"type": "Polygon", "coordinates": [[[127.021098, 37.588397], [127.021068, 37.588451], [127.021023, 37.588455], [127.02091, 37.588412], [127.020946, 37.588343], [127.021098, 37.588397]]]}}, {"type": "Feature", "properties": {"h": 6.0, "area": 143, "kwh": 35164, "p": 0.471}, "geometry": {"type": "Polygon", "coordinates": [[[127.021292, 37.586287], [127.021198, 37.586259], [127.021256, 37.586124], [127.021283, 37.586131], [127.021286, 37.586127], [127.021352, 37.586147], [127.021292, 37.586287]]]}}, {"type": "Feature", "properties": {"h": 27.8, "area": 312, "kwh": 76500, "p": 0.636}, "geometry": {"type": "Polygon", "coordinates": [[[127.020949, 37.587091], [127.02082, 37.587045], [127.020793, 37.587005], [127.02084, 37.586873], [127.021033, 37.586934], [127.020949, 37.587091]]]}}, {"type": "Feature", "properties": {"h": 27.4, "area": 45, "kwh": 11143, "p": 0.064}, "geometry": {"type": "Polygon", "coordinates": [[[127.02094, 37.586796], [127.020882, 37.586775], [127.020893, 37.58673], [127.02094, 37.586717], [127.020975, 37.58673], [127.02094, 37.586796]]]}}, {"type": "Feature", "properties": {"h": 14.9, "area": 41, "kwh": 10153, "p": 0.052}, "geometry": {"type": "Polygon", "coordinates": [[[127.021736, 37.586759], [127.021776, 37.586773], [127.021757, 37.586814], [127.021772, 37.58682], [127.021761, 37.586856], [127.0217, 37.586832], [127.021736, 37.586759]]]}}, {"type": "Feature", "properties": {"h": 13.0, "area": 94, "kwh": 22989, "p": 0.378}, "geometry": {"type": "Polygon", "coordinates": [[[127.021001, 37.58683], [127.020981, 37.586868], [127.02099, 37.586871], [127.020981, 37.58689], [127.020972, 37.586887], [127.020965, 37.5869], [127.020935, 37.58689], [127.020937, 37.586883], [127.020845, 37.586853], [127.020877, 37.586789], [127.021001, 37.58683]]]}}, {"type": "Feature", "properties": {"h": 18.0, "area": 132, "kwh": 32420, "p": 0.455}, "geometry": {"type": "Polygon", "coordinates": [[[127.020612, 37.588755], [127.020545, 37.588806], [127.020533, 37.588809], [127.020525, 37.588808], [127.020514, 37.588806], [127.020426, 37.588729], [127.020505, 37.588668], [127.020612, 37.588755]]]}}, {"type": "Feature", "properties": {"h": 19.4, "area": 82, "kwh": 20050, "p": 0.33}, "geometry": {"type": "Polygon", "coordinates": [[[127.021142, 37.586108], [127.021243, 37.586136], [127.021217, 37.586197], [127.021089, 37.586163], [127.021101, 37.586131], [127.021142, 37.586108]]]}}, {"type": "Feature", "properties": {"h": 14.4, "area": 47, "kwh": 11537, "p": 0.076}, "geometry": {"type": "Polygon", "coordinates": [[[127.021052, 37.586525], [127.020994, 37.586505], [127.020982, 37.586526], [127.021003, 37.586535], [127.020989, 37.586555], [127.020961, 37.586546], [127.020951, 37.586576], [127.021015, 37.586599], [127.021052, 37.586525]]]}}, {"type": "Feature", "properties": {"h": 6.0, "area": 86, "kwh": 20982, "p": 0.354}, "geometry": {"type": "Polygon", "coordinates": [[[127.020555, 37.587762], [127.02059, 37.587702], [127.020474, 37.587657], [127.020436, 37.587719], [127.020555, 37.587762]]]}}, {"type": "Feature", "properties": {"h": 12.0, "area": 107, "kwh": 26317, "p": 0.414}, "geometry": {"type": "Polygon", "coordinates": [[[127.021759, 37.586252], [127.021658, 37.586224], [127.021616, 37.586322], [127.021715, 37.58635], [127.021759, 37.586252]]]}}, {"type": "Feature", "properties": {"h": 7.4, "area": 148, "kwh": 36352, "p": 0.483}, "geometry": {"type": "Polygon", "coordinates": [[[127.021102, 37.588194], [127.021195, 37.588228], [127.021121, 37.588365], [127.021029, 37.588334], [127.021102, 37.588194]]]}}, {"type": "Feature", "properties": {"h": 11.5, "area": 160, "kwh": 39263, "p": 0.505}, "geometry": {"type": "Polygon", "coordinates": [[[127.02105, 37.586938], [127.021125, 37.586965], [127.021079, 37.587051], [127.021106, 37.587061], [127.021069, 37.587129], [127.020963, 37.587092], [127.02105, 37.586938]]]}}, {"type": "Feature", "properties": {"h": 16.6, "area": 59, "kwh": 14391, "p": 0.165}, "geometry": {"type": "Polygon", "coordinates": [[[127.021658, 37.585986], [127.021685, 37.585922], [127.021769, 37.585945], [127.021743, 37.586009], [127.021658, 37.585986]]]}}, {"type": "Feature", "properties": {"h": 6.7, "area": 65, "kwh": 15991, "p": 0.207}, "geometry": {"type": "Polygon", "coordinates": [[[127.021124, 37.586431], [127.021151, 37.586381], [127.021054, 37.586342], [127.021033, 37.586347], [127.021016, 37.586389], [127.021124, 37.586431]]]}}, {"type": "Feature", "properties": {"h": 13.9, "area": 56, "kwh": 13715, "p": 0.149}, "geometry": {"type": "Polygon", "coordinates": [[[127.021108, 37.586433], [127.021011, 37.586404], [127.020993, 37.586452], [127.020997, 37.58646], [127.021078, 37.586488], [127.021108, 37.586433]]]}}, {"type": "Feature", "properties": {"h": 19.4, "area": 61, "kwh": 15072, "p": 0.187}, "geometry": {"type": "Polygon", "coordinates": [[[127.021049, 37.587465], [127.021127, 37.587492], [127.021089, 37.58756], [127.021012, 37.587534], [127.021049, 37.587465]]]}}, {"type": "Feature", "properties": {"h": 14.9, "area": 74, "kwh": 18238, "p": 0.274}, "geometry": {"type": "Polygon", "coordinates": [[[127.021837, 37.585435], [127.021786, 37.585424], [127.021782, 37.585435], [127.021748, 37.585427], [127.021735, 37.585458], [127.021715, 37.585454], [127.021703, 37.585489], [127.021811, 37.585513], [127.021837, 37.585435]]]}}, {"type": "Feature", "properties": {"h": 27.4, "area": 84, "kwh": 20636, "p": 0.346}, "geometry": {"type": "Polygon", "coordinates": [[[127.021226, 37.586677], [127.021211, 37.586702], [127.021233, 37.586711], [127.021211, 37.586749], [127.021305, 37.586782], [127.021327, 37.586744], [127.021348, 37.586749], [127.021361, 37.586723], [127.021226, 37.586677]]]}}, {"type": "Feature", "properties": {"h": 28.6, "area": 57, "kwh": 14007, "p": 0.157}, "geometry": {"type": "Polygon", "coordinates": [[[127.021322, 37.587475], [127.021292, 37.587531], [127.021263, 37.587521], [127.021264, 37.587516], [127.0212, 37.587496], [127.021228, 37.587444], [127.021322, 37.587475]]]}}, {"type": "Feature", "properties": {"h": 28.3, "area": 73, "kwh": 17963, "p": 0.266}, "geometry": {"type": "Polygon", "coordinates": [[[127.021826, 37.585504], [127.021849, 37.585439], [127.021954, 37.585466], [127.021931, 37.585532], [127.021826, 37.585504]]]}}, {"type": "Feature", "properties": {"h": 23.8, "area": 80, "kwh": 19562, "p": 0.318}, "geometry": {"type": "Polygon", "coordinates": [[[127.02117, 37.587765], [127.021181, 37.587745], [127.021244, 37.587765], [127.021299, 37.587783], [127.021266, 37.587842], [127.021148, 37.587803], [127.02117, 37.587765]]]}}, {"type": "Feature", "properties": {"h": 6.5, "area": 68, "kwh": 16709, "p": 0.227}, "geometry": {"type": "Polygon", "coordinates": [[[127.021293, 37.587551], [127.021256, 37.587621], [127.021344, 37.587649], [127.021352, 37.587635], [127.021359, 37.587637], [127.021379, 37.587594], [127.02134, 37.587579], [127.021346, 37.587569], [127.021293, 37.587551]]]}}, {"type": "Feature", "properties": {"h": 19.2, "area": 61, "kwh": 14959, "p": 0.179}, "geometry": {"type": "Polygon", "coordinates": [[[127.021133, 37.587306], [127.021222, 37.587336], [127.021255, 37.587278], [127.021163, 37.587247], [127.021133, 37.587306]]]}}, {"type": "Feature", "properties": {"h": 18.2, "area": 63, "kwh": 15403, "p": 0.193}, "geometry": {"type": "Polygon", "coordinates": [[[127.021356, 37.587403], [127.021325, 37.58746], [127.021234, 37.587429], [127.021266, 37.587367], [127.021356, 37.587403]]]}}, {"type": "Feature", "properties": {"h": 6.0, "area": 77, "kwh": 18840, "p": 0.29}, "geometry": {"type": "Polygon", "coordinates": [[[127.021332, 37.587479], [127.021301, 37.587538], [127.02139, 37.587569], [127.021389, 37.587573], [127.021409, 37.587579], [127.021443, 37.587515], [127.021332, 37.587479]]]}}, {"type": "Feature", "properties": {"h": 21.4, "area": 36, "kwh": 8831, "p": 0.028}, "geometry": {"type": "Polygon", "coordinates": [[[127.02174, 37.586656], [127.021681, 37.586635], [127.021652, 37.586686], [127.021713, 37.586708], [127.02174, 37.586656]]]}}, {"type": "Feature", "properties": {"h": 21.8, "area": 59, "kwh": 14556, "p": 0.171}, "geometry": {"type": "Polygon", "coordinates": [[[127.021289, 37.58706], [127.021265, 37.587106], [127.021157, 37.587071], [127.021168, 37.587044], [127.021165, 37.587039], [127.021169, 37.587028], [127.021176, 37.587028], [127.02118, 37.587023], [127.021289, 37.58706]]]}}, {"type": "Feature", "properties": {"h": 17.5, "area": 38, "kwh": 9316, "p": 0.034}, "geometry": {"type": "Polygon", "coordinates": [[[127.021036, 37.586841], [127.02109, 37.586861], [127.021055, 37.58692], [127.021001, 37.586901], [127.021036, 37.586841]]]}}, {"type": "Feature", "properties": {"h": 13.4, "area": 143, "kwh": 35031, "p": 0.469}, "geometry": {"type": "Polygon", "coordinates": [[[127.021149, 37.587819], [127.021211, 37.58784], [127.021209, 37.587846], [127.021258, 37.587864], [127.021235, 37.587905], [127.02122, 37.5879], [127.021179, 37.587975], [127.021082, 37.587941], [127.021149, 37.587819]]]}}, {"type": "Feature", "properties": {"h": 19.0, "area": 97, "kwh": 23715, "p": 0.388}, "geometry": {"type": "Polygon", "coordinates": [[[127.021261, 37.586478], [127.021297, 37.58641], [127.021196, 37.586374], [127.021185, 37.586392], [127.021158, 37.586381], [127.02113, 37.586431], [127.021261, 37.586478]]]}}, {"type": "Feature", "properties": {"h": 13.9, "area": 54, "kwh": 13305, "p": 0.147}, "geometry": {"type": "Polygon", "coordinates": [[[127.021616, 37.586602], [127.021658, 37.586528], [127.021589, 37.586505], [127.021575, 37.586529], [127.021599, 37.58654], [127.021588, 37.586557], [127.021563, 37.586548], [127.021546, 37.586578], [127.021616, 37.586602]]]}}, {"type": "Feature", "properties": {"h": 14.9, "area": 74, "kwh": 18104, "p": 0.27}, "geometry": {"type": "Polygon", "coordinates": [[[127.021992, 37.585663], [127.022097, 37.585683], [127.022104, 37.585663], [127.022103, 37.585663], [127.022109, 37.585641], [127.022108, 37.585641], [127.022109, 37.585635], [127.0221, 37.585634], [127.022107, 37.585614], [127.022065, 37.585605], [127.022066, 37.585602], [127.022012, 37.58559], [127.021992, 37.585663]]]}}, {"type": "Feature", "properties": {"h": 7.7, "area": 69, "kwh": 17034, "p": 0.243}, "geometry": {"type": "Polygon", "coordinates": [[[127.021045, 37.587682], [127.020949, 37.587649], [127.020985, 37.587586], [127.021078, 37.587618], [127.021045, 37.587682]]]}}, {"type": "Feature", "properties": {"h": 20.4, "area": 82, "kwh": 20001, "p": 0.328}, "geometry": {"type": "Polygon", "coordinates": [[[127.021666, 37.586471], [127.02168, 37.586442], [127.021667, 37.586438], [127.021677, 37.586418], [127.021687, 37.586422], [127.021701, 37.58639], [127.021595, 37.58636], [127.021563, 37.586436], [127.021611, 37.586452], [127.021618, 37.586438], [127.021602, 37.586432], [127.021617, 37.586401], [127.021636, 37.586409], [127.021612, 37.586453], [127.021666, 37.586471]]]}}, {"type": "Feature", "properties": {"h": 22.6, "area": 65, "kwh": 16036, "p": 0.211}, "geometry": {"type": "Polygon", "coordinates": [[[127.020685, 37.587892], [127.020725, 37.587903], [127.020721, 37.587911], [127.020756, 37.587925], [127.02076, 37.587932], [127.020724, 37.587995], [127.020698, 37.587987], [127.0207, 37.587983], [127.020647, 37.587965], [127.020685, 37.587892]]]}}, {"type": "Feature", "properties": {"h": 10.1, "area": 78, "kwh": 19167, "p": 0.308}, "geometry": {"type": "Polygon", "coordinates": [[[127.021625, 37.585746], [127.021593, 37.585838], [127.021675, 37.585856], [127.021706, 37.585766], [127.021625, 37.585746]]]}}, {"type": "Feature", "properties": {"h": 29.8, "area": 47, "kwh": 11547, "p": 0.08}, "geometry": {"type": "Polygon", "coordinates": [[[127.022037, 37.585533], [127.022056, 37.585484], [127.022145, 37.585505], [127.022127, 37.585555], [127.022037, 37.585533]]]}}, {"type": "Feature", "properties": {"h": 25.7, "area": 54, "kwh": 13135, "p": 0.145}, "geometry": {"type": "Polygon", "coordinates": [[[127.021747, 37.585613], [127.021771, 37.585543], [127.021693, 37.585526], [127.021684, 37.585551], [127.021722, 37.58556], [127.021718, 37.585568], [127.021684, 37.58556], [127.021669, 37.585596], [127.021747, 37.585613]]]}}, {"type": "Feature", "properties": {"h": 7.2, "area": 67, "kwh": 16522, "p": 0.221}, "geometry": {"type": "Polygon", "coordinates": [[[127.021025, 37.586682], [127.021058, 37.586622], [127.020955, 37.586585], [127.020937, 37.586618], [127.020962, 37.586663], [127.021025, 37.586682]]]}}, {"type": "Feature", "properties": {"h": 11.0, "area": 94, "kwh": 23146, "p": 0.38}, "geometry": {"type": "Polygon", "coordinates": [[[127.021962, 37.585449], [127.021991, 37.585368], [127.021883, 37.58534], [127.021854, 37.585424], [127.021962, 37.585449]]]}}, {"type": "Feature", "properties": {"h": 29.0, "area": 50, "kwh": 12340, "p": 0.125}, "geometry": {"type": "Polygon", "coordinates": [[[127.022066, 37.585769], [127.021983, 37.585751], [127.022003, 37.585694], [127.022087, 37.585711], [127.022066, 37.585769]]]}}, {"type": "Feature", "properties": {"h": 13.2, "area": 71, "kwh": 17399, "p": 0.26}, "geometry": {"type": "Polygon", "coordinates": [[[127.02094, 37.587857], [127.020947, 37.58786], [127.020927, 37.587895], [127.020905, 37.5879], [127.020829, 37.587874], [127.020865, 37.587805], [127.020953, 37.587836], [127.02094, 37.587857]]]}}, {"type": "Feature", "properties": {"h": 17.0, "area": 53, "kwh": 12969, "p": 0.141}, "geometry": {"type": "Polygon", "coordinates": [[[127.021991, 37.585689], [127.021913, 37.58567], [127.021889, 37.585736], [127.021968, 37.585751], [127.021991, 37.585689]]]}}, {"type": "Feature", "properties": {"h": 16.6, "area": 63, "kwh": 15513, "p": 0.195}, "geometry": {"type": "Polygon", "coordinates": [[[127.021833, 37.585782], [127.021855, 37.585717], [127.021764, 37.585695], [127.02174, 37.58576], [127.021833, 37.585782]]]}}, {"type": "Feature", "properties": {"h": 25.2, "area": 70, "kwh": 17103, "p": 0.245}, "geometry": {"type": "Polygon", "coordinates": [[[127.021765, 37.585338], [127.021814, 37.585349], [127.021816, 37.585344], [127.021866, 37.585355], [127.021842, 37.585426], [127.021774, 37.585411], [127.021775, 37.585406], [127.021744, 37.585397], [127.021765, 37.585338]]]}}, {"type": "Feature", "properties": {"h": 19.4, "area": 22, "kwh": 5291, "p": 0.002}, "geometry": {"type": "Polygon", "coordinates": [[[127.021807, 37.585856], [127.021783, 37.585851], [127.021796, 37.585814], [127.021784, 37.585811], [127.021794, 37.585779], [127.021831, 37.585786], [127.021807, 37.585856]]]}}, {"type": "Feature", "properties": {"h": 12.5, "area": 47, "kwh": 11625, "p": 0.085}, "geometry": {"type": "Polygon", "coordinates": [[[127.021823, 37.585628], [127.021847, 37.58556], [127.021774, 37.585544], [127.021767, 37.585566], [127.021801, 37.585574], [127.021796, 37.585589], [127.02176, 37.58558], [127.021749, 37.585613], [127.021823, 37.585628]]]}}, {"type": "Feature", "properties": {"h": 26.9, "area": 70, "kwh": 17174, "p": 0.249}, "geometry": {"type": "Polygon", "coordinates": [[[127.021754, 37.585691], [127.021781, 37.585623], [127.021741, 37.585615], [127.021728, 37.585648], [127.021693, 37.58564], [127.021706, 37.585605], [127.021664, 37.585597], [127.021641, 37.585665], [127.021754, 37.585691]]]}}, {"type": "Feature", "properties": {"h": 17.3, "area": 59, "kwh": 14451, "p": 0.167}, "geometry": {"type": "Polygon", "coordinates": [[[127.022062, 37.585419], [127.022076, 37.585375], [127.02211, 37.585382], [127.022111, 37.585379], [127.022144, 37.585385], [127.022145, 37.585382], [127.022198, 37.585394], [127.022181, 37.585443], [127.022062, 37.585419]]]}}, {"type": "Feature", "properties": {"h": 10.3, "area": 65, "kwh": 15866, "p": 0.201}, "geometry": {"type": "Polygon", "coordinates": [[[127.020455, 37.588428], [127.020511, 37.588383], [127.020548, 37.588416], [127.020554, 37.588416], [127.020562, 37.58842], [127.020565, 37.588425], [127.020566, 37.588428], [127.020566, 37.588429], [127.020584, 37.588444], [127.02053, 37.588488], [127.020455, 37.588428]]]}}, {"type": "Feature", "properties": {"h": 27.6, "area": 78, "kwh": 19210, "p": 0.31}, "geometry": {"type": "Polygon", "coordinates": [[[127.021077, 37.588183], [127.020986, 37.588151], [127.020972, 37.588174], [127.021025, 37.588193], [127.021009, 37.588223], [127.020961, 37.588205], [127.02094, 37.588246], [127.021027, 37.588275], [127.021077, 37.588183]]]}}, {"type": "Feature", "properties": {"h": 24.0, "area": 79, "kwh": 19431, "p": 0.312}, "geometry": {"type": "Polygon", "coordinates": [[[127.0205, 37.588509], [127.020561, 37.588565], [127.020482, 37.588623], [127.020418, 37.588568], [127.0205, 37.588509]]]}}, {"type": "Feature", "properties": {"h": 6.0, "area": 106, "kwh": 26060, "p": 0.41}, "geometry": {"type": "Polygon", "coordinates": [[[127.020437, 37.588432], [127.020395, 37.588467], [127.020428, 37.588495], [127.0204, 37.588517], [127.020364, 37.588487], [127.020329, 37.588512], [127.020405, 37.588574], [127.020511, 37.588495], [127.020437, 37.588432]]]}}, {"type": "Feature", "properties": {"h": 22.8, "area": 38, "kwh": 9335, "p": 0.036}, "geometry": {"type": "Polygon", "coordinates": [[[127.021644, 37.586812], [127.021699, 37.586832], [127.021715, 37.586801], [127.0217, 37.586794], [127.021722, 37.586754], [127.021683, 37.586741], [127.021644, 37.586812]]]}}, {"type": "Feature", "properties": {"h": 12.5, "area": 53, "kwh": 12921, "p": 0.139}, "geometry": {"type": "Polygon", "coordinates": [[[127.021016, 37.586599], [127.02109, 37.586622], [127.021103, 37.586595], [127.021073, 37.586583], [127.021082, 37.586563], [127.021114, 37.586573], [127.021124, 37.586551], [127.021052, 37.586525], [127.021016, 37.586599]]]}}, {"type": "Feature", "properties": {"h": 29.0, "area": 51, "kwh": 12604, "p": 0.135}, "geometry": {"type": "Polygon", "coordinates": [[[127.021686, 37.586624], [127.021726, 37.586551], [127.021659, 37.586529], [127.021644, 37.586554], [127.021667, 37.586563], [127.02166, 37.586579], [127.021636, 37.586571], [127.02162, 37.5866], [127.021686, 37.586624]]]}}, {"type": "Feature", "properties": {"h": 20.2, "area": 67, "kwh": 16421, "p": 0.219}, "geometry": {"type": "Polygon", "coordinates": [[[127.021856, 37.585715], [127.021881, 37.585644], [127.021843, 37.585637], [127.021832, 37.585672], [127.021819, 37.58567], [127.021833, 37.585632], [127.021785, 37.585622], [127.021759, 37.585691], [127.021856, 37.585715]]]}}, {"type": "Feature", "properties": {"h": 17.3, "area": 80, "kwh": 19509, "p": 0.314}, "geometry": {"type": "Polygon", "coordinates": [[[127.021249, 37.587618], [127.021287, 37.587546], [127.021246, 37.587534], [127.021232, 37.587562], [127.021202, 37.58755], [127.021218, 37.587522], [127.02118, 37.587509], [127.02114, 37.587581], [127.021249, 37.587618]]]}}, {"type": "Feature", "properties": {"h": 25.0, "area": 42, "kwh": 10377, "p": 0.056}, "geometry": {"type": "Polygon", "coordinates": [[[127.021181, 37.587097], [127.021122, 37.587077], [127.021089, 37.587139], [127.021149, 37.587159], [127.021181, 37.587097]]]}}, {"type": "Feature", "properties": {"h": 10.6, "area": 66, "kwh": 16232, "p": 0.215}, "geometry": {"type": "Polygon", "coordinates": [[[127.021137, 37.587809], [127.021104, 37.58787], [127.021009, 37.587838], [127.021042, 37.587778], [127.021137, 37.587809]]]}}, {"type": "Feature", "properties": {"h": 28.3, "area": 80, "kwh": 19610, "p": 0.32}, "geometry": {"type": "Polygon", "coordinates": [[[127.021087, 37.588034], [127.021167, 37.588063], [127.021151, 37.588093], [127.021155, 37.588095], [127.021125, 37.588147], [127.021042, 37.588118], [127.021087, 37.588034]]]}}, {"type": "Feature", "properties": {"h": 29.0, "area": 84, "kwh": 20484, "p": 0.338}, "geometry": {"type": "Polygon", "coordinates": [[[127.021936, 37.585163], [127.021911, 37.585228], [127.021812, 37.585201], [127.021842, 37.585111], [127.021936, 37.585163]]]}}, {"type": "Feature", "properties": {"h": 26.2, "area": 50, "kwh": 12343, "p": 0.127}, "geometry": {"type": "Polygon", "coordinates": [[[127.021644, 37.586695], [127.021657, 37.586672], [127.021633, 37.586663], [127.021642, 37.586646], [127.021667, 37.586654], [127.021686, 37.586626], [127.021615, 37.586602], [127.021577, 37.586672], [127.021644, 37.586695]]]}}, {"type": "Feature", "properties": {"h": 23.8, "area": 50, "kwh": 12382, "p": 0.129}, "geometry": {"type": "Polygon", "coordinates": [[[127.021574, 37.586789], [127.021589, 37.586763], [127.021618, 37.586771], [127.021629, 37.58675], [127.021603, 37.586741], [127.021614, 37.586717], [127.021683, 37.58674], [127.021643, 37.586813], [127.021574, 37.586789]]]}}, {"type": "Feature", "properties": {"h": 16.6, "area": 77, "kwh": 18793, "p": 0.288}, "geometry": {"type": "Polygon", "coordinates": [[[127.020843, 37.588188], [127.020761, 37.588159], [127.020802, 37.588079], [127.020886, 37.588108], [127.020843, 37.588188]]]}}, {"type": "Feature", "properties": {"h": 26.2, "area": 75, "kwh": 18514, "p": 0.28}, "geometry": {"type": "Polygon", "coordinates": [[[127.020898, 37.588114], [127.020981, 37.588143], [127.020936, 37.588221], [127.020853, 37.58819], [127.020898, 37.588114]]]}}, {"type": "Feature", "properties": {"h": 15.4, "area": 61, "kwh": 14900, "p": 0.177}, "geometry": {"type": "Polygon", "coordinates": [[[127.020904, 37.588225], [127.020873, 37.588278], [127.020777, 37.588251], [127.020809, 37.588193], [127.020904, 37.588225]]]}}, {"type": "Feature", "properties": {"h": 26.6, "area": 84, "kwh": 20540, "p": 0.34}, "geometry": {"type": "Polygon", "coordinates": [[[127.020676, 37.588149], [127.02065, 37.588191], [127.020701, 37.588209], [127.020689, 37.588232], [127.020764, 37.588259], [127.020802, 37.588193], [127.020676, 37.588149]]]}}, {"type": "Feature", "properties": {"h": 24.0, "area": 80, "kwh": 19557, "p": 0.316}, "geometry": {"type": "Polygon", "coordinates": [[[127.020954, 37.588083], [127.021039, 37.588112], [127.021066, 37.588063], [127.021064, 37.588062], [127.021081, 37.588031], [127.020999, 37.588], [127.020954, 37.588083]]]}}, {"type": "Feature", "properties": {"h": 20.6, "area": 81, "kwh": 19918, "p": 0.324}, "geometry": {"type": "Polygon", "coordinates": [[[127.02063, 37.588212], [127.02059, 37.588284], [127.020493, 37.588247], [127.020529, 37.588178], [127.02063, 37.588212]]]}}, {"type": "Feature", "properties": {"h": 9.6, "area": 76, "kwh": 18667, "p": 0.286}, "geometry": {"type": "Polygon", "coordinates": [[[127.020954, 37.588079], [127.020996, 37.587997], [127.020962, 37.587985], [127.02096, 37.587987], [127.020913, 37.587972], [127.020871, 37.588051], [127.020954, 37.588079]]]}}, {"type": "Feature", "properties": {"h": 13.7, "area": 78, "kwh": 19022, "p": 0.298}, "geometry": {"type": "Polygon", "coordinates": [[[127.020864, 37.588048], [127.020905, 37.587967], [127.020866, 37.587954], [127.020865, 37.587956], [127.02082, 37.58794], [127.020778, 37.588018], [127.020864, 37.588048]]]}}, {"type": "Feature", "properties": {"h": 25.2, "area": 25, "kwh": 6052, "p": 0.01}, "geometry": {"type": "Polygon", "coordinates": [[[127.021448, 37.586321], [127.021416, 37.586312], [127.021381, 37.586373], [127.021418, 37.586386], [127.021448, 37.586321]]]}}, {"type": "Feature", "properties": {"h": 6.5, "area": 116, "kwh": 28461, "p": 0.433}, "geometry": {"type": "Polygon", "coordinates": [[[127.020815, 37.58854], [127.020837, 37.588558], [127.020822, 37.588569], [127.020881, 37.588617], [127.020885, 37.588614], [127.020908, 37.588633], [127.020964, 37.58859], [127.020944, 37.588571], [127.020959, 37.588559], [127.020924, 37.588529], [127.02093, 37.588524], [127.020884, 37.588488], [127.020815, 37.58854]]]}}, {"type": "Feature", "properties": {"h": 11.5, "area": 85, "kwh": 20924, "p": 0.35}, "geometry": {"type": "Polygon", "coordinates": [[[127.02069, 37.588619], [127.02076, 37.588567], [127.020696, 37.588512], [127.020689, 37.588516], [127.020673, 37.588504], [127.020624, 37.588538], [127.020622, 37.588562], [127.02069, 37.588619]]]}}, {"type": "Feature", "properties": {"h": 7.4, "area": 61, "kwh": 15037, "p": 0.185}, "geometry": {"type": "Polygon", "coordinates": [[[127.020526, 37.588377], [127.020567, 37.588342], [127.020591, 37.58836], [127.020594, 37.588358], [127.02061, 37.588369], [127.020615, 37.588364], [127.020637, 37.588382], [127.020635, 37.588384], [127.020649, 37.588395], [127.020646, 37.588398], [127.020653, 37.588406], [127.02061, 37.588443], [127.020526, 37.588377]]]}}, {"type": "Feature", "properties": {"h": 19.7, "area": 49, "kwh": 12099, "p": 0.117}, "geometry": {"type": "Polygon", "coordinates": [[[127.022108, 37.585607], [127.022127, 37.585555], [127.022037, 37.585535], [127.022019, 37.585588], [127.022108, 37.585607]]]}}, {"type": "Feature", "properties": {"h": 24.0, "area": 70, "kwh": 17223, "p": 0.254}, "geometry": {"type": "Polygon", "coordinates": [[[127.020663, 37.588141], [127.020631, 37.588204], [127.020533, 37.588167], [127.020567, 37.588106], [127.020663, 37.588141]]]}}, {"type": "Feature", "properties": {"h": 24.5, "area": 72, "kwh": 17764, "p": 0.262}, "geometry": {"type": "Polygon", "coordinates": [[[127.020717, 37.588338], [127.020675, 37.588325], [127.020677, 37.58832], [127.020627, 37.588304], [127.020662, 37.588236], [127.020754, 37.588269], [127.020717, 37.588338]]]}}, {"type": "Feature", "properties": {"h": 11.0, "area": 76, "kwh": 18578, "p": 0.282}, "geometry": {"type": "Polygon", "coordinates": [[[127.021738, 37.585764], [127.021761, 37.585694], [127.021717, 37.585684], [127.021703, 37.585721], [127.021667, 37.585713], [127.02168, 37.585677], [127.02164, 37.58567], [127.021614, 37.585739], [127.021738, 37.585764]]]}}, {"type": "Feature", "properties": {"h": 14.4, "area": 64, "kwh": 15772, "p": 0.197}, "geometry": {"type": "Polygon", "coordinates": [[[127.0219, 37.585266], [127.021879, 37.585329], [127.021818, 37.585317], [127.02182, 37.585309], [127.021777, 37.585299], [127.021796, 37.585246], [127.0219, 37.585266]]]}}, {"type": "Feature", "properties": {"h": 7.7, "area": 52, "kwh": 12638, "p": 0.137}, "geometry": {"type": "Polygon", "coordinates": [[[127.021693, 37.585832], [127.021719, 37.585761], [127.021766, 37.585772], [127.021755, 37.585805], [127.021794, 37.585814], [127.02178, 37.585852], [127.021693, 37.585832]]]}}, {"type": "Feature", "properties": {"h": 7.4, "area": 69, "kwh": 16882, "p": 0.235}, "geometry": {"type": "Polygon", "coordinates": [[[127.021805, 37.585859], [127.021771, 37.585852], [127.021757, 37.585891], [127.021736, 37.585886], [127.021751, 37.585846], [127.021708, 37.585836], [127.02168, 37.58591], [127.021778, 37.585935], [127.021805, 37.585859]]]}}, {"type": "Feature", "properties": {"h": 14.9, "area": 48, "kwh": 11779, "p": 0.093}, "geometry": {"type": "Polygon", "coordinates": [[[127.021265, 37.586599], [127.02133, 37.586623], [127.021321, 37.586643], [127.021295, 37.586634], [127.021286, 37.586654], [127.02131, 37.586663], [127.021297, 37.586692], [127.021227, 37.586669], [127.021265, 37.586599]]]}}, {"type": "Feature", "properties": {"h": 7.0, "area": 49, "kwh": 12046, "p": 0.113}, "geometry": {"type": "Polygon", "coordinates": [[[127.022024, 37.585262], [127.022036, 37.585228], [127.022013, 37.585222], [127.022014, 37.585218], [127.021982, 37.58521], [127.021987, 37.585194], [127.021943, 37.585186], [127.021922, 37.585243], [127.022024, 37.585262]]]}}, {"type": "Feature", "properties": {"h": 10.1, "area": 59, "kwh": 14503, "p": 0.169}, "geometry": {"type": "Polygon", "coordinates": [[[127.022167, 37.585455], [127.022043, 37.585428], [127.022028, 37.585475], [127.022149, 37.5855], [127.022167, 37.585455]]]}}, {"type": "Feature", "properties": {"h": 16.3, "area": 142, "kwh": 34796, "p": 0.467}, "geometry": {"type": "Polygon", "coordinates": [[[127.02118, 37.586949], [127.02124, 37.586842], [127.021229, 37.586825], [127.021211, 37.58682], [127.021214, 37.586813], [127.021148, 37.586789], [127.021082, 37.586901], [127.021108, 37.58691], [127.021102, 37.586921], [127.02118, 37.586949]]]}}, {"type": "Feature", "properties": {"h": 19.2, "area": 50, "kwh": 12158, "p": 0.119}, "geometry": {"type": "Polygon", "coordinates": [[[127.021124, 37.586552], [127.021194, 37.586576], [127.021182, 37.586597], [127.021156, 37.586589], [127.021146, 37.586608], [127.021175, 37.586618], [127.021159, 37.586646], [127.02109, 37.586622], [127.021124, 37.586552]]]}}, {"type": "Feature", "properties": {"h": 7.9, "area": 60, "kwh": 14695, "p": 0.173}, "geometry": {"type": "Polygon", "coordinates": [[[127.022071, 37.585361], [127.022051, 37.585416], [127.022038, 37.585415], [127.022022, 37.585461], [127.021975, 37.585451], [127.022009, 37.585346], [127.022071, 37.585361]]]}}, {"type": "Feature", "properties": {"h": 9.4, "area": 57, "kwh": 13956, "p": 0.155}, "geometry": {"type": "Polygon", "coordinates": [[[127.022078, 37.585343], [127.022018, 37.58533], [127.02205, 37.585234], [127.022078, 37.58524], [127.022075, 37.585251], [127.022107, 37.585259], [127.022078, 37.585343]]]}}, {"type": "Feature", "properties": {"h": 18.0, "area": 88, "kwh": 21471, "p": 0.362}, "geometry": {"type": "Polygon", "coordinates": [[[127.021217, 37.586674], [127.021201, 37.586701], [127.021194, 37.586699], [127.021173, 37.586734], [127.021061, 37.586697], [127.021082, 37.586659], [127.021078, 37.586658], [127.021094, 37.58663], [127.021217, 37.586674]]]}}, {"type": "Feature", "properties": {"h": 17.0, "area": 47, "kwh": 11552, "p": 0.082}, "geometry": {"type": "Polygon", "coordinates": [[[127.021404, 37.58717], [127.021439, 37.587106], [127.021507, 37.58713], [127.021493, 37.587157], [127.021464, 37.587147], [127.021458, 37.587159], [127.021487, 37.587168], [127.021472, 37.587194], [127.021404, 37.58717]]]}}, {"type": "Feature", "properties": {"h": 11.5, "area": 49, "kwh": 11997, "p": 0.107}, "geometry": {"type": "Polygon", "coordinates": [[[127.021544, 37.586577], [127.02148, 37.586554], [127.021495, 37.586528], [127.021523, 37.586537], [127.021534, 37.586515], [127.021505, 37.586506], [127.021518, 37.586481], [127.021587, 37.586505], [127.021544, 37.586577]]]}}, {"type": "Feature", "properties": {"h": 7.7, "area": 51, "kwh": 12516, "p": 0.133}, "geometry": {"type": "Polygon", "coordinates": [[[127.021518, 37.58648], [127.021449, 37.586458], [127.021435, 37.58648], [127.02146, 37.586491], [127.021449, 37.58651], [127.021424, 37.586502], [127.021409, 37.58653], [127.021476, 37.586552], [127.021518, 37.58648]]]}}, {"type": "Feature", "properties": {"h": 15.8, "area": 48, "kwh": 11886, "p": 0.095}, "geometry": {"type": "Polygon", "coordinates": [[[127.021507, 37.586647], [127.021518, 37.586626], [127.021493, 37.586617], [127.021503, 37.586598], [127.021529, 37.586606], [127.021543, 37.586578], [127.021475, 37.586554], [127.021439, 37.586622], [127.021507, 37.586647]]]}}, {"type": "Feature", "properties": {"h": 15.6, "area": 49, "kwh": 11998, "p": 0.109}, "geometry": {"type": "Polygon", "coordinates": [[[127.021462, 37.586692], [127.021473, 37.586669], [127.021539, 37.586692], [127.021503, 37.586765], [127.021437, 37.586743], [127.021453, 37.586712], [127.02148, 37.586721], [127.02149, 37.586703], [127.021462, 37.586692]]]}}, {"type": "Feature", "properties": {"h": 19.9, "area": 58, "kwh": 14167, "p": 0.161}, "geometry": {"type": "Polygon", "coordinates": [[[127.021495, 37.586211], [127.021457, 37.586199], [127.021448, 37.586217], [127.021411, 37.586208], [127.021418, 37.586189], [127.021384, 37.586179], [127.021359, 37.586233], [127.021471, 37.586263], [127.021495, 37.586211]]]}}, {"type": "Feature", "properties": {"h": 23.0, "area": 78, "kwh": 19153, "p": 0.306}, "geometry": {"type": "Polygon", "coordinates": [[[127.021557, 37.587553], [127.021595, 37.58748], [127.021558, 37.587467], [127.021543, 37.587497], [127.021512, 37.587487], [127.021517, 37.587476], [127.021526, 37.587457], [127.021487, 37.587444], [127.021449, 37.587512], [127.021557, 37.587553]]]}}, {"type": "Feature", "properties": {"h": 25.2, "area": 39, "kwh": 9620, "p": 0.044}, "geometry": {"type": "Polygon", "coordinates": [[[127.02151, 37.586775], [127.021559, 37.586792], [127.021555, 37.586802], [127.02156, 37.586805], [127.021532, 37.586857], [127.021526, 37.586855], [127.021522, 37.586855], [127.021515, 37.586855], [127.021511, 37.586852], [127.021507, 37.58685], [127.021495, 37.586845], [127.021496, 37.586839], [127.021479, 37.586833], [127.02151, 37.586775]]]}}, {"type": "Feature", "properties": {"h": 20.6, "area": 69, "kwh": 16842, "p": 0.233}, "geometry": {"type": "Polygon", "coordinates": [[[127.021415, 37.587593], [127.021376, 37.587662], [127.021436, 37.587682], [127.021494, 37.587659], [127.021509, 37.587627], [127.021415, 37.587593]]]}}, {"type": "Feature", "properties": {"h": 23.0, "area": 70, "kwh": 17206, "p": 0.252}, "geometry": {"type": "Polygon", "coordinates": [[[127.021473, 37.587082], [127.021561, 37.587111], [127.021599, 37.587042], [127.02151, 37.587013], [127.021473, 37.587082]]]}}, {"type": "Feature", "properties": {"h": 8.4, "area": 61, "kwh": 15030, "p": 0.183}, "geometry": {"type": "Polygon", "coordinates": [[[127.0212, 37.587745], [127.021239, 37.587673], [127.02128, 37.587687], [127.021262, 37.58772], [127.021322, 37.587741], [127.021301, 37.58778], [127.0212, 37.587745]]]}}, {"type": "Feature", "properties": {"h": 6.7, "area": 78, "kwh": 19051, "p": 0.302}, "geometry": {"type": "Polygon", "coordinates": [[[127.021368, 37.587401], [127.021407, 37.587329], [127.021369, 37.587316], [127.021349, 37.587349], [127.021314, 37.587337], [127.021331, 37.587307], [127.021294, 37.587294], [127.021257, 37.587364], [127.021368, 37.587401]]]}}, {"type": "Feature", "properties": {"h": 7.9, "area": 47, "kwh": 11543, "p": 0.078}, "geometry": {"type": "Polygon", "coordinates": [[[127.021436, 37.587106], [127.021422, 37.587133], [127.021399, 37.587126], [127.021393, 37.587136], [127.021413, 37.587144], [127.021398, 37.587171], [127.021333, 37.587148], [127.021369, 37.587084], [127.021436, 37.587106]]]}}, {"type": "Feature", "properties": {"h": 22.1, "area": 46, "kwh": 11323, "p": 0.066}, "geometry": {"type": "Polygon", "coordinates": [[[127.021439, 37.586621], [127.021448, 37.586602], [127.021421, 37.586591], [127.021432, 37.586572], [127.021457, 37.58658], [127.021473, 37.586551], [127.021406, 37.58653], [127.021371, 37.586598], [127.021439, 37.586621]]]}}, {"type": "Feature", "properties": {"h": 25.0, "area": 47, "kwh": 11483, "p": 0.074}, "geometry": {"type": "Polygon", "coordinates": [[[127.021371, 37.586598], [127.021301, 37.586574], [127.021311, 37.586555], [127.021339, 37.586564], [127.02135, 37.586542], [127.021322, 37.586532], [127.021336, 37.586506], [127.021404, 37.586529], [127.021371, 37.586598]]]}}, {"type": "Feature", "properties": {"h": 13.7, "area": 58, "kwh": 14110, "p": 0.159}, "geometry": {"type": "Polygon", "coordinates": [[[127.021449, 37.586317], [127.021472, 37.586265], [127.021433, 37.586253], [127.021425, 37.586272], [127.021389, 37.586262], [127.021397, 37.586245], [127.021359, 37.586234], [127.021337, 37.586287], [127.021449, 37.586317]]]}}, {"type": "Feature", "properties": {"h": 15.4, "area": 48, "kwh": 11765, "p": 0.089}, "geometry": {"type": "Polygon", "coordinates": [[[127.021406, 37.586647], [127.021393, 37.58667], [127.021419, 37.58668], [127.021409, 37.586698], [127.021383, 37.586689], [127.021368, 37.586717], [127.021434, 37.586741], [127.02147, 37.586668], [127.021406, 37.586647]]]}}, {"type": "Feature", "properties": {"h": 26.2, "area": 49, "kwh": 11948, "p": 0.105}, "geometry": {"type": "Polygon", "coordinates": [[[127.021263, 37.587123], [127.021331, 37.587147], [127.021347, 37.587118], [127.021321, 37.587109], [127.021327, 37.5871], [127.021351, 37.587109], [127.021367, 37.587083], [127.021295, 37.587059], [127.021263, 37.587123]]]}}, {"type": "Feature", "properties": {"h": 13.4, "area": 37, "kwh": 8973, "p": 0.032}, "geometry": {"type": "Polygon", "coordinates": [[[127.021883, 37.585638], [127.021829, 37.585628], [127.021851, 37.585561], [127.021904, 37.585574], [127.021883, 37.585638]]]}}, {"type": "Feature", "properties": {"h": 14.4, "area": 51, "kwh": 12486, "p": 0.131}, "geometry": {"type": "Polygon", "coordinates": [[[127.021407, 37.586529], [127.021339, 37.586506], [127.021353, 37.586479], [127.02138, 37.586486], [127.02139, 37.586464], [127.021365, 37.586456], [127.021377, 37.586433], [127.021446, 37.586456], [127.021407, 37.586529]]]}}, {"type": "Feature", "properties": {"h": 24.5, "area": 39, "kwh": 9660, "p": 0.046}, "geometry": {"type": "Polygon", "coordinates": [[[127.021415, 37.586311], [127.02138, 37.5863], [127.021373, 37.586313], [127.021339, 37.586301], [127.021319, 37.586338], [127.021347, 37.586347], [127.02134, 37.586359], [127.021379, 37.586373], [127.021415, 37.586311]]]}}, {"type": "Feature", "properties": {"h": 27.4, "area": 49, "kwh": 11934, "p": 0.101}, "geometry": {"type": "Polygon", "coordinates": [[[127.021333, 37.586505], [127.021266, 37.586483], [127.021252, 37.586509], [127.02128, 37.586518], [127.021267, 37.58654], [127.021235, 37.586528], [127.021223, 37.58655], [127.021298, 37.586575], [127.021333, 37.586505]]]}}, {"type": "Feature", "properties": {"h": 14.9, "area": 50, "kwh": 12190, "p": 0.123}, "geometry": {"type": "Polygon", "coordinates": [[[127.021223, 37.58655], [127.021234, 37.586529], [127.02121, 37.58652], [127.021221, 37.586501], [127.021247, 37.58651], [127.021264, 37.586481], [127.021196, 37.586455], [127.021157, 37.586527], [127.021223, 37.58655]]]}}, {"type": "Feature", "properties": {"h": 13.2, "area": 82, "kwh": 20177, "p": 0.334}, "geometry": {"type": "Polygon", "coordinates": [[[127.021368, 37.586725], [127.021353, 37.586752], [127.02137, 37.586758], [127.021349, 37.586797], [127.021356, 37.5868], [127.021359, 37.586802], [127.021372, 37.586807], [127.021375, 37.586807], [127.02145, 37.58683], [127.021485, 37.586765], [127.021368, 37.586725]]]}}, {"type": "Feature", "properties": {"h": 11.8, "area": 78, "kwh": 19036, "p": 0.3}, "geometry": {"type": "Polygon", "coordinates": [[[127.021374, 37.587894], [127.021335, 37.587879], [127.021316, 37.587911], [127.021286, 37.5879], [127.021304, 37.587868], [127.021267, 37.587854], [127.021227, 37.587923], [127.021334, 37.587965], [127.021374, 37.587894]]]}}, {"type": "Feature", "properties": {"h": 13.7, "area": 77, "kwh": 18932, "p": 0.294}, "geometry": {"type": "Polygon", "coordinates": [[[127.021412, 37.587822], [127.021372, 37.587809], [127.021358, 37.587839], [127.021327, 37.587827], [127.021344, 37.587798], [127.021305, 37.587784], [127.021266, 37.587853], [127.021373, 37.587893], [127.021412, 37.587822]]]}}, {"type": "Feature", "properties": {"h": 28.1, "area": 67, "kwh": 16323, "p": 0.217}, "geometry": {"type": "Polygon", "coordinates": [[[127.021649, 37.586963], [127.021553, 37.58693], [127.02152, 37.586988], [127.021614, 37.587024], [127.021649, 37.586963]]]}}, {"type": "Feature", "properties": {"h": 22.1, "area": 48, "kwh": 11752, "p": 0.087}, "geometry": {"type": "Polygon", "coordinates": [[[127.021638, 37.586812], [127.021624, 37.586839], [127.0216, 37.586829], [127.021587, 37.58685], [127.02161, 37.58686], [127.021599, 37.586883], [127.021533, 37.58686], [127.021573, 37.586789], [127.021638, 37.586812]]]}}, {"type": "Feature", "properties": {"h": 21.1, "area": 49, "kwh": 11933, "p": 0.099}, "geometry": {"type": "Polygon", "coordinates": [[[127.021577, 37.586671], [127.021591, 37.586644], [127.021566, 37.586635], [127.021575, 37.586619], [127.0216, 37.586628], [127.021614, 37.586602], [127.021546, 37.586579], [127.021511, 37.58665], [127.021577, 37.586671]]]}}, {"type": "Feature", "properties": {"h": 8.9, "area": 48, "kwh": 11894, "p": 0.097}, "geometry": {"type": "Polygon", "coordinates": [[[127.021613, 37.586717], [127.021546, 37.586694], [127.021534, 37.586717], [127.021559, 37.586727], [127.021548, 37.586748], [127.021521, 37.586739], [127.021507, 37.586765], [127.021574, 37.586788], [127.021613, 37.586717]]]}}, {"type": "Feature", "properties": {"h": 19.0, "area": 165, "kwh": 40350, "p": 0.513}, "geometry": {"type": "Polygon", "coordinates": [[[127.020484, 37.58805], [127.020523, 37.588063], [127.020526, 37.588057], [127.020556, 37.588066], [127.020595, 37.587999], [127.0204, 37.587929], [127.020358, 37.588005], [127.020428, 37.588031], [127.020431, 37.588026], [127.020438, 37.588028], [127.020442, 37.588024], [127.020481, 37.588037], [127.020477, 37.588043], [127.020487, 37.588046], [127.020484, 37.58805]]]}}, {"type": "Feature", "properties": {"h": 18.7, "area": 147, "kwh": 35986, "p": 0.479}, "geometry": {"type": "Polygon", "coordinates": [[[127.02066, 37.587881], [127.02062, 37.587954], [127.020446, 37.587893], [127.020484, 37.587821], [127.02066, 37.587881]]]}}, {"type": "Feature", "properties": {"h": 16.8, "area": 153, "kwh": 37574, "p": 0.495}, "geometry": {"type": "Polygon", "coordinates": [[[127.020496, 37.587579], [127.020643, 37.587631], [127.02068, 37.587559], [127.020668, 37.587553], [127.020674, 37.58754], [127.020602, 37.587515], [127.02061, 37.587499], [127.020549, 37.58748], [127.020496, 37.587579]]]}}, {"type": "Feature", "properties": {"h": 7.4, "area": 98, "kwh": 24004, "p": 0.39}, "geometry": {"type": "Polygon", "coordinates": [[[127.02063, 37.587983], [127.020564, 37.588105], [127.020652, 37.588136], [127.020675, 37.588095], [127.020637, 37.588081], [127.020661, 37.588036], [127.020681, 37.588043], [127.020701, 37.588008], [127.02063, 37.587983]]]}}, {"type": "Feature", "properties": {"h": 19.7, "area": 66, "kwh": 16231, "p": 0.213}, "geometry": {"type": "Polygon", "coordinates": [[[127.020888, 37.587765], [127.020873, 37.587791], [127.020968, 37.587824], [127.021002, 37.587763], [127.020907, 37.587732], [127.020888, 37.587765]]]}}, {"type": "Feature", "properties": {"h": 22.1, "area": 64, "kwh": 15798, "p": 0.199}, "geometry": {"type": "Polygon", "coordinates": [[[127.021007, 37.587755], [127.021038, 37.587694], [127.020947, 37.587663], [127.020912, 37.587721], [127.021007, 37.587755]]]}}, {"type": "Feature", "properties": {"h": 16.3, "area": 81, "kwh": 19877, "p": 0.322}, "geometry": {"type": "Polygon", "coordinates": [[[127.020642, 37.588628], [127.020598, 37.58859], [127.020596, 37.588592], [127.020576, 37.588575], [127.020495, 37.588634], [127.020561, 37.588688], [127.020642, 37.588628]]]}}, {"type": "Feature", "properties": {"h": 11.5, "area": 90, "kwh": 22132, "p": 0.366}, "geometry": {"type": "Polygon", "coordinates": [[[127.021038, 37.588283], [127.021, 37.588352], [127.020901, 37.588321], [127.020913, 37.588296], [127.020895, 37.58829], [127.02092, 37.588243], [127.021038, 37.588283]]]}}, {"type": "Feature", "properties": {"h": 11.8, "area": 47, "kwh": 11408, "p": 0.072}, "geometry": {"type": "Polygon", "coordinates": [[[127.022004, 37.585589], [127.021946, 37.585577], [127.02192, 37.585655], [127.021976, 37.585667], [127.022004, 37.585589]]]}}, {"type": "Feature", "properties": {"h": 28.6, "area": 144, "kwh": 35239, "p": 0.473}, "geometry": {"type": "Polygon", "coordinates": [[[127.020785, 37.587589], [127.020749, 37.587659], [127.020768, 37.587666], [127.02076, 37.587682], [127.020835, 37.587709], [127.020838, 37.587704], [127.020891, 37.587723], [127.020938, 37.587642], [127.020785, 37.587589]]]}}, {"type": "Feature", "properties": {"h": 25.9, "area": 86, "kwh": 20999, "p": 0.356}, "geometry": {"type": "Polygon", "coordinates": [[[127.020783, 37.588549], [127.020854, 37.588495], [127.020829, 37.588469], [127.020771, 37.588447], [127.020741, 37.588449], [127.020699, 37.588483], [127.020783, 37.588549]]]}}, {"type": "Feature", "properties": {"h": 26.2, "area": 99, "kwh": 24213, "p": 0.394}, "geometry": {"type": "Polygon", "coordinates": [[[127.020784, 37.58857], [127.020704, 37.588629], [127.020784, 37.588696], [127.020856, 37.588644], [127.02084, 37.588631], [127.020851, 37.588619], [127.020784, 37.58857]]]}}, {"type": "Feature", "properties": {"h": 19.2, "area": 96, "kwh": 23606, "p": 0.386}, "geometry": {"type": "Polygon", "coordinates": [[[127.020872, 37.588296], [127.02077, 37.588263], [127.020741, 37.588318], [127.020743, 37.588319], [127.02073, 37.588347], [127.020828, 37.58838], [127.020872, 37.588296]]]}}, {"type": "Feature", "properties": {"h": 24.0, "area": 68, "kwh": 16760, "p": 0.229}, "geometry": {"type": "Polygon", "coordinates": [[[127.02071, 37.588046], [127.02078, 37.588068], [127.020765, 37.588092], [127.020774, 37.588096], [127.02076, 37.588121], [127.02077, 37.588125], [127.020755, 37.588152], [127.020671, 37.588124], [127.02071, 37.588046]]]}}, {"type": "Feature", "properties": {"h": 14.4, "area": 48, "kwh": 11766, "p": 0.091}, "geometry": {"type": "Polygon", "coordinates": [[[127.021299, 37.586692], [127.021364, 37.586715], [127.021378, 37.586689], [127.021354, 37.58668], [127.021365, 37.586661], [127.02139, 37.58667], [127.021404, 37.586647], [127.021333, 37.586623], [127.021299, 37.586692]]]}}, {"type": "Feature", "properties": {"h": 14.6, "area": 49, "kwh": 12054, "p": 0.115}, "geometry": {"type": "Polygon", "coordinates": [[[127.021195, 37.586576], [127.021161, 37.586647], [127.021227, 37.586669], [127.021242, 37.586637], [127.021214, 37.586628], [127.021221, 37.586615], [127.021251, 37.586624], [127.021264, 37.5866], [127.021195, 37.586576]]]}}, {"type": "Feature", "properties": {"h": 28.1, "area": 65, "kwh": 15946, "p": 0.205}, "geometry": {"type": "Polygon", "coordinates": [[[127.021161, 37.587765], [127.021175, 37.58774], [127.021082, 37.58771], [127.021079, 37.587711], [127.021049, 37.587771], [127.021142, 37.5878], [127.021161, 37.587765]]]}}, {"type": "Feature", "properties": {"h": 29.5, "area": 84, "kwh": 20577, "p": 0.344}, "geometry": {"type": "Polygon", "coordinates": [[[127.020956, 37.587922], [127.021001, 37.587848], [127.021035, 37.58786], [127.021019, 37.587893], [127.02105, 37.587904], [127.021069, 37.587871], [127.02111, 37.587883], [127.021065, 37.587961], [127.020956, 37.587922]]]}}, {"type": "Feature", "properties": {"h": 24.0, "area": 85, "kwh": 20821, "p": 0.348}, "geometry": {"type": "Polygon", "coordinates": [[[127.022026, 37.585274], [127.021918, 37.585252], [127.021891, 37.585326], [127.022001, 37.585349], [127.022026, 37.585274]]]}}, {"type": "Feature", "properties": {"h": 8.4, "area": 69, "kwh": 16956, "p": 0.239}, "geometry": {"type": "Polygon", "coordinates": [[[127.021182, 37.58773], [127.021213, 37.587667], [127.021119, 37.587634], [127.021085, 37.587697], [127.021182, 37.58773]]]}}, {"type": "Feature", "properties": {"h": 6.5, "area": 62, "kwh": 15287, "p": 0.191}, "geometry": {"type": "Polygon", "coordinates": [[[127.021145, 37.587485], [127.021176, 37.587425], [127.021085, 37.587394], [127.021054, 37.587453], [127.021145, 37.587485]]]}}, {"type": "Feature", "properties": {"h": 27.4, "area": 40, "kwh": 9867, "p": 0.05}, "geometry": {"type": "Polygon", "coordinates": [[[127.021156, 37.586518], [127.021098, 37.586498], [127.021132, 37.586437], [127.021188, 37.586458], [127.021156, 37.586518]]]}}, {"type": "Feature", "properties": {"h": 25.9, "area": 50, "kwh": 12180, "p": 0.121}, "geometry": {"type": "Polygon", "coordinates": [[[127.021706, 37.587056], [127.021627, 37.587028], [127.021666, 37.586968], [127.021701, 37.586982], [127.021699, 37.586987], [127.021713, 37.586995], [127.021728, 37.587021], [127.021706, 37.587056]]]}}, {"type": "Feature", "properties": {"h": 26.2, "area": 61, "kwh": 14999, "p": 0.181}, "geometry": {"type": "Polygon", "coordinates": [[[127.021093, 37.58738], [127.021181, 37.58741], [127.021214, 37.587351], [127.021124, 37.58732], [127.021093, 37.58738]]]}}, {"type": "Feature", "properties": {"h": 18.7, "area": 43, "kwh": 10591, "p": 0.058}, "geometry": {"type": "Polygon", "coordinates": [[[127.021966, 37.585787], [127.022045, 37.585804], [127.022029, 37.585857], [127.02195, 37.585839], [127.021966, 37.585787]]]}}, {"type": "Feature", "properties": {"h": 9.6, "area": 213, "kwh": 52255, "p": 0.584}, "geometry": {"type": "Polygon", "coordinates": [[[127.02091, 37.587292], [127.021075, 37.58735], [127.021137, 37.58724], [127.020968, 37.587182], [127.02091, 37.587292]]]}}, {"type": "Feature", "properties": {"h": 15.1, "area": 268, "kwh": 65610, "p": 0.612}, "geometry": {"type": "Polygon", "coordinates": [[[127.020443, 37.588388], [127.020451, 37.588396], [127.020525, 37.588341], [127.020488, 37.588312], [127.020483, 37.588315], [127.020451, 37.588288], [127.020445, 37.588292], [127.020439, 37.588285], [127.020417, 37.5883], [127.020389, 37.588275], [127.020379, 37.588282], [127.020371, 37.588288], [127.020348, 37.588269], [127.020308, 37.588298], [127.020313, 37.588303], [127.020244, 37.588352], [127.020336, 37.588431], [127.020339, 37.588431], [127.020369, 37.588456], [127.020437, 37.588405], [127.020429, 37.5884], [127.020443, 37.588388]]]}}, {"type": "Feature", "properties": {"h": 17.0, "area": 82, "kwh": 19994, "p": 0.326}, "geometry": {"type": "Polygon", "coordinates": [[[127.021163, 37.586288], [127.021112, 37.586273], [127.02112, 37.586255], [127.02109, 37.586246], [127.021083, 37.586242], [127.021082, 37.586236], [127.021078, 37.586228], [127.021102, 37.586175], [127.021202, 37.586205], [127.021163, 37.586288]]]}}, {"type": "Feature", "properties": {"h": 9.1, "area": 87, "kwh": 21408, "p": 0.358}, "geometry": {"type": "Polygon", "coordinates": [[[127.022026, 37.585873], [127.021987, 37.585984], [127.021913, 37.585968], [127.021952, 37.585855], [127.022026, 37.585873]]]}}, {"type": "Feature", "properties": {"h": 23.0, "area": 197, "kwh": 48379, "p": 0.567}, "geometry": {"type": "Polygon", "coordinates": [[[127.021003, 37.5875], [127.021059, 37.587397], [127.020896, 37.587336], [127.020837, 37.58744], [127.020909, 37.587467], [127.020917, 37.587451], [127.020939, 37.587458], [127.02093, 37.587476], [127.021003, 37.5875]]]}}, {"type": "Feature", "properties": {"h": 6.7, "area": 114, "kwh": 27960, "p": 0.427}, "geometry": {"type": "Polygon", "coordinates": [[[127.021889, 37.585757], [127.021833, 37.585926], [127.021897, 37.58594], [127.021954, 37.585771], [127.021889, 37.585757]]]}}, {"type": "Feature", "properties": {"h": 21.4, "area": 115, "kwh": 28188, "p": 0.429}, "geometry": {"type": "Polygon", "coordinates": [[[127.021339, 37.587225], [127.021276, 37.587203], [127.021274, 37.587198], [127.021273, 37.587196], [127.021269, 37.587196], [127.021265, 37.587197], [127.021261, 37.587197], [127.021257, 37.587197], [127.021249, 37.587192], [127.021245, 37.587188], [127.02124, 37.587188], [127.021239, 37.587189], [127.021166, 37.587164], [127.021196, 37.587107], [127.021371, 37.587167], [127.021339, 37.587225]]]}}, {"type": "Feature", "properties": {"h": 17.5, "area": 1766, "kwh": 433096, "p": 0.913}, "geometry": {"type": "Polygon", "coordinates": [[[127.032015, 37.588135], [127.032006, 37.588126], [127.031801, 37.587933], [127.031762, 37.58789], [127.032257, 37.58757], [127.032429, 37.587736], [127.032118, 37.587937], [127.032263, 37.588078], [127.032079, 37.588197], [127.032015, 37.588135]]]}}, {"type": "Feature", "properties": {"h": 23.1, "area": 1391, "kwh": 341145, "p": 0.881}, "geometry": {"type": "Polygon", "coordinates": [[[127.026304, 37.582065], [127.02621, 37.581814], [127.026289, 37.581796], [127.02627, 37.581745], [127.026339, 37.581729], [127.026298, 37.581619], [127.02648, 37.581576], [127.026533, 37.581717], [127.02659, 37.581703], [127.026691, 37.581974], [127.026562, 37.582005], [127.026304, 37.582065]]]}}, {"type": "Feature", "properties": {"h": 16.5, "area": 6737, "kwh": 1652318, "p": 0.996}, "geometry": {"type": "Polygon", "coordinates": [[[127.032193, 37.587951], [127.03235, 37.588098], [127.032311, 37.588124], [127.032156, 37.588228], [127.03245, 37.588502], [127.032777, 37.588283], [127.032834, 37.588245], [127.032893, 37.588207], [127.033069, 37.588086], [127.033332, 37.587909], [127.032715, 37.587333], [127.032406, 37.587541], [127.032338, 37.587587], [127.032471, 37.587711], [127.032504, 37.587742], [127.032193, 37.587951]]]}}, {"type": "Feature", "properties": {"h": 23.1, "area": 1282, "kwh": 314365, "p": 0.877}, "geometry": {"type": "Polygon", "coordinates": [[[127.029114, 37.59173], [127.029126, 37.59129], [127.029189, 37.591292], [127.029602, 37.591299], [127.029596, 37.591475], [127.029312, 37.59147], [127.029306, 37.591672], [127.029225, 37.591732], [127.029114, 37.59173]]]}}, {"type": "Feature", "properties": {"h": 16.1, "area": 3003, "kwh": 736563, "p": 0.974}, "geometry": {"type": "Polygon", "coordinates": [[[127.034774, 37.595248], [127.035322, 37.595312], [127.0353, 37.595427], [127.03469, 37.595355], [127.034733, 37.595125], [127.034649, 37.595115], [127.034642, 37.595154], [127.03442, 37.595128], [127.034542, 37.59447], [127.034637, 37.594481], [127.034644, 37.594444], [127.03477, 37.594459], [127.034665, 37.595023], [127.035096, 37.595073], [127.03547, 37.595117], [127.035453, 37.595209], [127.034796, 37.595132], [127.034774, 37.595248]]]}}, {"type": "Feature", "properties": {"h": 9.9, "area": 208, "kwh": 50897, "p": 0.573}, "geometry": {"type": "Polygon", "coordinates": [[[127.032311, 37.589862], [127.032417, 37.589789], [127.032291, 37.589675], [127.032185, 37.589748], [127.032311, 37.589862]]]}}, {"type": "Feature", "properties": {"h": 6.6, "area": 191, "kwh": 46827, "p": 0.557}, "geometry": {"type": "Polygon", "coordinates": [[[127.032043, 37.589618], [127.032144, 37.589548], [127.032023, 37.589438], [127.031922, 37.589508], [127.032043, 37.589618]]]}}, {"type": "Feature", "properties": {"h": 23.3, "area": 2494, "kwh": 611707, "p": 0.96}, "geometry": {"type": "Polygon", "coordinates": [[[127.030737, 37.582063], [127.030645, 37.582059], [127.030669, 37.581609], [127.030889, 37.581616], [127.030874, 37.581891], [127.030914, 37.581892], [127.03091, 37.581981], [127.030869, 37.58198], [127.030865, 37.582067], [127.030783, 37.582064], [127.030779, 37.58213], [127.032068, 37.582173], [127.032063, 37.582282], [127.031716, 37.58227], [127.031714, 37.582315], [127.031613, 37.582312], [127.031616, 37.582267], [127.030728, 37.582237], [127.030733, 37.582128], [127.030737, 37.582063]]]}}, {"type": "Feature", "properties": {"h": 15.8, "area": 144, "kwh": 35372, "p": 0.475}, "geometry": {"type": "Polygon", "coordinates": [[[127.031763, 37.582323], [127.032022, 37.582332], [127.032019, 37.582389], [127.03176, 37.58238], [127.031763, 37.582323]]]}}, {"type": "Feature", "properties": {"h": 23.1, "area": 874, "kwh": 214330, "p": 0.817}, "geometry": {"type": "Polygon", "coordinates": [[[127.02539, 37.585594], [127.025653, 37.585714], [127.025839, 37.585457], [127.025577, 37.585338], [127.02539, 37.585594]]]}}, {"type": "Feature", "properties": {"h": 19.4, "area": 197, "kwh": 48246, "p": 0.565}, "geometry": {"type": "Polygon", "coordinates": [[[127.030955, 37.588506], [127.030924, 37.588503], [127.030895, 37.588492], [127.030874, 37.588473], [127.030861, 37.588451], [127.030859, 37.588428], [127.030866, 37.588407], [127.03088, 37.588388], [127.030901, 37.588373], [127.030927, 37.588364], [127.030955, 37.588362], [127.030983, 37.588367], [127.031007, 37.588378], [127.031026, 37.588395], [127.031038, 37.588418], [127.03104, 37.588442], [127.031031, 37.588466], [127.031012, 37.588486], [127.030986, 37.5885], [127.030955, 37.588506]]]}}, {"type": "Feature", "properties": {"h": 21.8, "area": 239, "kwh": 58739, "p": 0.6}, "geometry": {"type": "Polygon", "coordinates": [[[127.026556, 37.585207], [127.026591, 37.585155], [127.026617, 37.585116], [127.026406, 37.585027], [127.026345, 37.585117], [127.026556, 37.585207]]]}}, {"type": "Feature", "properties": {"h": 7.4, "area": 729, "kwh": 178783, "p": 0.789}, "geometry": {"type": "Polygon", "coordinates": [[[127.025097, 37.584582], [127.02522, 37.584417], [127.025556, 37.584574], [127.025434, 37.584739], [127.025097, 37.584582]]]}}, {"type": "Feature", "properties": {"h": 3.3, "area": 85, "kwh": 20947, "p": 0.352}, "geometry": {"type": "Polygon", "coordinates": [[[127.031859, 37.589358], [127.031783, 37.589276], [127.031852, 37.589236], [127.031929, 37.589318], [127.031859, 37.589358]]]}}, {"type": "Feature", "properties": {"h": 7.2, "area": 118, "kwh": 28945, "p": 0.437}, "geometry": {"type": "Polygon", "coordinates": [[[127.032492, 37.589873], [127.032578, 37.589953], [127.032491, 37.590012], [127.032404, 37.589932], [127.032492, 37.589873]]]}}, {"type": "Feature", "properties": {"h": 28.6, "area": 35, "kwh": 8633, "p": 0.022}, "geometry": {"type": "Polygon", "coordinates": [[[127.034495, 37.588361], [127.034548, 37.58833], [127.034589, 37.588375], [127.034536, 37.588405], [127.034495, 37.588361]]]}}, {"type": "Feature", "properties": {"h": 17.3, "area": 703, "kwh": 172519, "p": 0.781}, "geometry": {"type": "Polygon", "coordinates": [[[127.031778, 37.590798], [127.031741, 37.59047], [127.031962, 37.590449], [127.031992, 37.590778], [127.031778, 37.590798]]]}}, {"type": "Feature", "properties": {"h": 17.8, "area": 245, "kwh": 59969, "p": 0.602}, "geometry": {"type": "Polygon", "coordinates": [[[127.030738, 37.590557], [127.03088, 37.590435], [127.030779, 37.590361], [127.030679, 37.590447], [127.030646, 37.590423], [127.030604, 37.59046], [127.030738, 37.590557]]]}}, {"type": "Feature", "properties": {"h": 17.5, "area": 699, "kwh": 171520, "p": 0.777}, "geometry": {"type": "Polygon", "coordinates": [[[127.027969, 37.589728], [127.028006, 37.58964], [127.028157, 37.58968], [127.028253, 37.589451], [127.028415, 37.589494], [127.028281, 37.589811], [127.027969, 37.589728]]]}}, {"type": "Feature", "properties": {"h": 25.4, "area": 284, "kwh": 69638, "p": 0.618}, "geometry": {"type": "Polygon", "coordinates": [[[127.028171, 37.589987], [127.028303, 37.589876], [127.028377, 37.589931], [127.028339, 37.589963], [127.028379, 37.589992], [127.028418, 37.589959], [127.028454, 37.589986], [127.028322, 37.590099], [127.028171, 37.589987]]]}}, {"type": "Feature", "properties": {"h": 9.9, "area": 1714, "kwh": 420486, "p": 0.909}, "geometry": {"type": "Polygon", "coordinates": [[[127.032506, 37.592273], [127.032659, 37.592326], [127.032836, 37.592319], [127.033009, 37.591868], [127.032954, 37.591868], [127.03298, 37.591828], [127.032893, 37.591821], [127.032921, 37.591774], [127.0329, 37.591768], [127.032924, 37.591727], [127.032905, 37.591722], [127.032931, 37.591676], [127.032908, 37.59167], [127.032933, 37.591626], [127.032913, 37.591622], [127.032941, 37.591579], [127.032921, 37.59157], [127.032922, 37.591544], [127.03281, 37.59154], [127.032789, 37.591822], [127.032506, 37.592273]]]}}, {"type": "Feature", "properties": {"h": 12.0, "area": 2052, "kwh": 503257, "p": 0.94}, "geometry": {"type": "Polygon", "coordinates": [[[127.024368, 37.584522], [127.024826, 37.583935], [127.024566, 37.583808], [127.024109, 37.584395], [127.024368, 37.584522]]]}}, {"type": "Feature", "properties": {"h": 29.0, "area": 22, "kwh": 5360, "p": 0.004}, "geometry": {"type": "Polygon", "coordinates": [[[127.03261, 37.587383], [127.032572, 37.587345], [127.032608, 37.587322], [127.032646, 37.58736], [127.03261, 37.587383]]]}}, {"type": "Feature", "properties": {"h": 28.8, "area": 43, "kwh": 10635, "p": 0.06}, "geometry": {"type": "Polygon", "coordinates": [[[127.034079, 37.588182], [127.034098, 37.588168], [127.034242, 37.588293], [127.034222, 37.588307], [127.034079, 37.588182]]]}}, {"type": "Feature", "properties": {"h": 16.5, "area": 2325, "kwh": 570192, "p": 0.954}, "geometry": {"type": "Polygon", "coordinates": [[[127.023786, 37.588202], [127.023851, 37.588119], [127.023903, 37.588064], [127.024368, 37.588315], [127.0252, 37.588105], [127.025243, 37.588251], [127.024564, 37.588426], [127.024412, 37.588468], [127.024306, 37.588476], [127.023786, 37.588202]]]}}, {"type": "Feature", "properties": {"h": 16.5, "area": 555, "kwh": 136044, "p": 0.734}, "geometry": {"type": "Polygon", "coordinates": [[[127.025166, 37.587545], [127.025251, 37.587456], [127.024844, 37.587215], [127.024755, 37.587301], [127.025166, 37.587545]]]}}, {"type": "Feature", "properties": {"h": 9.6, "area": 1183, "kwh": 290181, "p": 0.871}, "geometry": {"type": "Polygon", "coordinates": [[[127.025049, 37.588036], [127.025315, 37.588098], [127.025336, 37.588059], [127.025385, 37.588015], [127.025437, 37.587869], [127.025484, 37.587749], [127.025397, 37.587727], [127.025412, 37.587677], [127.025222, 37.587637], [127.025202, 37.587693], [127.025078, 37.587951], [127.025074, 37.587991], [127.025049, 37.588036]]]}}, {"type": "Feature", "properties": {"h": 24.5, "area": 763, "kwh": 187161, "p": 0.797}, "geometry": {"type": "Polygon", "coordinates": [[[127.024646, 37.588611], [127.02477, 37.588636], [127.024897, 37.588634], [127.024993, 37.588594], [127.025067, 37.588549], [127.025127, 37.588476], [127.024961, 37.588418], [127.024925, 37.588367], [127.02472, 37.58842], [127.024748, 37.588465], [127.024713, 37.588519], [127.024646, 37.588611]]]}}, {"type": "Feature", "properties": {"h": 16.5, "area": 520, "kwh": 127495, "p": 0.714}, "geometry": {"type": "Polygon", "coordinates": [[[127.025233, 37.588515], [127.025363, 37.588547], [127.025516, 37.588219], [127.025375, 37.588193], [127.025246, 37.588163], [127.025243, 37.588184], [127.025313, 37.588204], [127.025302, 37.588228], [127.025346, 37.588241], [127.025312, 37.588335], [127.025289, 37.588386], [127.025233, 37.588515]]]}}, {"type": "Feature", "properties": {"h": 16.5, "area": 580, "kwh": 142303, "p": 0.746}, "geometry": {"type": "Polygon", "coordinates": [[[127.024324, 37.588896], [127.024496, 37.588943], [127.024636, 37.588642], [127.024466, 37.588586], [127.024324, 37.588896]]]}}, {"type": "Feature", "properties": {"h": 56.0, "area": 667, "kwh": 163593, "p": 0.767}, "geometry": {"type": "Polygon", "coordinates": [[[127.034875, 37.582376], [127.034334, 37.582436], [127.034356, 37.58256], [127.034897, 37.5825], [127.034875, 37.582376]]]}}, {"type": "Feature", "properties": {"h": 39.6, "area": 1158, "kwh": 283933, "p": 0.865}, "geometry": {"type": "Polygon", "coordinates": [[[127.024224, 37.581989], [127.024376, 37.581958], [127.024386, 37.581988], [127.024445, 37.581976], [127.02444, 37.581963], [127.024671, 37.581915], [127.024679, 37.581942], [127.02474, 37.581929], [127.024732, 37.581903], [127.024835, 37.581881], [127.024823, 37.581847], [127.024903, 37.581831], [127.024912, 37.581857], [127.024974, 37.581844], [127.024966, 37.581818], [127.025065, 37.581797], [127.02503, 37.581692], [127.024184, 37.581867], [127.024224, 37.581989]]]}}, {"type": "Feature", "properties": {"h": 39.6, "area": 962, "kwh": 236013, "p": 0.835}, "geometry": {"type": "Polygon", "coordinates": [[[127.025131, 37.581683], [127.025154, 37.581779], [127.025219, 37.581769], [127.025225, 37.581794], [127.02529, 37.581784], [127.025282, 37.581751], [127.025391, 37.581734], [127.025399, 37.581767], [127.025477, 37.581755], [127.025487, 37.581794], [127.025552, 37.581784], [127.025543, 37.581745], [127.025765, 37.581711], [127.025769, 37.581726], [127.025837, 37.581716], [127.02583, 37.581688], [127.025976, 37.581665], [127.02595, 37.581558], [127.025131, 37.581683]]]}}, {"type": "Feature", "properties": {"h": 21.1, "area": 327, "kwh": 80177, "p": 0.644}, "geometry": {"type": "Polygon", "coordinates": [[[127.02384, 37.586378], [127.024095, 37.58634], [127.024065, 37.586213], [127.02381, 37.586251], [127.02384, 37.586378]]]}}, {"type": "Feature", "properties": {"h": 56.0, "area": 825, "kwh": 202275, "p": 0.807}, "geometry": {"type": "Polygon", "coordinates": [[[127.03346, 37.594289], [127.0334, 37.594382], [127.033593, 37.59446], [127.034122, 37.594673], [127.034182, 37.59458], [127.033824, 37.594436], [127.03346, 37.594289]]]}}, {"type": "Feature", "properties": {"h": 26.4, "area": 975, "kwh": 239226, "p": 0.839}, "geometry": {"type": "Polygon", "coordinates": [[[127.033584, 37.594029], [127.033518, 37.594132], [127.033867, 37.594272], [127.033834, 37.594324], [127.033932, 37.594363], [127.033965, 37.594312], [127.034244, 37.594424], [127.03431, 37.594322], [127.033584, 37.594029]]]}}, {"type": "Feature", "properties": {"h": 29.0, "area": 456, "kwh": 111862, "p": 0.694}, "geometry": {"type": "Polygon", "coordinates": [[[127.030494, 37.582347], [127.030495, 37.582101], [127.030641, 37.582104], [127.030642, 37.582122], [127.030706, 37.582124], [127.030688, 37.582337], [127.030548, 37.582335], [127.030547, 37.582348], [127.030494, 37.582347]]]}}, {"type": "Feature", "properties": {"h": 24.7, "area": 729, "kwh": 178720, "p": 0.787}, "geometry": {"type": "Polygon", "coordinates": [[[127.033485, 37.581558], [127.033369, 37.581411], [127.033523, 37.581338], [127.033544, 37.581337], [127.033566, 37.581346], [127.033709, 37.581524], [127.033709, 37.581536], [127.033834, 37.581679], [127.03372, 37.581731], [127.033624, 37.581641], [127.033606, 37.58165], [127.033515, 37.581548], [127.033485, 37.581558]]]}}, {"type": "Feature", "properties": {"h": 24.2, "area": 897, "kwh": 219928, "p": 0.823}, "geometry": {"type": "Polygon", "coordinates": [[[127.033844, 37.581663], [127.03383, 37.58166], [127.033771, 37.581586], [127.033801, 37.581572], [127.033795, 37.581565], [127.034449, 37.581226], [127.034459, 37.581239], [127.03449, 37.581221], [127.034556, 37.581298], [127.034154, 37.581502], [127.034173, 37.581528], [127.034069, 37.581584], [127.034045, 37.581557], [127.033844, 37.581663]]]}}, {"type": "Feature", "properties": {"h": 9.4, "area": 686, "kwh": 168190, "p": 0.775}, "geometry": {"type": "Polygon", "coordinates": [[[127.033945, 37.581871], [127.033893, 37.581801], [127.033936, 37.58178], [127.033922, 37.581765], [127.034433, 37.581499], [127.034444, 37.581514], [127.03446, 37.581504], [127.03447, 37.581512], [127.034486, 37.581506], [127.034543, 37.581569], [127.033945, 37.581871]]]}}, {"type": "Feature", "properties": {"h": 17.0, "area": 189, "kwh": 46472, "p": 0.555}, "geometry": {"type": "Polygon", "coordinates": [[[127.028874, 37.5867], [127.029053, 37.5867], [127.029061, 37.586601], [127.028872, 37.586588], [127.028874, 37.5867]]]}}, {"type": "Feature", "properties": {"h": 16.6, "area": 415, "kwh": 101792, "p": 0.682}, "geometry": {"type": "Polygon", "coordinates": [[[127.021982, 37.593255], [127.02193, 37.592989], [127.022093, 37.592973], [127.022137, 37.59323], [127.021982, 37.593255]]]}}, {"type": "Feature", "properties": {"h": 9.1, "area": 180, "kwh": 44229, "p": 0.539}, "geometry": {"type": "Polygon", "coordinates": [[[127.021776, 37.593235], [127.021749, 37.593078], [127.021867, 37.593062], [127.021886, 37.593224], [127.021776, 37.593235]]]}}, {"type": "Feature", "properties": {"h": 20.2, "area": 172, "kwh": 42090, "p": 0.529}, "geometry": {"type": "Polygon", "coordinates": [[[127.021839, 37.593288], [127.021958, 37.593272], [127.021992, 37.59342], [127.021871, 37.593427], [127.021839, 37.593288]]]}}, {"type": "Feature", "properties": {"h": 11.0, "area": 113, "kwh": 27625, "p": 0.421}, "geometry": {"type": "Polygon", "coordinates": [[[127.022133, 37.593411], [127.022127, 37.59329], [127.022031, 37.593295], [127.022036, 37.593413], [127.022133, 37.593411]]]}}, {"type": "Feature", "properties": {"h": 19.8, "area": 1855, "kwh": 454929, "p": 0.924}, "geometry": {"type": "Polygon", "coordinates": [[[127.02707, 37.59245], [127.027185, 37.592376], [127.02713, 37.592323], [127.027154, 37.592186], [127.027281, 37.592109], [127.027459, 37.59213], [127.027421, 37.592154], [127.027495, 37.592228], [127.027675, 37.592117], [127.027935, 37.592381], [127.028052, 37.592308], [127.027803, 37.592056], [127.027819, 37.592046], [127.027755, 37.591981], [127.02773, 37.591996], [127.027652, 37.591917], [127.027549, 37.591981], [127.02759, 37.592023], [127.027525, 37.592063], [127.027486, 37.592025], [127.027451, 37.592025], [127.027443, 37.592008], [127.02728, 37.591982], [127.027275, 37.592], [127.027261, 37.592003], [127.027251, 37.59201], [127.027236, 37.591994], [127.027041, 37.592116], [127.027052, 37.592127], [127.027037, 37.592137], [127.02703, 37.592147], [127.027013, 37.592146], [127.026989, 37.592337], [127.027, 37.592338], [127.026998, 37.592353], [127.027011, 37.592365], [127.026994, 37.592376], [127.02707, 37.59245]]]}}, {"type": "Feature", "properties": {"h": 16.5, "area": 1778, "kwh": 436050, "p": 0.915}, "geometry": {"type": "Polygon", "coordinates": [[[127.027085, 37.592466], [127.027193, 37.5924], [127.027342, 37.592554], [127.027592, 37.592403], [127.027609, 37.592421], [127.027649, 37.592397], [127.027816, 37.592569], [127.028059, 37.592421], [127.028164, 37.59253], [127.027772, 37.592769], [127.027755, 37.592751], [127.027744, 37.592758], [127.027732, 37.592761], [127.027707, 37.592759], [127.027696, 37.592754], [127.027669, 37.592726], [127.027638, 37.592745], [127.027464, 37.592566], [127.027286, 37.592674], [127.027085, 37.592466]]]}}, {"type": "Feature", "properties": {"h": 15.1, "area": 216, "kwh": 53047, "p": 0.588}, "geometry": {"type": "Polygon", "coordinates": [[[127.028145, 37.589995], [127.028031, 37.589916], [127.027909, 37.590025], [127.028023, 37.590105], [127.028145, 37.589995]]]}}, {"type": "Feature", "properties": {"h": 16.5, "area": 5284, "kwh": 1296014, "p": 0.992}, "geometry": {"type": "Polygon", "coordinates": [[[127.02655, 37.587272], [127.02622, 37.587507], [127.026179, 37.587536], [127.026054, 37.587625], [127.025818, 37.587402], [127.026211, 37.587133], [127.026324, 37.587057], [127.025999, 37.586744], [127.026095, 37.586679], [127.026256, 37.58656], [127.026986, 37.587243], [127.027066, 37.587318], [127.026816, 37.587512], [127.02655, 37.587272]]]}}, {"type": "Feature", "properties": {"h": 27.1, "area": 2022, "kwh": 495912, "p": 0.934}, "geometry": {"type": "Polygon", "coordinates": [[[127.026945, 37.587628], [127.026816, 37.587512], [127.027066, 37.587318], [127.026986, 37.587243], [127.027399, 37.586948], [127.027627, 37.587152], [127.026945, 37.587628]]]}}, {"type": "Feature", "properties": {"h": 23.1, "area": 831, "kwh": 203797, "p": 0.809}, "geometry": {"type": "Polygon", "coordinates": [[[127.027287, 37.588871], [127.027696, 37.588604], [127.027567, 37.58848], [127.027511, 37.588516], [127.027484, 37.588534], [127.027158, 37.588747], [127.027287, 37.588871]]]}}, {"type": "Feature", "properties": {"h": 20.4, "area": 1792, "kwh": 439501, "p": 0.918}, "geometry": {"type": "Polygon", "coordinates": [[[127.027103, 37.588811], [127.026951, 37.58866], [127.026931, 37.588639], [127.026776, 37.588486], [127.026722, 37.588521], [127.026665, 37.588465], [127.026727, 37.588426], [127.026666, 37.588366], [127.026688, 37.588352], [127.026638, 37.588305], [127.026626, 37.588293], [127.026578, 37.588243], [127.026346, 37.588389], [127.0269, 37.58894], [127.027103, 37.588811]]]}}, {"type": "Feature", "properties": {"h": 19.9, "area": 45, "kwh": 11027, "p": 0.062}, "geometry": {"type": "Polygon", "coordinates": [[[127.026477, 37.588059], [127.026591, 37.587984], [127.026566, 37.58796], [127.026452, 37.588035], [127.026477, 37.588059]]]}}, {"type": "Feature", "properties": {"h": 23.8, "area": 99, "kwh": 24214, "p": 0.396}, "geometry": {"type": "Polygon", "coordinates": [[[127.026354, 37.587666], [127.026179, 37.587536], [127.02622, 37.587507], [127.026394, 37.58764], [127.026354, 37.587666]]]}}, {"type": "Feature", "properties": {"h": 29.8, "area": 969, "kwh": 237734, "p": 0.837}, "geometry": {"type": "Polygon", "coordinates": [[[127.026811, 37.588374], [127.026903, 37.588318], [127.026892, 37.588307], [127.026975, 37.588256], [127.026983, 37.588264], [127.027075, 37.588208], [127.026848, 37.587972], [127.026786, 37.588009], [127.026767, 37.58802], [127.026747, 37.588032], [127.026753, 37.588039], [127.026686, 37.588079], [127.026675, 37.588068], [127.026597, 37.588115], [127.026606, 37.588125], [127.026585, 37.588138], [127.026811, 37.588374]]]}}, {"type": "Feature", "properties": {"h": 26.2, "area": 23, "kwh": 5548, "p": 0.006}, "geometry": {"type": "Polygon", "coordinates": [[[127.027484, 37.588534], [127.027439, 37.588482], [127.027468, 37.588462], [127.027511, 37.588516], [127.027484, 37.588534]]]}}, {"type": "Feature", "properties": {"h": 23.0, "area": 46, "kwh": 11400, "p": 0.07}, "geometry": {"type": "Polygon", "coordinates": [[[127.026951, 37.58866], [127.02709, 37.588571], [127.027068, 37.58855], [127.026931, 37.588639], [127.026951, 37.58866]]]}}, {"type": "Feature", "properties": {"h": 14.9, "area": 24, "kwh": 5952, "p": 0.008}, "geometry": {"type": "Polygon", "coordinates": [[[127.026638, 37.588305], [127.026653, 37.588296], [127.026476, 37.588115], [127.026468, 37.58812], [127.026633, 37.588289], [127.026626, 37.588293], [127.026638, 37.588305]]]}}, {"type": "Feature", "properties": {"h": 10.6, "area": 33, "kwh": 8172, "p": 0.02}, "geometry": {"type": "Polygon", "coordinates": [[[127.034662, 37.59129], [127.034733, 37.59124], [127.034763, 37.591267], [127.034692, 37.591317], [127.034662, 37.59129]]]}}, {"type": "Feature", "properties": {"h": 27.8, "area": 320, "kwh": 78491, "p": 0.64}, "geometry": {"type": "Polygon", "coordinates": [[[127.026064, 37.594126], [127.026181, 37.594207], [127.026004, 37.594366], [127.025888, 37.594285], [127.026064, 37.594126]]]}}, {"type": "Feature", "properties": {"h": 6.6, "area": 818, "kwh": 200730, "p": 0.801}, "geometry": {"type": "Polygon", "coordinates": [[[127.026495, 37.593069], [127.026627, 37.5932], [127.027018, 37.592953], [127.026886, 37.592822], [127.02673, 37.59292], [127.026495, 37.593069]]]}}, {"type": "Feature", "properties": {"h": 9.8, "area": 1432, "kwh": 351264, "p": 0.885}, "geometry": {"type": "Polygon", "coordinates": [[[127.031211, 37.587995], [127.03128, 37.587946], [127.031265, 37.587922], [127.031303, 37.587895], [127.031216, 37.587817], [127.03126, 37.587786], [127.031373, 37.587887], [127.031476, 37.587815], [127.031243, 37.587606], [127.03118, 37.58765], [127.030991, 37.587481], [127.030888, 37.587554], [127.030928, 37.587573], [127.030841, 37.587634], [127.030978, 37.587756], [127.030935, 37.587786], [127.03116, 37.587988], [127.031185, 37.587971], [127.031211, 37.587995]]]}}, {"type": "Feature", "properties": {"h": 19.8, "area": 375, "kwh": 92052, "p": 0.666}, "geometry": {"type": "Polygon", "coordinates": [[[127.03122, 37.586083], [127.031296, 37.586087], [127.0313, 37.586037], [127.031461, 37.586045], [127.031445, 37.58624], [127.031324, 37.586234], [127.031327, 37.586199], [127.031211, 37.586193], [127.03122, 37.586083]]]}}, {"type": "Feature", "properties": {"h": 40.0, "area": 294, "kwh": 72051, "p": 0.624}, "geometry": {"type": "Polygon", "coordinates": [[[127.023741, 37.588576], [127.024065, 37.58854], [127.02408, 37.588626], [127.023947, 37.588641], [127.023951, 37.588662], [127.023878, 37.58867], [127.023875, 37.58865], [127.023756, 37.588663], [127.023741, 37.588576]]]}}, {"type": "Feature", "properties": {"h": 38.0, "area": 310, "kwh": 76089, "p": 0.634}, "geometry": {"type": "Polygon", "coordinates": [[[127.02363, 37.588715], [127.023719, 37.588709], [127.02376, 37.589046], [127.023672, 37.589053], [127.023665, 37.588997], [127.023637, 37.588999], [127.023634, 37.588975], [127.02366, 37.588973], [127.023643, 37.588829], [127.023618, 37.588831], [127.023615, 37.588803], [127.02364, 37.588801], [127.02363, 37.588715]]]}}, {"type": "Feature", "properties": {"h": 40.0, "area": 393, "kwh": 96397, "p": 0.674}, "geometry": {"type": "Polygon", "coordinates": [[[127.02383, 37.589114], [127.024035, 37.589092], [127.024033, 37.58908], [127.024246, 37.589056], [127.024261, 37.589143], [127.024185, 37.589151], [127.024189, 37.589177], [127.024145, 37.589182], [127.024142, 37.589161], [127.024056, 37.589171], [127.024057, 37.58918], [127.023986, 37.589188], [127.023989, 37.589208], [127.023938, 37.589214], [127.023935, 37.589195], [127.023846, 37.589205], [127.02383, 37.589114]]]}}, {"type": "Feature", "properties": {"h": 8.6, "area": 192, "kwh": 46974, "p": 0.559}, "geometry": {"type": "Polygon", "coordinates": [[[127.02333, 37.589007], [127.023479, 37.588997], [127.023464, 37.588853], [127.02336, 37.588861], [127.023364, 37.588903], [127.023319, 37.588906], [127.02333, 37.589007]]]}}, {"type": "Feature", "properties": {"h": 40.0, "area": 474, "kwh": 116341, "p": 0.7}, "geometry": {"type": "Polygon", "coordinates": [[[127.022931, 37.589197], [127.023512, 37.589138], [127.023524, 37.589216], [127.02339, 37.589229], [127.023393, 37.589248], [127.023337, 37.589254], [127.023334, 37.589236], [127.023093, 37.58926], [127.023097, 37.589281], [127.023045, 37.589287], [127.023042, 37.589269], [127.022945, 37.589279], [127.022931, 37.589197]]]}}, {"type": "Feature", "properties": {"h": 40.0, "area": 313, "kwh": 76777, "p": 0.638}, "geometry": {"type": "Polygon", "coordinates": [[[127.023554, 37.58939], [127.023869, 37.589358], [127.023885, 37.589456], [127.023761, 37.589469], [127.023764, 37.589484], [127.023708, 37.589489], [127.023705, 37.589473], [127.02357, 37.589487], [127.023554, 37.58939]]]}}, {"type": "Feature", "properties": {"h": 40.0, "area": 511, "kwh": 125450, "p": 0.706}, "geometry": {"type": "Polygon", "coordinates": [[[127.022829, 37.589341], [127.022954, 37.589334], [127.02299, 37.589732], [127.022867, 37.58974], [127.022862, 37.589685], [127.022828, 37.589687], [127.022824, 37.589647], [127.022857, 37.589645], [127.022842, 37.589481], [127.022813, 37.589483], [127.022809, 37.589439], [127.022838, 37.589437], [127.022829, 37.589341]]]}}, {"type": "Feature", "properties": {"h": 40.0, "area": 426, "kwh": 104567, "p": 0.684}, "geometry": {"type": "Polygon", "coordinates": [[[127.023026, 37.58978], [127.023274, 37.589761], [127.023271, 37.589737], [127.023533, 37.589717], [127.023542, 37.589792], [127.023441, 37.589799], [127.023445, 37.589839], [127.023398, 37.589843], [127.023394, 37.589812], [127.023287, 37.58982], [127.023288, 37.589834], [127.02319, 37.589842], [127.023195, 37.58988], [127.023146, 37.589884], [127.023143, 37.589852], [127.023036, 37.58986], [127.023026, 37.58978]]]}}, {"type": "Feature", "properties": {"h": 40.0, "area": 512, "kwh": 125617, "p": 0.708}, "geometry": {"type": "Polygon", "coordinates": [[[127.023576, 37.589985], [127.023562, 37.589886], [127.024063, 37.58984], [127.024077, 37.589937], [127.024009, 37.589944], [127.024013, 37.589971], [127.023962, 37.589975], [127.023958, 37.589949], [127.023752, 37.589968], [127.023756, 37.589991], [127.023701, 37.589996], [127.023697, 37.589974], [127.023576, 37.589985]]]}}, {"type": "Feature", "properties": {"h": 35.0, "area": 201, "kwh": 49193, "p": 0.569}, "geometry": {"type": "Polygon", "coordinates": [[[127.024073, 37.589669], [127.024185, 37.589661], [127.024205, 37.589832], [127.024092, 37.589841], [127.024085, 37.589782], [127.024061, 37.589784], [127.024056, 37.589739], [127.024081, 37.589737], [127.024073, 37.589669]]]}}, {"type": "Feature", "properties": {"h": 32.0, "area": 202, "kwh": 49490, "p": 0.571}, "geometry": {"type": "Polygon", "coordinates": [[[127.024201, 37.58963], [127.024186, 37.589541], [127.024401, 37.589518], [127.024416, 37.589608], [127.024343, 37.589616], [127.024346, 37.589634], [127.024289, 37.589641], [127.024286, 37.589621], [127.024201, 37.58963]]]}}, {"type": "Feature", "properties": {"h": 30.0, "area": 393, "kwh": 96444, "p": 0.676}, "geometry": {"type": "Polygon", "coordinates": [[[127.024393, 37.58928], [127.024598, 37.589258], [127.024596, 37.589246], [127.024809, 37.589222], [127.024824, 37.589309], [127.024748, 37.589317], [127.024753, 37.589343], [127.024709, 37.589348], [127.024705, 37.589327], [127.024619, 37.589337], [127.02462, 37.589346], [127.024549, 37.589354], [127.024553, 37.589374], [127.024501, 37.58938], [127.024498, 37.589361], [127.024409, 37.589371], [127.024393, 37.58928]]]}}, {"type": "Feature", "properties": {"h": 21.0, "area": 412, "kwh": 101106, "p": 0.678}, "geometry": {"type": "Polygon", "coordinates": [[[127.024893, 37.588797], [127.025007, 37.588787], [127.025031, 37.588959], [127.024987, 37.588963], [127.025012, 37.589144], [127.024907, 37.589154], [127.024896, 37.589072], [127.024859, 37.589075], [127.024856, 37.589051], [127.02489, 37.589048], [127.024886, 37.589021], [127.02487, 37.589022], [127.024866, 37.588995], [127.024881, 37.588993], [127.024878, 37.58897], [127.024917, 37.588966], [127.024914, 37.588945], [127.024898, 37.588946], [127.024896, 37.588933], [127.024917, 37.588931], [127.024912, 37.588896], [127.024875, 37.5889], [127.024871, 37.588865], [127.024904, 37.588863], [127.024901, 37.58884], [127.024884, 37.588842], [127.024881, 37.588815], [127.024895, 37.588814], [127.024893, 37.588797]]]}}, {"type": "Feature", "properties": {"h": 23.5, "area": 83, "kwh": 20323, "p": 0.336}, "geometry": {"type": "Polygon", "coordinates": [[[127.02625, 37.5892], [127.026348, 37.589193], [127.026338, 37.589107], [127.02624, 37.589114], [127.02625, 37.5892]]]}}, {"type": "Feature", "properties": {"h": 12.7, "area": 36, "kwh": 8757, "p": 0.026}, "geometry": {"type": "Polygon", "coordinates": [[[127.026803, 37.592625], [127.026838, 37.592602], [127.026775, 37.59254], [127.026739, 37.592563], [127.026803, 37.592625]]]}}, {"type": "Feature", "properties": {"h": 27.6, "area": 324, "kwh": 79370, "p": 0.642}, "geometry": {"type": "Polygon", "coordinates": [[[127.027088, 37.590041], [127.02722, 37.589966], [127.02732, 37.590078], [127.027332, 37.59011], [127.027331, 37.590149], [127.027329, 37.590201], [127.027287, 37.590234], [127.027088, 37.590041]]]}}, {"type": "Feature", "properties": {"h": 22.6, "area": 149, "kwh": 36640, "p": 0.487}, "geometry": {"type": "Polygon", "coordinates": [[[127.030182, 37.590175], [127.030224, 37.590186], [127.030232, 37.590166], [127.030263, 37.590174], [127.030272, 37.590153], [127.030289, 37.590158], [127.030341, 37.590172], [127.030325, 37.590207], [127.030356, 37.590216], [127.03033, 37.590275], [127.030236, 37.590249], [127.03023, 37.590263], [127.030164, 37.590245], [127.03017, 37.590232], [127.030158, 37.590229], [127.030182, 37.590175]]]}}, {"type": "Feature", "properties": {"h": 24.0, "area": 31, "kwh": 7609, "p": 0.014}, "geometry": {"type": "Polygon", "coordinates": [[[127.028336, 37.591102], [127.028386, 37.591102], [127.028387, 37.591039], [127.028336, 37.591039], [127.028336, 37.591102]]]}}, {"type": "Feature", "properties": {"h": 18.0, "area": 56, "kwh": 13748, "p": 0.151}, "geometry": {"type": "Polygon", "coordinates": [[[127.025132, 37.593266], [127.025236, 37.593179], [127.025271, 37.593205], [127.025167, 37.593292], [127.025132, 37.593266]]]}}, {"type": "Feature", "properties": {"h": 20.2, "area": 2101, "kwh": 515332, "p": 0.944}, "geometry": {"type": "Polygon", "coordinates": [[[127.024753, 37.58233], [127.025075, 37.582201], [127.025078, 37.582177], [127.025691, 37.582265], [127.025402, 37.582426], [127.025424, 37.582456], [127.025417, 37.582471], [127.024901, 37.58252], [127.024904, 37.582568], [127.024888, 37.582568], [127.024724, 37.582349], [127.024623, 37.582395], [127.024816, 37.582637], [127.024912, 37.582591], [127.024923, 37.58262], [127.025458, 37.582564], [127.025435, 37.582479], [127.025444, 37.582473], [127.025478, 37.582506], [127.025767, 37.582345], [127.025716, 37.582295], [127.025723, 37.582268], [127.025781, 37.582278], [127.025801, 37.582196], [127.025094, 37.582089], [127.025071, 37.582139], [127.025038, 37.582147], [127.025021, 37.582125], [127.024705, 37.582258], [127.024753, 37.58233]]]}}, {"type": "Feature", "properties": {"h": 14.9, "area": 509, "kwh": 124792, "p": 0.704}, "geometry": {"type": "Polygon", "coordinates": [[[127.024395, 37.582334], [127.024489, 37.582361], [127.024299, 37.582775], [127.024157, 37.582734], [127.024196, 37.58265], [127.024229, 37.58266], [127.024333, 37.582435], [127.024347, 37.582439], [127.024395, 37.582334]]]}}, {"type": "Feature", "properties": {"h": 15.8, "area": 364, "kwh": 89330, "p": 0.66}, "geometry": {"type": "Polygon", "coordinates": [[[127.024061, 37.582519], [127.02426, 37.582216], [127.024357, 37.582256], [127.024158, 37.582559], [127.024061, 37.582519]]]}}, {"type": "Feature", "properties": {"h": 35.0, "area": 871, "kwh": 213512, "p": 0.815}, "geometry": {"type": "Polygon", "coordinates": [[[127.023446, 37.584654], [127.023558, 37.584652], [127.023551, 37.584413], [127.0236, 37.584413], [127.023599, 37.584391], [127.023687, 37.584389], [127.023687, 37.584404], [127.023749, 37.584403], [127.023751, 37.584439], [127.023813, 37.584438], [127.023812, 37.584411], [127.023864, 37.58441], [127.023864, 37.58439], [127.023928, 37.584389], [127.023926, 37.584291], [127.023874, 37.584292], [127.023874, 37.5843], [127.023686, 37.584303], [127.023686, 37.584295], [127.023639, 37.584296], [127.023639, 37.58432], [127.023599, 37.584321], [127.023598, 37.58431], [127.023537, 37.584311], [127.023537, 37.584321], [127.023415, 37.584323], [127.023415, 37.584316], [127.023351, 37.584317], [127.023351, 37.584326], [127.023325, 37.584326], [127.023327, 37.584396], [127.023359, 37.584396], [127.02336, 37.584418], [127.023406, 37.584417], [127.023406, 37.584388], [127.023435, 37.584388], [127.023437, 37.584448], [127.023424, 37.584449], [127.023425, 37.584501], [127.023411, 37.584501], [127.023413, 37.584589], [127.023444, 37.584589], [127.023446, 37.584654]]]}}, {"type": "Feature", "properties": {"h": 30.0, "area": 472, "kwh": 115665, "p": 0.698}, "geometry": {"type": "Polygon", "coordinates": [[[127.023488, 37.584693], [127.023616, 37.584691], [127.023623, 37.585035], [127.023567, 37.585036], [127.023567, 37.585045], [127.023507, 37.585045], [127.023507, 37.585034], [127.023492, 37.585035], [127.023489, 37.584905], [127.023469, 37.584905], [127.023466, 37.584759], [127.023489, 37.584759], [127.023488, 37.584693]]]}}, {"type": "Feature", "properties": {"h": 35.0, "area": 541, "kwh": 132693, "p": 0.73}, "geometry": {"type": "Polygon", "coordinates": [[[127.023621, 37.585311], [127.023698, 37.585223], [127.023738, 37.585245], [127.023732, 37.585253], [127.023864, 37.585325], [127.023871, 37.585317], [127.023917, 37.585342], [127.023893, 37.585369], [127.02393, 37.585389], [127.023921, 37.585399], [127.024056, 37.585472], [127.024063, 37.585463], [127.02411, 37.585489], [127.024044, 37.585565], [127.023999, 37.585541], [127.023991, 37.585549], [127.023952, 37.585528], [127.023918, 37.585568], [127.023877, 37.585545], [127.023912, 37.585504], [127.023853, 37.585472], [127.023861, 37.585463], [127.023821, 37.585441], [127.023837, 37.585423], [127.023767, 37.585385], [127.023737, 37.58542], [127.023693, 37.585397], [127.02372, 37.585365], [127.023621, 37.585311]]]}}, {"type": "Feature", "properties": {"h": 35.0, "area": 384, "kwh": 94232, "p": 0.668}, "geometry": {"type": "Polygon", "coordinates": [[[127.02411, 37.58554], [127.024207, 37.585544], [127.024203, 37.58561], [127.024231, 37.585611], [127.024231, 37.585616], [127.024293, 37.585618], [127.024293, 37.585615], [127.024365, 37.585617], [127.024361, 37.585706], [127.024326, 37.585705], [127.024325, 37.585713], [127.024194, 37.585709], [127.024192, 37.585754], [127.024161, 37.585752], [127.02416, 37.585774], [127.024087, 37.585771], [127.024089, 37.585741], [127.024078, 37.585741], [127.02408, 37.585708], [127.024097, 37.585709], [127.024102, 37.585619], [127.024082, 37.585618], [127.024085, 37.585568], [127.024109, 37.585569], [127.02411, 37.58554]]]}}, {"type": "Feature", "properties": {"h": 17.5, "area": 534, "kwh": 130956, "p": 0.724}, "geometry": {"type": "Polygon", "coordinates": [[[127.022735, 37.585206], [127.022763, 37.585118], [127.023348, 37.585235], [127.02332, 37.585323], [127.022735, 37.585206]]]}}, {"type": "Feature", "properties": {"h": 26.4, "area": 600, "kwh": 147243, "p": 0.748}, "geometry": {"type": "Polygon", "coordinates": [[[127.022828, 37.585332], [127.02342, 37.585458], [127.023388, 37.585555], [127.022795, 37.585429], [127.022828, 37.585332]]]}}, {"type": "Feature", "properties": {"h": 28.6, "area": 360, "kwh": 88383, "p": 0.656}, "geometry": {"type": "Polygon", "coordinates": [[[127.022826, 37.585034], [127.022851, 37.58494], [127.023229, 37.585005], [127.023204, 37.585098], [127.022826, 37.585034]]]}}, {"type": "Feature", "properties": {"h": 21.4, "area": 374, "kwh": 91833, "p": 0.664}, "geometry": {"type": "Polygon", "coordinates": [[[127.022496, 37.584962], [127.022608, 37.584984], [127.022507, 37.585307], [127.022395, 37.585285], [127.022496, 37.584962]]]}}, {"type": "Feature", "properties": {"h": 6.0, "area": 35, "kwh": 8651, "p": 0.024}, "geometry": {"type": "Polygon", "coordinates": [[[127.025227, 37.584334], [127.025263, 37.584283], [127.025317, 37.584307], [127.025281, 37.584358], [127.025227, 37.584334]]]}}, {"type": "Feature", "properties": {"h": 10.8, "area": 38, "kwh": 9348, "p": 0.04}, "geometry": {"type": "Polygon", "coordinates": [[[127.024969, 37.584676], [127.025007, 37.584624], [127.025063, 37.584649], [127.025025, 37.584702], [127.024969, 37.584676]]]}}, {"type": "Feature", "properties": {"h": 12.2, "area": 46, "kwh": 11330, "p": 0.068}, "geometry": {"type": "Polygon", "coordinates": [[[127.032168, 37.586504], [127.032243, 37.586507], [127.032272, 37.586562], [127.032198, 37.586573], [127.032168, 37.586504]]]}}, {"type": "Feature", "properties": {"h": 11.3, "area": 40, "kwh": 9803, "p": 0.048}, "geometry": {"type": "Polygon", "coordinates": [[[127.032272, 37.586508], [127.032378, 37.586511], [127.032377, 37.586548], [127.032352, 37.586547], [127.032327, 37.586555], [127.032293, 37.586558], [127.032272, 37.586508]]]}}, {"type": "Feature", "properties": {"h": 26.2, "area": 116, "kwh": 28533, "p": 0.435}, "geometry": {"type": "Polygon", "coordinates": [[[127.028481, 37.589997], [127.028569, 37.589926], [127.028654, 37.589993], [127.028566, 37.590064], [127.028481, 37.589997]]]}}, {"type": "Feature", "properties": {"h": 17.0, "area": 836, "kwh": 204946, "p": 0.811}, "geometry": {"type": "Polygon", "coordinates": [[[127.028264, 37.589314], [127.028487, 37.589059], [127.028714, 37.589184], [127.02849, 37.589439], [127.028264, 37.589314]]]}}, {"type": "Feature", "properties": {"h": 17.5, "area": 413, "kwh": 101247, "p": 0.68}, "geometry": {"type": "Polygon", "coordinates": [[[127.028523, 37.589034], [127.028618, 37.588864], [127.028817, 37.588934], [127.028709, 37.589127], [127.028641, 37.589103], [127.028654, 37.58908], [127.028523, 37.589034]]]}}, {"type": "Feature", "properties": {"h": 14.6, "area": 114, "kwh": 27893, "p": 0.425}, "geometry": {"type": "Polygon", "coordinates": [[[127.028437, 37.590491], [127.028473, 37.590497], [127.028471, 37.590504], [127.028508, 37.59051], [127.028506, 37.590517], [127.028542, 37.590523], [127.028532, 37.590562], [127.028539, 37.590563], [127.028529, 37.590602], [127.028518, 37.590601], [127.028514, 37.590616], [127.028496, 37.590614], [127.028496, 37.590617], [127.028464, 37.590612], [127.028462, 37.59062], [127.028421, 37.590614], [127.028427, 37.590591], [127.028421, 37.59059], [127.028434, 37.590541], [127.028424, 37.590539], [127.028435, 37.5905], [127.028437, 37.590491]]]}}, {"type": "Feature", "properties": {"h": 15.8, "area": 211, "kwh": 51687, "p": 0.581}, "geometry": {"type": "Polygon", "coordinates": [[[127.029844, 37.590152], [127.029639, 37.590145], [127.029634, 37.590223], [127.029706, 37.590225], [127.029705, 37.590246], [127.029717, 37.590246], [127.029716, 37.590276], [127.029786, 37.590278], [127.029788, 37.590244], [127.029861, 37.590247], [127.029864, 37.590202], [127.029841, 37.590202], [127.029844, 37.590152]]]}}, {"type": "Feature", "properties": {"h": 26.6, "area": 627, "kwh": 153753, "p": 0.761}, "geometry": {"type": "Polygon", "coordinates": [[[127.029436, 37.590066], [127.029441, 37.589991], [127.029463, 37.589992], [127.029981, 37.590016], [127.029985, 37.58996], [127.030112, 37.589966], [127.030099, 37.590139], [127.029932, 37.590131], [127.029935, 37.590089], [127.029436, 37.590066]]]}}, {"type": "Feature", "properties": {"h": 9.6, "area": 92, "kwh": 22478, "p": 0.37}, "geometry": {"type": "Polygon", "coordinates": [[[127.029861, 37.590173], [127.02992, 37.590163], [127.029931, 37.590201], [127.029996, 37.590189], [127.030012, 37.590243], [127.029887, 37.590265], [127.029861, 37.590173]]]}}, {"type": "Feature", "properties": {"h": 13.9, "area": 42, "kwh": 10284, "p": 0.054}, "geometry": {"type": "Polygon", "coordinates": [[[127.031045, 37.590669], [127.031095, 37.590643], [127.031145, 37.590702], [127.031095, 37.590729], [127.031045, 37.590669]]]}}, {"type": "Feature", "properties": {"h": 8.9, "area": 110, "kwh": 27026, "p": 0.419}, "geometry": {"type": "Polygon", "coordinates": [[[127.031044, 37.590843], [127.031159, 37.590763], [127.031212, 37.590812], [127.031152, 37.590853], [127.031169, 37.590868], [127.031114, 37.590907], [127.031044, 37.590843]]]}}, {"type": "Feature", "properties": {"h": 15.4, "area": 68, "kwh": 16633, "p": 0.225}, "geometry": {"type": "Polygon", "coordinates": [[[127.030794, 37.59099], [127.03086, 37.590949], [127.030795, 37.590884], [127.030729, 37.590925], [127.030794, 37.59099]]]}}, {"type": "Feature", "properties": {"h": 22.1, "area": 92, "kwh": 22485, "p": 0.372}, "geometry": {"type": "Polygon", "coordinates": [[[127.030674, 37.590882], [127.03084, 37.590771], [127.030875, 37.590804], [127.03071, 37.590915], [127.030674, 37.590882]]]}}, {"type": "Feature", "properties": {"h": 11.5, "area": 58, "kwh": 14234, "p": 0.163}, "geometry": {"type": "Polygon", "coordinates": [[[127.0309, 37.59079], [127.03101, 37.590723], [127.030977, 37.590689], [127.030867, 37.590756], [127.0309, 37.59079]]]}}, {"type": "Feature", "properties": {"h": 7.9, "area": 2105, "kwh": 516184, "p": 0.946}, "geometry": {"type": "Polygon", "coordinates": [[[127.020306, 37.58523], [127.020314, 37.585215], [127.020334, 37.585222], [127.020369, 37.58516], [127.020419, 37.585177], [127.020432, 37.585154], [127.020422, 37.58515], [127.020442, 37.585115], [127.020582, 37.585165], [127.020571, 37.585185], [127.020709, 37.585234], [127.020723, 37.585209], [127.020784, 37.585231], [127.020791, 37.585218], [127.020813, 37.585226], [127.020857, 37.585147], [127.020276, 37.584942], [127.020046, 37.585351], [127.020586, 37.585541], [127.020685, 37.585364], [127.020306, 37.58523]]]}}, {"type": "Feature", "properties": {"h": 14.2, "area": 138, "kwh": 33966, "p": 0.463}, "geometry": {"type": "Polygon", "coordinates": [[[127.029834, 37.587762], [127.029957, 37.587762], [127.029957, 37.587877], [127.029833, 37.587877], [127.029834, 37.587762]]]}}, {"type": "Feature", "properties": {"h": 7.4, "area": 78, "kwh": 19073, "p": 0.304}, "geometry": {"type": "Polygon", "coordinates": [[[127.030012, 37.587759], [127.030157, 37.58776], [127.030157, 37.587815], [127.030012, 37.587814], [127.030012, 37.587759]]]}}, {"type": "Feature", "properties": {"h": 23.5, "area": 106, "kwh": 25970, "p": 0.408}, "geometry": {"type": "Polygon", "coordinates": [[[127.029363, 37.587599], [127.029364, 37.587538], [127.029542, 37.587539], [127.029541, 37.5876], [127.029363, 37.587599]]]}}, {"type": "Feature", "properties": {"h": 17.0, "area": 102, "kwh": 24910, "p": 0.404}, "geometry": {"type": "Polygon", "coordinates": [[[127.029364, 37.587649], [127.029542, 37.587652], [127.029541, 37.58771], [127.029363, 37.587708], [127.029364, 37.587649]]]}}, {"type": "Feature", "properties": {"h": 12.5, "area": 108, "kwh": 26513, "p": 0.416}, "geometry": {"type": "Polygon", "coordinates": [[[127.029364, 37.587744], [127.029539, 37.587748], [127.029537, 37.587811], [127.029363, 37.587808], [127.029364, 37.587744]]]}}, {"type": "Feature", "properties": {"h": 8.4, "area": 99, "kwh": 24170, "p": 0.392}, "geometry": {"type": "Polygon", "coordinates": [[[127.02937, 37.587498], [127.02937, 37.587466], [127.029404, 37.587436], [127.029541, 37.587435], [127.029542, 37.587497], [127.02937, 37.587498]]]}}, {"type": "Feature", "properties": {"h": 14.2, "area": 119, "kwh": 29141, "p": 0.439}, "geometry": {"type": "Polygon", "coordinates": [[[127.029008, 37.587756], [127.029216, 37.587761], [127.029213, 37.58782], [127.029005, 37.587814], [127.029008, 37.587756]]]}}, {"type": "Feature", "properties": {"h": 17.0, "area": 443, "kwh": 108601, "p": 0.692}, "geometry": {"type": "Polygon", "coordinates": [[[127.028852, 37.587911], [127.028999, 37.587913], [127.029, 37.587895], [127.029203, 37.587898], [127.029199, 37.588058], [127.029008, 37.588054], [127.02898, 37.588032], [127.028981, 37.587997], [127.02885, 37.587995], [127.028852, 37.587911]]]}}, {"type": "Feature", "properties": {"h": 7.9, "area": 178, "kwh": 43776, "p": 0.535}, "geometry": {"type": "Polygon", "coordinates": [[[127.02874, 37.588321], [127.028773, 37.588301], [127.028773, 37.588292], [127.028934, 37.588295], [127.028931, 37.588393], [127.028737, 37.588389], [127.02874, 37.588321]]]}}, {"type": "Feature", "properties": {"h": 25.9, "area": 183, "kwh": 44891, "p": 0.545}, "geometry": {"type": "Polygon", "coordinates": [[[127.028748, 37.588466], [127.028896, 37.588471], [127.028895, 37.588479], [127.028934, 37.58848], [127.028931, 37.588525], [127.028913, 37.588524], [127.028912, 37.588537], [127.028876, 37.588535], [127.028875, 37.58856], [127.028837, 37.588559], [127.028836, 37.588583], [127.028801, 37.588581], [127.0288, 37.588602], [127.028782, 37.588601], [127.028781, 37.588613], [127.02874, 37.588611], [127.028748, 37.588466]]]}}, {"type": "Feature", "properties": {"h": 17.3, "area": 227, "kwh": 55602, "p": 0.594}, "geometry": {"type": "Polygon", "coordinates": [[[127.028966, 37.588311], [127.029169, 37.58831], [127.02917, 37.588394], [127.029118, 37.588394], [127.029118, 37.588418], [127.029043, 37.588418], [127.029044, 37.588453], [127.028968, 37.588454], [127.028966, 37.588311]]]}}, {"type": "Feature", "properties": {"h": 17.8, "area": 131, "kwh": 32185, "p": 0.453}, "geometry": {"type": "Polygon", "coordinates": [[[127.029543, 37.588163], [127.029594, 37.588163], [127.029594, 37.588172], [127.029618, 37.588172], [127.029618, 37.588163], [127.029702, 37.588163], [127.029702, 37.588249], [127.029543, 37.588249], [127.029543, 37.588163]]]}}, {"type": "Feature", "properties": {"h": 14.2, "area": 115, "kwh": 28191, "p": 0.431}, "geometry": {"type": "Polygon", "coordinates": [[[127.030157, 37.589369], [127.03027, 37.58932], [127.030318, 37.589389], [127.030166, 37.589456], [127.030145, 37.589424], [127.030184, 37.589407], [127.030157, 37.589369]]]}}, {"type": "Feature", "properties": {"h": 6.2, "area": 65, "kwh": 15994, "p": 0.209}, "geometry": {"type": "Polygon", "coordinates": [[[127.027677, 37.589138], [127.027723, 37.589019], [127.027761, 37.58903], [127.027747, 37.589114], [127.027753, 37.589152], [127.027677, 37.589138]]]}}, {"type": "Feature", "properties": {"h": 39.0, "area": 684, "kwh": 167845, "p": 0.773}, "geometry": {"type": "Polygon", "coordinates": [[[127.033174, 37.581704], [127.033634, 37.582068], [127.033538, 37.582145], [127.033078, 37.58178], [127.033174, 37.581704]]]}}, {"type": "Feature", "properties": {"h": 59.0, "area": 566, "kwh": 138921, "p": 0.744}, "geometry": {"type": "Polygon", "coordinates": [[[127.032087, 37.582954], [127.03268, 37.582963], [127.032677, 37.583061], [127.032085, 37.583052], [127.032087, 37.582954]]]}}, {"type": "Feature", "properties": {"h": 48.0, "area": 566, "kwh": 138793, "p": 0.742}, "geometry": {"type": "Polygon", "coordinates": [[[127.032156, 37.583625], [127.032748, 37.583634], [127.032746, 37.583732], [127.032154, 37.583723], [127.032156, 37.583625]]]}}, {"type": "Feature", "properties": {"h": 61.0, "area": 532, "kwh": 130558, "p": 0.722}, "geometry": {"type": "Polygon", "coordinates": [[[127.031182, 37.583828], [127.031722, 37.583829], [127.031722, 37.58393], [127.031181, 37.583929], [127.031182, 37.583828]]]}}, {"type": "Feature", "properties": {"h": 59.0, "area": 530, "kwh": 130030, "p": 0.716}, "geometry": {"type": "Polygon", "coordinates": [[[127.031492, 37.583087], [127.032033, 37.583088], [127.032033, 37.583188], [127.031492, 37.583188], [127.031492, 37.583087]]]}}, {"type": "Feature", "properties": {"h": 59.0, "area": 532, "kwh": 130441, "p": 0.72}, "geometry": {"type": "Polygon", "coordinates": [[[127.031225, 37.583313], [127.031194, 37.583741], [127.031067, 37.583735], [127.031098, 37.583307], [127.031225, 37.583313]]]}}, {"type": "Feature", "properties": {"h": 59.0, "area": 429, "kwh": 105135, "p": 0.688}, "geometry": {"type": "Polygon", "coordinates": [[[127.032025, 37.583276], [127.031997, 37.583612], [127.031867, 37.583605], [127.031894, 37.58327], [127.032025, 37.583276]]]}}, {"type": "Feature", "properties": {"h": 59.0, "area": 428, "kwh": 104950, "p": 0.686}, "geometry": {"type": "Polygon", "coordinates": [[[127.032888, 37.583259], [127.032861, 37.583594], [127.03273, 37.583588], [127.032758, 37.583253], [127.032888, 37.583259]]]}}, {"type": "Feature", "properties": {"h": 29.0, "area": 171, "kwh": 41889, "p": 0.525}, "geometry": {"type": "Polygon", "coordinates": [[[127.033702, 37.586294], [127.033726, 37.586086], [127.03381, 37.586092], [127.033785, 37.5863], [127.033702, 37.586294]]]}}, {"type": "Feature", "properties": {"h": 36.0, "area": 612, "kwh": 150188, "p": 0.755}, "geometry": {"type": "Polygon", "coordinates": [[[127.020414, 37.583836], [127.020579, 37.583539], [127.020756, 37.583601], [127.020591, 37.583898], [127.020414, 37.583836]]]}}, {"type": "Feature", "properties": {"h": 49.0, "area": 619, "kwh": 151827, "p": 0.757}, "geometry": {"type": "Polygon", "coordinates": [[[127.020773, 37.584212], [127.020664, 37.584444], [127.020904, 37.584515], [127.021013, 37.584282], [127.020773, 37.584212]]]}}, {"type": "Feature", "properties": {"h": 49.0, "area": 1133, "kwh": 277929, "p": 0.857}, "geometry": {"type": "Polygon", "coordinates": [[[127.021036, 37.583706], [127.020834, 37.584116], [127.02108, 37.584192], [127.021282, 37.583782], [127.021036, 37.583706]]]}}, {"type": "Feature", "properties": {"h": 34.0, "area": 299, "kwh": 73344, "p": 0.626}, "geometry": {"type": "Polygon", "coordinates": [[[127.02098, 37.582704], [127.020883, 37.582881], [127.021029, 37.582931], [127.021126, 37.582755], [127.02098, 37.582704]]]}}, {"type": "Feature", "properties": {"h": 39.0, "area": 299, "kwh": 73345, "p": 0.628}, "geometry": {"type": "Polygon", "coordinates": [[[127.020879, 37.582905], [127.020782, 37.583081], [127.020928, 37.583132], [127.021025, 37.582955], [127.020879, 37.582905]]]}}, {"type": "Feature", "properties": {"h": 39.0, "area": 300, "kwh": 73557, "p": 0.63}, "geometry": {"type": "Polygon", "coordinates": [[[127.020783, 37.583098], [127.020685, 37.583274], [127.020832, 37.583325], [127.020929, 37.583149], [127.020783, 37.583098]]]}}, {"type": "Feature", "properties": {"h": 38.0, "area": 217, "kwh": 53150, "p": 0.59}, "geometry": {"type": "Polygon", "coordinates": [[[127.020783, 37.581911], [127.020736, 37.582009], [127.020934, 37.582069], [127.020981, 37.581971], [127.020783, 37.581911]]]}}, {"type": "Feature", "properties": {"h": 7.0, "area": 1371, "kwh": 336309, "p": 0.879}, "geometry": {"type": "Polygon", "coordinates": [[[127.023271, 37.593467], [127.023366, 37.59349], [127.023302, 37.593615], [127.023562, 37.593689], [127.023528, 37.59378], [127.023404, 37.593755], [127.023398, 37.593776], [127.023372, 37.59377], [127.023378, 37.593747], [127.023214, 37.59369], [127.023143, 37.593827], [127.023622, 37.593991], [127.023581, 37.594092], [127.022974, 37.593885], [127.023111, 37.593646], [127.023154, 37.593662], [127.023271, 37.593467]]]}}, {"type": "Feature", "properties": {"h": 13.9, "area": 621, "kwh": 152194, "p": 0.759}, "geometry": {"type": "Polygon", "coordinates": [[[127.023005, 37.594115], [127.02337, 37.594219], [127.02344, 37.594064], [127.023075, 37.593961], [127.023005, 37.594115]]]}}, {"type": "Feature", "properties": {"h": 23.5, "area": 538, "kwh": 131891, "p": 0.726}, "geometry": {"type": "Polygon", "coordinates": [[[127.022278, 37.593294], [127.022353, 37.593283], [127.022346, 37.59325], [127.022444, 37.593235], [127.022521, 37.593554], [127.022346, 37.593581], [127.022278, 37.593294]]]}}, {"type": "Feature", "properties": {"h": 24.2, "area": 179, "kwh": 44015, "p": 0.537}, "geometry": {"type": "Polygon", "coordinates": [[[127.034963, 37.589771], [127.034751, 37.589593], [127.03481, 37.589553], [127.035016, 37.58973], [127.034963, 37.589771]]]}}, {"type": "Feature", "properties": {"h": 9.8, "area": 32, "kwh": 7899, "p": 0.018}, "geometry": {"type": "Polygon", "coordinates": [[[127.035212, 37.590607], [127.035238, 37.590632], [127.035315, 37.590577], [127.035289, 37.590553], [127.035212, 37.590607]]]}}, {"type": "Feature", "properties": {"h": 14.6, "area": 93, "kwh": 22822, "p": 0.376}, "geometry": {"type": "Polygon", "coordinates": [[[127.022648, 37.594316], [127.022655, 37.594249], [127.022662, 37.594183], [127.022719, 37.594187], [127.022715, 37.594228], [127.022735, 37.594229], [127.022725, 37.594322], [127.022648, 37.594316]]]}}, {"type": "Feature", "properties": {"h": 28.3, "area": 129, "kwh": 31757, "p": 0.449}, "geometry": {"type": "Polygon", "coordinates": [[[127.022676, 37.594461], [127.022643, 37.594458], [127.022661, 37.594328], [127.022744, 37.594335], [127.022741, 37.594361], [127.022758, 37.594363], [127.022751, 37.594417], [127.022744, 37.594417], [127.022741, 37.594442], [127.022721, 37.59444], [127.022715, 37.594481], [127.022713, 37.594487], [127.022709, 37.594492], [127.0227, 37.594496], [127.022692, 37.594497], [127.022682, 37.594495], [127.022676, 37.59449], [127.022674, 37.594484], [127.022674, 37.594478], [127.022676, 37.594461]]]}}, {"type": "Feature", "properties": {"h": 8.2, "area": 101, "kwh": 24773, "p": 0.4}, "geometry": {"type": "Polygon", "coordinates": [[[127.02292, 37.594486], [127.0229, 37.594376], [127.022942, 37.594371], [127.022944, 37.594386], [127.023008, 37.594379], [127.023021, 37.594454], [127.022998, 37.594457], [127.023001, 37.594477], [127.02292, 37.594486]]]}}, {"type": "Feature", "properties": {"h": 28.6, "area": 1867, "kwh": 457923, "p": 0.926}, "geometry": {"type": "Polygon", "coordinates": [[[127.02224, 37.594276], [127.022403, 37.593643], [127.022549, 37.593666], [127.022516, 37.593794], [127.022505, 37.593837], [127.022449, 37.594054], [127.022555, 37.594071], [127.022428, 37.594568], [127.022276, 37.594543], [127.022342, 37.594286], [127.022323, 37.594283], [127.022286, 37.594429], [127.02207, 37.594394], [127.022099, 37.594278], [127.022219, 37.594297], [127.022225, 37.594273], [127.02224, 37.594276]]]}}, {"type": "Feature", "properties": {"h": 26.4, "area": 557, "kwh": 136518, "p": 0.736}, "geometry": {"type": "Polygon", "coordinates": [[[127.022653, 37.5937], [127.022858, 37.593755], [127.02277, 37.593963], [127.0227, 37.594002], [127.022677, 37.594066], [127.02262, 37.594052], [127.02264, 37.593998], [127.022584, 37.593863], [127.022587, 37.593856], [127.022604, 37.593815], [127.022653, 37.5937]]]}}, {"type": "Feature", "properties": {"h": 12.0, "area": 3727, "kwh": 914140, "p": 0.986}, "geometry": {"type": "Polygon", "coordinates": [[[127.031741, 37.593299], [127.031698, 37.5933], [127.031694, 37.593228], [127.031722, 37.593227], [127.031701, 37.592899], [127.031657, 37.592901], [127.031651, 37.592807], [127.031681, 37.592805], [127.031658, 37.592482], [127.031791, 37.592476], [127.031837, 37.593129], [127.03194, 37.593124], [127.031937, 37.593078], [127.032007, 37.593029], [127.032087, 37.593008], [127.032155, 37.593018], [127.032219, 37.59305], [127.032261, 37.593105], [127.032263, 37.593134], [127.032318, 37.593132], [127.032327, 37.593277], [127.032561, 37.593269], [127.032544, 37.592977], [127.032884, 37.592965], [127.032894, 37.593141], [127.032678, 37.593149], [127.032686, 37.593291], [127.032664, 37.593292], [127.032668, 37.593357], [127.032427, 37.593366], [127.03243, 37.593417], [127.032295, 37.593422], [127.032292, 37.593372], [127.031746, 37.593392], [127.031741, 37.593299]]]}}, {"type": "Feature", "properties": {"h": 18.5, "area": 208, "kwh": 51076, "p": 0.577}, "geometry": {"type": "Polygon", "coordinates": [[[127.033203, 37.5923], [127.033092, 37.59227], [127.033012, 37.592248], [127.033055, 37.592148], [127.033246, 37.5922], [127.033203, 37.5923]]]}}, {"type": "Feature", "properties": {"h": 7.0, "area": 208, "kwh": 50951, "p": 0.575}, "geometry": {"type": "Polygon", "coordinates": [[[127.033277, 37.592142], [127.033179, 37.592115], [127.033086, 37.59209], [127.033129, 37.59199], [127.03332, 37.592042], [127.033277, 37.592142]]]}}, {"type": "Feature", "properties": {"h": 14.9, "area": 183, "kwh": 45002, "p": 0.547}, "geometry": {"type": "Polygon", "coordinates": [[[127.033111, 37.591877], [127.033174, 37.59171], [127.033223, 37.591722], [127.033269, 37.591733], [127.033259, 37.59176], [127.033272, 37.591763], [127.033229, 37.591877], [127.033211, 37.591873], [127.033201, 37.591899], [127.033111, 37.591877]]]}}, {"type": "Feature", "properties": {"h": 13.7, "area": 149, "kwh": 36648, "p": 0.489}, "geometry": {"type": "Polygon", "coordinates": [[[127.033204, 37.59196], [127.033249, 37.591852], [127.03337, 37.591884], [127.033359, 37.591912], [127.033345, 37.591944], [127.03336, 37.591948], [127.033339, 37.591996], [127.033204, 37.59196]]]}}, {"type": "Feature", "properties": {"h": 10.3, "area": 75, "kwh": 18487, "p": 0.278}, "geometry": {"type": "Polygon", "coordinates": [[[127.033273, 37.591794], [127.033296, 37.591741], [127.033456, 37.591785], [127.033451, 37.591797], [127.033446, 37.591809], [127.033403, 37.591797], [127.033394, 37.591819], [127.033351, 37.591807], [127.033348, 37.591814], [127.033273, 37.591794]]]}}, {"type": "Feature", "properties": {"h": 14.6, "area": 173, "kwh": 42466, "p": 0.531}, "geometry": {"type": "Polygon", "coordinates": [[[127.033289, 37.591727], [127.033333, 37.591621], [127.033373, 37.591631], [127.033379, 37.591617], [127.033441, 37.591633], [127.03343, 37.591658], [127.033469, 37.591668], [127.033455, 37.591703], [127.033465, 37.591706], [127.033462, 37.591715], [127.033441, 37.591766], [127.033289, 37.591727]]]}}, {"type": "Feature", "properties": {"h": 27.8, "area": 530, "kwh": 130084, "p": 0.718}, "geometry": {"type": "Polygon", "coordinates": [[[127.033347, 37.59324], [127.033177, 37.593196], [127.033209, 37.593117], [127.033133, 37.593097], [127.033187, 37.592964], [127.033265, 37.592984], [127.033296, 37.592907], [127.033374, 37.592927], [127.033465, 37.59295], [127.033426, 37.593047], [127.03331, 37.593017], [127.033274, 37.593104], [127.03339, 37.593134], [127.033347, 37.59324]]]}}, {"type": "Feature", "properties": {"h": 19.9, "area": 374, "kwh": 91667, "p": 0.662}, "geometry": {"type": "Polygon", "coordinates": [[[127.033363, 37.593469], [127.033472, 37.593183], [127.033499, 37.593169], [127.033595, 37.593192], [127.033489, 37.593471], [127.03348, 37.593496], [127.033363, 37.593469]]]}}, {"type": "Feature", "properties": {"h": 16.8, "area": 362, "kwh": 88798, "p": 0.658}, "geometry": {"type": "Polygon", "coordinates": [[[127.0335, 37.593692], [127.033621, 37.593395], [127.033734, 37.593424], [127.033624, 37.593695], [127.033614, 37.593721], [127.0335, 37.593692]]]}}, {"type": "Feature", "properties": {"h": 14.9, "area": 184, "kwh": 45063, "p": 0.549}, "geometry": {"type": "Polygon", "coordinates": [[[127.0335, 37.593053], [127.033529, 37.592979], [127.033561, 37.592967], [127.033589, 37.592956], [127.033708, 37.592987], [127.033665, 37.593095], [127.0335, 37.593053]]]}}, {"type": "Feature", "properties": {"h": 17.0, "area": 154, "kwh": 37867, "p": 0.501}, "geometry": {"type": "Polygon", "coordinates": [[[127.033707, 37.593075], [127.033738, 37.592994], [127.033827, 37.593016], [127.033917, 37.593038], [127.033885, 37.593119], [127.033707, 37.593075]]]}}, {"type": "Feature", "properties": {"h": 23.0, "area": 185, "kwh": 45322, "p": 0.551}, "geometry": {"type": "Polygon", "coordinates": [[[127.033648, 37.593225], [127.033685, 37.59313], [127.033867, 37.593175], [127.033849, 37.593221], [127.03383, 37.59327], [127.033648, 37.593225]]]}}, {"type": "Feature", "properties": {"h": 10.3, "area": 132, "kwh": 32457, "p": 0.457}, "geometry": {"type": "Polygon", "coordinates": [[[127.033594, 37.593356], [127.033627, 37.593274], [127.033794, 37.593316], [127.033784, 37.593342], [127.033772, 37.593372], [127.033717, 37.593358], [127.033706, 37.593385], [127.033594, 37.593356]]]}}, {"type": "Feature", "properties": {"h": 16.3, "area": 165, "kwh": 40552, "p": 0.517}, "geometry": {"type": "Polygon", "coordinates": [[[127.033676, 37.593894], [127.033693, 37.593848], [127.033708, 37.593806], [127.033886, 37.593846], [127.033855, 37.593934], [127.033676, 37.593894]]]}}, {"type": "Feature", "properties": {"h": 11.5, "area": 176, "kwh": 43131, "p": 0.533}, "geometry": {"type": "Polygon", "coordinates": [[[127.033733, 37.593772], [127.033752, 37.593718], [127.03377, 37.593666], [127.033928, 37.593701], [127.033891, 37.593807], [127.033733, 37.593772]]]}}, {"type": "Feature", "properties": {"h": 24.7, "area": 137, "kwh": 33614, "p": 0.459}, "geometry": {"type": "Polygon", "coordinates": [[[127.033882, 37.593968], [127.033923, 37.593857], [127.03404, 37.593885], [127.034018, 37.593944], [127.033999, 37.593995], [127.033882, 37.593968]]]}}, {"type": "Feature", "properties": {"h": 27.6, "area": 152, "kwh": 37279, "p": 0.493}, "geometry": {"type": "Polygon", "coordinates": [[[127.033935, 37.593818], [127.03398, 37.5937], [127.034101, 37.593728], [127.034077, 37.59379], [127.034056, 37.593847], [127.033935, 37.593818]]]}}, {"type": "Feature", "properties": {"h": 18.0, "area": 162, "kwh": 39614, "p": 0.509}, "geometry": {"type": "Polygon", "coordinates": [[[127.033785, 37.593651], [127.033798, 37.593618], [127.033808, 37.59359], [127.033841, 37.593598], [127.033852, 37.593568], [127.03389, 37.593577], [127.033896, 37.593559], [127.033987, 37.59358], [127.033948, 37.593688], [127.033785, 37.593651]]]}}, {"type": "Feature", "properties": {"h": 9.6, "area": 93, "kwh": 22814, "p": 0.374}, "geometry": {"type": "Polygon", "coordinates": [[[127.033979, 37.593644], [127.034002, 37.593585], [127.03415, 37.59362], [127.034138, 37.593651], [127.034127, 37.593679], [127.033979, 37.593644]]]}}, {"type": "Feature", "properties": {"h": 28.6, "area": 161, "kwh": 39449, "p": 0.507}, "geometry": {"type": "Polygon", "coordinates": [[[127.033834, 37.593478], [127.033868, 37.59339], [127.034039, 37.593432], [127.034004, 37.59352], [127.033917, 37.593499], [127.033834, 37.593478]]]}}, {"type": "Feature", "properties": {"h": 19.0, "area": 130, "kwh": 31814, "p": 0.451}, "geometry": {"type": "Polygon", "coordinates": [[[127.034019, 37.593534], [127.034047, 37.593458], [127.034209, 37.593497], [127.034195, 37.593534], [127.03418, 37.593572], [127.034019, 37.593534]]]}}, {"type": "Feature", "properties": {"h": 28.1, "area": 73, "kwh": 17951, "p": 0.264}, "geometry": {"type": "Polygon", "coordinates": [[[127.033946, 37.593324], [127.033958, 37.593291], [127.033969, 37.593261], [127.034079, 37.593286], [127.034056, 37.593349], [127.033946, 37.593324]]]}}, {"type": "Feature", "properties": {"h": 28.8, "area": 124, "kwh": 30378, "p": 0.445}, "geometry": {"type": "Polygon", "coordinates": [[[127.034063, 37.593421], [127.03409, 37.593349], [127.034253, 37.593388], [127.034238, 37.593428], [127.034226, 37.593459], [127.034063, 37.593421]]]}}, {"type": "Feature", "properties": {"h": 29.5, "area": 150, "kwh": 36784, "p": 0.491}, "geometry": {"type": "Polygon", "coordinates": [[[127.034104, 37.593318], [127.034137, 37.593232], [127.0343, 37.59327], [127.034279, 37.593326], [127.034267, 37.593357], [127.034104, 37.593318]]]}}, {"type": "Feature", "properties": {"h": 20.6, "area": 149, "kwh": 36621, "p": 0.485}, "geometry": {"type": "Polygon", "coordinates": [[[127.033962, 37.593182], [127.034002, 37.59307], [127.034023, 37.593056], [127.03405, 37.593062], [127.034039, 37.593093], [127.034083, 37.593103], [127.03413, 37.593113], [127.034095, 37.593211], [127.033962, 37.593182]]]}}, {"type": "Feature", "properties": {"h": 27.8, "area": 84, "kwh": 20544, "p": 0.342}, "geometry": {"type": "Polygon", "coordinates": [[[127.034168, 37.593162], [127.034188, 37.593108], [127.034265, 37.593127], [127.034335, 37.593143], [127.034315, 37.593197], [127.034168, 37.593162]]]}}, {"type": "Feature", "properties": {"h": 8.4, "area": 211, "kwh": 51685, "p": 0.579}, "geometry": {"type": "Polygon", "coordinates": [[[127.033602, 37.594025], [127.034075, 37.594219], [127.034099, 37.594183], [127.033891, 37.594098], [127.033626, 37.593989], [127.033602, 37.594025]]]}}, {"type": "Feature", "properties": {"h": 25.0, "area": 385, "kwh": 94489, "p": 0.67}, "geometry": {"type": "Polygon", "coordinates": [[[127.033207, 37.593646], [127.033017, 37.593316], [127.033116, 37.59328], [127.033306, 37.59361], [127.033207, 37.593646]]]}}, {"type": "Feature", "properties": {"h": 24.7, "area": 306, "kwh": 74967, "p": 0.632}, "geometry": {"type": "Polygon", "coordinates": [[[127.033027, 37.5937], [127.032953, 37.593568], [127.032932, 37.593576], [127.032859, 37.593446], [127.03295, 37.593414], [127.03302, 37.593538], [127.033058, 37.593525], [127.033134, 37.593662], [127.033027, 37.5937]]]}}]}