timestamp,power_kW
2026-06-01 00:00:00,0.083
2026-06-01 00:15:00,0.0937
2026-06-01 00:30:00,0.1444
2026-06-01 00:45:00,0.1272
2026-06-01 01:00:00,0.131
2026-06-01 01:15:00,0.09
2026-06-01 01:30:00,0.0873
2026-06-01 01:45:00,0.0891
2026-06-01 02:00:00,0.1337
2026-06-01 02:15:00,0.144
2026-06-01 02:30:00,0.1434
2026-06-01 02:45:00,0.0896
2026-06-01 03:00:00,0.0959
2026-06-01 03:15:00,0.092
2026-06-01 03:30:00,0.1337
2026-06-01 03:45:00,0.1411
2026-06-01 04:00:00,0.1336
2026-06-01 04:15:00,0.0961
2026-06-01 04:30:00,0.0937
2026-06-01 04:45:00,0.1007
2026-06-01 05:00:00,0.1648
2026-06-01 05:15:00,0.2111
2026-06-01 05:30:00,0.2655
2026-06-01 05:45:00,0.3139
2026-06-01 06:00:00,0.4539
2026-06-01 06:15:00,0.6295
2026-06-01 06:30:00,0.8542
2026-06-01 06:45:00,1.0002
2026-06-01 07:00:00,1.0797
2026-06-01 07:15:00,1.0315
2026-06-01 07:30:00,0.9221
2026-06-01 07:45:00,0.7669
2026-06-01 08:00:00,0.637
2026-06-01 08:15:00,0.4797
2026-06-01 08:30:00,0.3505
2026-06-01 08:45:00,0.2016
2026-06-01 09:00:00,0.1408
2026-06-01 09:15:00,0.1099
2026-06-01 09:30:00,0.1532
2026-06-01 09:45:00,0.1471
2026-06-01 10:00:00,0.1433
2026-06-01 10:15:00,0.0857
2026-06-01 10:30:00,0.0907
2026-06-01 10:45:00,0.0899
2026-06-01 11:00:00,0.1401
2026-06-01 11:15:00,0.1439
2026-06-01 11:30:00,0.1401
2026-06-01 11:45:00,0.0932
2026-06-01 12:00:00,0.0896
2026-06-01 12:15:00,0.0909
2026-06-01 12:30:00,0.1425
2026-06-01 12:45:00,0.1301
2026-06-01 13:00:00,0.1369
2026-06-01 13:15:00,0.0865
2026-06-01 13:30:00,0.0856
2026-06-01 13:45:00,0.088
2026-06-01 14:00:00,0.1486
2026-06-01 14:15:00,0.1353
2026-06-01 14:30:00,0.1476
2026-06-01 14:45:00,0.0846
2026-06-01 15:00:00,0.0964
2026-06-01 15:15:00,0.1054
2026-06-01 15:30:00,0.1665
2026-06-01 15:45:00,0.1805
2026-06-01 16:00:00,0.1997
2026-06-01 16:15:00,0.1688
2026-06-01 16:30:00,0.2013
2026-06-01 16:45:00,0.2507
2026-06-01 17:00:00,0.3439
2026-06-01 17:15:00,0.3948
2026-06-01 17:30:00,0.4584
2026-06-01 17:45:00,0.4791
2026-06-01 18:00:00,0.6922
2026-06-01 18:15:00,1.3511
2026-06-01 18:30:00,1.2606
2026-06-01 18:45:00,0.7848
2026-06-01 19:00:00,0.7447
2026-06-01 19:15:00,0.7941
2026-06-01 19:30:00,1.1474
2026-06-01 19:45:00,0.949
2026-06-01 20:00:00,0.6436
2026-06-01 20:15:00,0.5755
2026-06-01 20:30:00,0.83
2026-06-01 20:45:00,1.1138
2026-06-01 21:00:00,0.5545
2026-06-01 21:15:00,0.2715
2026-06-01 21:30:00,0.2684
2026-06-01 21:45:00,0.2349
2026-06-01 22:00:00,0.2064
2026-06-01 22:15:00,0.1371
2026-06-01 22:30:00,0.1173
2026-06-01 22:45:00,0.1049
2026-06-01 23:00:00,0.1495
2026-06-01 23:15:00,0.1354
2026-06-01 23:30:00,0.134
2026-06-01 23:45:00,0.0835
2026-06-02 00:00:00,0.1369
2026-06-02 00:15:00,0.1358
2026-06-02 00:30:00,0.083
2026-06-02 00:45:00,0.0781
2026-06-02 01:00:00,0.0868
2026-06-02 01:15:00,0.0834
2026-06-02 01:30:00,0.1358
2026-06-02 01:45:00,0.1346
2026-06-02 02:00:00,0.0956
2026-06-02 02:15:00,0.085
2026-06-02 02:30:00,0.0805
2026-06-02 02:45:00,0.0875
2026-06-02 03:00:00,0.1357
2026-06-02 03:15:00,0.1423
2026-06-02 03:30:00,0.0912
2026-06-02 03:45:00,0.0886
2026-06-02 04:00:00,0.0952
2026-06-02 04:15:00,0.0806
2026-06-02 04:30:00,0.1337
2026-06-02 04:45:00,0.1371
2026-06-02 05:00:00,0.1038
2026-06-02 05:15:00,0.122
2026-06-02 05:30:00,0.1776
2026-06-02 05:45:00,0.2448
2026-06-02 06:00:00,0.39
2026-06-02 06:15:00,0.5245
2026-06-02 06:30:00,0.6268
2026-06-02 06:45:00,0.7558
2026-06-02 07:00:00,0.8415
2026-06-02 07:15:00,0.8578
2026-06-02 07:30:00,0.8313
2026-06-02 07:45:00,0.7085
2026-06-02 08:00:00,0.5131
2026-06-02 08:15:00,0.3894
2026-06-02 08:30:00,0.2695
2026-06-02 08:45:00,0.1901
2026-06-02 09:00:00,0.1852
2026-06-02 09:15:00,0.1589
2026-06-02 09:30:00,0.1032
2026-06-02 09:45:00,0.0914
2026-06-02 10:00:00,0.0869
2026-06-02 10:15:00,0.0809
2026-06-02 10:30:00,0.1249
2026-06-02 10:45:00,0.1317
2026-06-02 11:00:00,0.0861
2026-06-02 11:15:00,0.0966
2026-06-02 11:30:00,0.0872
2026-06-02 11:45:00,0.0921
2026-06-02 12:00:00,0.1316
2026-06-02 12:15:00,0.1276
2026-06-02 12:30:00,0.0809
2026-06-02 12:45:00,0.0823
2026-06-02 13:00:00,0.0987
2026-06-02 13:15:00,0.0818
2026-06-02 13:30:00,0.1396
2026-06-02 13:45:00,0.1298
2026-06-02 14:00:00,0.0929
2026-06-02 14:15:00,0.0908
2026-06-02 14:30:00,0.0894
2026-06-02 14:45:00,0.0931
2026-06-02 15:00:00,0.1424
2026-06-02 15:15:00,0.1564
2026-06-02 15:30:00,0.1149
2026-06-02 15:45:00,0.1275
2026-06-02 16:00:00,0.1513
2026-06-02 16:15:00,0.1925
2026-06-02 16:30:00,0.2916
2026-06-02 16:45:00,0.3374
2026-06-02 17:00:00,0.3527
2026-06-02 17:15:00,0.4298
2026-06-02 17:30:00,0.5177
2026-06-02 17:45:00,0.5968
2026-06-02 18:00:00,0.7413
2026-06-02 18:15:00,1.0343
2026-06-02 18:30:00,1.2489
2026-06-02 18:45:00,0.9847
2026-06-02 19:00:00,0.8805
2026-06-02 19:15:00,0.8612
2026-06-02 19:30:00,0.8776
2026-06-02 19:45:00,0.843
2026-06-02 20:00:00,0.741
2026-06-02 20:15:00,0.9086
2026-06-02 20:30:00,1.2882
2026-06-02 20:45:00,0.7789
2026-06-02 21:00:00,0.6721
2026-06-02 21:15:00,0.9366
2026-06-02 21:30:00,0.4763
2026-06-02 21:45:00,0.2203
2026-06-02 22:00:00,0.1736
2026-06-02 22:15:00,0.1444
2026-06-02 22:30:00,0.175
2026-06-02 22:45:00,0.167
2026-06-02 23:00:00,0.102
2026-06-02 23:15:00,0.0991
2026-06-02 23:30:00,0.0798
2026-06-02 23:45:00,0.089
2026-06-03 00:00:00,0.0954
2026-06-03 00:15:00,0.1003
2026-06-03 00:30:00,0.0911
2026-06-03 00:45:00,0.0878
2026-06-03 01:00:00,0.1418
2026-06-03 01:15:00,0.1447
2026-06-03 01:30:00,0.0931
2026-06-03 01:45:00,0.0854
2026-06-03 02:00:00,0.0926
2026-06-03 02:15:00,0.0935
2026-06-03 02:30:00,0.1587
2026-06-03 02:45:00,0.1547
2026-06-03 03:00:00,0.0868
2026-06-03 03:15:00,0.0903
2026-06-03 03:30:00,0.0831
2026-06-03 03:45:00,0.0884
2026-06-03 04:00:00,0.1451
2026-06-03 04:15:00,0.1506
2026-06-03 04:30:00,0.0876
2026-06-03 04:45:00,0.0881
2026-06-03 05:00:00,0.0792
2026-06-03 05:15:00,0.092
2026-06-03 05:30:00,0.1396
2026-06-03 05:45:00,0.1478
2026-06-03 06:00:00,0.1061
2026-06-03 06:15:00,0.1351
2026-06-03 06:30:00,0.1702
2026-06-03 06:45:00,0.2475
2026-06-03 07:00:00,0.4319
2026-06-03 07:15:00,0.5544
2026-06-03 07:30:00,0.6632
2026-06-03 07:45:00,0.8261
2026-06-03 08:00:00,0.9297
2026-06-03 08:15:00,0.9283
2026-06-03 08:30:00,0.9279
2026-06-03 08:45:00,0.8112
2026-06-03 09:00:00,0.6138
2026-06-03 09:15:00,0.4418
2026-06-03 09:30:00,0.3152
2026-06-03 09:45:00,0.2254
2026-06-03 10:00:00,0.2127
2026-06-03 10:15:00,0.1724
2026-06-03 10:30:00,0.1047
2026-06-03 10:45:00,0.0888
2026-06-03 11:00:00,0.0924
2026-06-03 11:15:00,0.091
2026-06-03 11:30:00,0.1448
2026-06-03 11:45:00,0.1398
2026-06-03 12:00:00,0.095
2026-06-03 12:15:00,0.0983
2026-06-03 12:30:00,0.093
2026-06-03 12:45:00,0.0942
2026-06-03 13:00:00,0.1435
2026-06-03 13:15:00,0.1432
2026-06-03 13:30:00,0.0877
2026-06-03 13:45:00,0.094
2026-06-03 14:00:00,0.0916
2026-06-03 14:15:00,0.1051
2026-06-03 14:30:00,0.1533
2026-06-03 14:45:00,0.1464
2026-06-03 15:00:00,0.0889
2026-06-03 15:15:00,0.0881
2026-06-03 15:30:00,0.1044
2026-06-03 15:45:00,0.1024
2026-06-03 16:00:00,0.1608
2026-06-03 16:15:00,0.1562
2026-06-03 16:30:00,0.135
2026-06-03 16:45:00,0.1516
2026-06-03 17:00:00,0.1688
2026-06-03 17:15:00,0.2085
2026-06-03 17:30:00,0.3098
2026-06-03 17:45:00,0.3644
2026-06-03 18:00:00,0.3771
2026-06-03 18:15:00,0.4813
2026-06-03 18:30:00,0.9341
2026-06-03 18:45:00,1.6334
2026-06-03 19:00:00,1.7316
2026-06-03 19:15:00,1.1068
2026-06-03 19:30:00,0.8077
2026-06-03 19:45:00,0.8177
2026-06-03 20:00:00,0.8219
2026-06-03 20:15:00,0.7985
2026-06-03 20:30:00,0.8089
2026-06-03 20:45:00,0.9201
2026-06-03 21:00:00,1.1181
2026-06-03 21:15:00,0.7449
2026-06-03 21:30:00,0.4935
2026-06-03 21:45:00,0.3988
2026-06-03 22:00:00,0.3832
2026-06-03 22:15:00,0.318
2026-06-03 22:30:00,0.2225
2026-06-03 22:45:00,0.1938
2026-06-03 23:00:00,0.1599
2026-06-03 23:15:00,0.1453
2026-06-03 23:30:00,0.1779
2026-06-03 23:45:00,0.163
2026-06-04 00:00:00,0.1544
2026-06-04 00:15:00,0.1477
2026-06-04 00:30:00,0.1336
2026-06-04 00:45:00,0.0917
2026-06-04 01:00:00,0.0849
2026-06-04 01:15:00,0.0889
2026-06-04 01:30:00,0.1525
2026-06-04 01:45:00,0.1472
2026-06-04 02:00:00,0.139
2026-06-04 02:15:00,0.0859
2026-06-04 02:30:00,0.0923
2026-06-04 02:45:00,0.0846
2026-06-04 03:00:00,0.1391
2026-06-04 03:15:00,0.1452
2026-06-04 03:30:00,0.1504
2026-06-04 03:45:00,0.0958
2026-06-04 04:00:00,0.0781
2026-06-04 04:15:00,0.0942
2026-06-04 04:30:00,0.1444
2026-06-04 04:45:00,0.148
2026-06-04 05:00:00,0.1594
2026-06-04 05:15:00,0.0953
2026-06-04 05:30:00,0.1255
2026-06-04 05:45:00,0.1739
2026-06-04 06:00:00,0.2832
2026-06-04 06:15:00,0.4121
2026-06-04 06:30:00,0.5544
2026-06-04 06:45:00,0.6812
2026-06-04 07:00:00,0.8447
2026-06-04 07:15:00,0.9852
2026-06-04 07:30:00,1.0959
2026-06-04 07:45:00,1.0588
2026-06-04 08:00:00,0.9457
2026-06-04 08:15:00,0.7303
2026-06-04 08:30:00,0.5456
2026-06-04 08:45:00,0.3911
2026-06-04 09:00:00,0.3202
2026-06-04 09:15:00,0.2412
2026-06-04 09:30:00,0.196
2026-06-04 09:45:00,0.1062
2026-06-04 10:00:00,0.0996
2026-06-04 10:15:00,0.1042
2026-06-04 10:30:00,0.1397
2026-06-04 10:45:00,0.1385
2026-06-04 11:00:00,0.1446
2026-06-04 11:15:00,0.0973
2026-06-04 11:30:00,0.0922
2026-06-04 11:45:00,0.1003
2026-06-04 12:00:00,0.1485
2026-06-04 12:15:00,0.1484
2026-06-04 12:30:00,0.1467
2026-06-04 12:45:00,0.1064
2026-06-04 13:00:00,0.0909
2026-06-04 13:15:00,0.0799
2026-06-04 13:30:00,0.1533
2026-06-04 13:45:00,0.1409
2026-06-04 14:00:00,0.1447
2026-06-04 14:15:00,0.1017
2026-06-04 14:30:00,0.0851
2026-06-04 14:45:00,0.0896
2026-06-04 15:00:00,0.1424
2026-06-04 15:15:00,0.1535
2026-06-04 15:30:00,0.1705
2026-06-04 15:45:00,0.1341
2026-06-04 16:00:00,0.1531
2026-06-04 16:15:00,0.1713
2026-06-04 16:30:00,0.2551
2026-06-04 16:45:00,0.3187
2026-06-04 17:00:00,0.3759
2026-06-04 17:15:00,0.402
2026-06-04 17:30:00,0.4841
2026-06-04 17:45:00,0.5671
2026-06-04 18:00:00,0.71
2026-06-04 18:15:00,0.8225
2026-06-04 18:30:00,1.203
2026-06-04 18:45:00,1.3617
2026-06-04 19:00:00,1.0029
2026-06-04 19:15:00,0.9085
2026-06-04 19:30:00,0.9433
2026-06-04 19:45:00,0.9352
2026-06-04 20:00:00,1.184
2026-06-04 20:15:00,1.4571
2026-06-04 20:30:00,1.5871
2026-06-04 20:45:00,0.847
2026-06-04 21:00:00,0.5025
2026-06-04 21:15:00,0.4143
2026-06-04 21:30:00,0.3455
2026-06-04 21:45:00,0.233
2026-06-04 22:00:00,0.1983
2026-06-04 22:15:00,0.1727
2026-06-04 22:30:00,0.1922
2026-06-04 22:45:00,0.1773
2026-06-04 23:00:00,0.1705
2026-06-04 23:15:00,0.1127
2026-06-04 23:30:00,0.099
2026-06-04 23:45:00,0.1046
2026-06-05 00:00:00,0.0908
2026-06-05 00:15:00,0.1312
2026-06-05 00:30:00,0.1481
2026-06-05 00:45:00,0.0879
2026-06-05 01:00:00,0.0883
2026-06-05 01:15:00,0.085
2026-06-05 01:30:00,0.0876
2026-06-05 01:45:00,0.145
2026-06-05 02:00:00,0.1413
2026-06-05 02:15:00,0.0936
2026-06-05 02:30:00,0.0938
2026-06-05 02:45:00,0.0996
2026-06-05 03:00:00,0.0895
2026-06-05 03:15:00,0.1334
2026-06-05 03:30:00,0.1489
2026-06-05 03:45:00,0.0895
2026-06-05 04:00:00,0.0984
2026-06-05 04:15:00,0.094
2026-06-05 04:30:00,0.0912
2026-06-05 04:45:00,0.1458
2026-06-05 05:00:00,0.1581
2026-06-05 05:15:00,0.1141
2026-06-05 05:30:00,0.1156
2026-06-05 05:45:00,0.1436
2026-06-05 06:00:00,0.1984
2026-06-05 06:15:00,0.316
2026-06-05 06:30:00,0.4332
2026-06-05 06:45:00,0.5145
2026-06-05 07:00:00,0.6559
2026-06-05 07:15:00,0.7644
2026-06-05 07:30:00,0.823
2026-06-05 07:45:00,0.8647
2026-06-05 08:00:00,0.7965
2026-06-05 08:15:00,0.6278
2026-06-05 08:30:00,0.4885
2026-06-05 08:45:00,0.3709
2026-06-05 09:00:00,0.2611
2026-06-05 09:15:00,0.2264
2026-06-05 09:30:00,0.1895
2026-06-05 09:45:00,0.1095
2026-06-05 10:00:00,0.0982
2026-06-05 10:15:00,0.0958
2026-06-05 10:30:00,0.0964
2026-06-05 10:45:00,0.1407
2026-06-05 11:00:00,0.149
2026-06-05 11:15:00,0.0846
2026-06-05 11:30:00,0.0916
2026-06-05 11:45:00,0.1074
2026-06-05 12:00:00,0.0929
2026-06-05 12:15:00,0.1512
2026-06-05 12:30:00,0.143
2026-06-05 12:45:00,0.0951
2026-06-05 13:00:00,0.0912
2026-06-05 13:15:00,0.0906
2026-06-05 13:30:00,0.0869
2026-06-05 13:45:00,0.1453
2026-06-05 14:00:00,0.1377
2026-06-05 14:15:00,0.0964
2026-06-05 14:30:00,0.0997
2026-06-05 14:45:00,0.0966
2026-06-05 15:00:00,0.0948
2026-06-05 15:15:00,0.1537
2026-06-05 15:30:00,0.1546
2026-06-05 15:45:00,0.1199
2026-06-05 16:00:00,0.1154
2026-06-05 16:15:00,0.1422
2026-06-05 16:30:00,0.1561
2026-06-05 16:45:00,0.2414
2026-06-05 17:00:00,0.2984
2026-06-05 17:15:00,0.2924
2026-06-05 17:30:00,0.3382
2026-06-05 17:45:00,0.4342
2026-06-05 18:00:00,0.8074
2026-06-05 18:15:00,1.0329
2026-06-05 18:30:00,0.7425
2026-06-05 18:45:00,0.8417
2026-06-05 19:00:00,1.3068
2026-06-05 19:15:00,0.9706
2026-06-05 19:30:00,0.6788
2026-06-05 19:45:00,0.6961
2026-06-05 20:00:00,0.6603
2026-06-05 20:15:00,0.5578
2026-06-05 20:30:00,0.5044
2026-06-05 20:45:00,0.439
2026-06-05 21:00:00,0.3788
2026-06-05 21:15:00,0.3632
2026-06-05 21:30:00,0.321
2026-06-05 21:45:00,0.2305
2026-06-05 22:00:00,0.1787
2026-06-05 22:15:00,0.1512
2026-06-05 22:30:00,0.1438
2026-06-05 22:45:00,0.1702
2026-06-05 23:00:00,0.1694
2026-06-05 23:15:00,0.1002
2026-06-05 23:30:00,0.1072
2026-06-05 23:45:00,0.0962
2026-06-06 00:00:00,0.0938
2026-06-06 00:15:00,0.0878
2026-06-06 00:30:00,0.0935
2026-06-06 00:45:00,0.1006
2026-06-06 01:00:00,0.1527
2026-06-06 01:15:00,0.1523
2026-06-06 01:30:00,0.0979
2026-06-06 01:45:00,0.1003
2026-06-06 02:00:00,0.0923
2026-06-06 02:15:00,0.1036
2026-06-06 02:30:00,0.1583
2026-06-06 02:45:00,0.1565
2026-06-06 03:00:00,0.1026
2026-06-06 03:15:00,0.1009
2026-06-06 03:30:00,0.1124
2026-06-06 03:45:00,0.0984
2026-06-06 04:00:00,0.1521
2026-06-06 04:15:00,0.1495
2026-06-06 04:30:00,0.0937
2026-06-06 04:45:00,0.0954
2026-06-06 05:00:00,0.1054
2026-06-06 05:15:00,0.1281
2026-06-06 05:30:00,0.221
2026-06-06 05:45:00,0.2831
2026-06-06 06:00:00,0.3261
2026-06-06 06:15:00,0.4847
2026-06-06 06:30:00,0.6675
2026-06-06 06:45:00,0.8567
2026-06-06 07:00:00,1.0764
2026-06-06 07:15:00,1.1847
2026-06-06 07:30:00,1.1334
2026-06-06 07:45:00,1.0335
2026-06-06 08:00:00,0.8832
2026-06-06 08:15:00,0.6959
2026-06-06 08:30:00,0.5633
2026-06-06 08:45:00,0.4266
2026-06-06 09:00:00,0.2625
2026-06-06 09:15:00,0.2247
2026-06-06 09:30:00,0.1996
2026-06-06 09:45:00,0.1862
2026-06-06 10:00:00,0.2543
2026-06-06 10:15:00,0.2525
2026-06-06 10:30:00,0.2269
2026-06-06 10:45:00,0.2568
2026-06-06 11:00:00,0.2781
2026-06-06 11:15:00,0.3181
2026-06-06 11:30:00,0.4109
2026-06-06 11:45:00,0.4197
2026-06-06 12:00:00,0.3965
2026-06-06 12:15:00,0.4319
2026-06-06 12:30:00,0.4674
2026-06-06 12:45:00,0.4723
2026-06-06 13:00:00,0.5568
2026-06-06 13:15:00,0.5828
2026-06-06 13:30:00,0.5156
2026-06-06 13:45:00,0.5235
2026-06-06 14:00:00,0.5293
2026-06-06 14:15:00,0.5237
2026-06-06 14:30:00,0.578
2026-06-06 14:45:00,0.5609
2026-06-06 15:00:00,0.4767
2026-06-06 15:15:00,0.4748
2026-06-06 15:30:00,0.4513
2026-06-06 15:45:00,0.45
2026-06-06 16:00:00,0.4837
2026-06-06 16:15:00,0.4817
2026-06-06 16:30:00,0.441
2026-06-06 16:45:00,0.4585
2026-06-06 17:00:00,0.4821
2026-06-06 17:15:00,0.5022
2026-06-06 17:30:00,0.6125
2026-06-06 17:45:00,0.6459
2026-06-06 18:00:00,0.6419
2026-06-06 18:15:00,0.6679
2026-06-06 18:30:00,0.7152
2026-06-06 18:45:00,0.9358
2026-06-06 19:00:00,1.8693
2026-06-06 19:15:00,1.8822
2026-06-06 19:30:00,0.8854
2026-06-06 19:45:00,0.6118
2026-06-06 20:00:00,0.5589
2026-06-06 20:15:00,0.4881
2026-06-06 20:30:00,0.6669
2026-06-06 20:45:00,1.3187
2026-06-06 21:00:00,0.9164
2026-06-06 21:15:00,0.3164
2026-06-06 21:30:00,0.2082
2026-06-06 21:45:00,0.1756
2026-06-06 22:00:00,0.2175
2026-06-06 22:15:00,0.1834
2026-06-06 22:30:00,0.1065
2026-06-06 22:45:00,0.1243
2026-06-06 23:00:00,0.1247
2026-06-06 23:15:00,0.1015
2026-06-06 23:30:00,0.1441
2026-06-06 23:45:00,0.1535
2026-06-07 00:00:00,0.0873
2026-06-07 00:15:00,0.0998
2026-06-07 00:30:00,0.0962
2026-06-07 00:45:00,0.1657
2026-06-07 01:00:00,0.1524
2026-06-07 01:15:00,0.1097
2026-06-07 01:30:00,0.0915
2026-06-07 01:45:00,0.1026
2026-06-07 02:00:00,0.1008
2026-06-07 02:15:00,0.1479
2026-06-07 02:30:00,0.1547
2026-06-07 02:45:00,0.1067
2026-06-07 03:00:00,0.0966
2026-06-07 03:15:00,0.0876
2026-06-07 03:30:00,0.0988
2026-06-07 03:45:00,0.1482
2026-06-07 04:00:00,0.1529
2026-06-07 04:15:00,0.1024
2026-06-07 04:30:00,0.0981
2026-06-07 04:45:00,0.1122
2026-06-07 05:00:00,0.152
2026-06-07 05:15:00,0.2447
2026-06-07 05:30:00,0.2987
2026-06-07 05:45:00,0.3558
2026-06-07 06:00:00,0.4559
2026-06-07 06:15:00,0.5492
2026-06-07 06:30:00,0.6193
2026-06-07 06:45:00,0.718
2026-06-07 07:00:00,0.6928
2026-06-07 07:15:00,0.5845
2026-06-07 07:30:00,0.4788
2026-06-07 07:45:00,0.3819
2026-06-07 08:00:00,0.2959
2026-06-07 08:15:00,0.2987
2026-06-07 08:30:00,0.2639
2026-06-07 08:45:00,0.2006
2026-06-07 09:00:00,0.1913
2026-06-07 09:15:00,0.2042
2026-06-07 09:30:00,0.2225
2026-06-07 09:45:00,0.3084
2026-06-07 10:00:00,0.3387
2026-06-07 10:15:00,0.2988
2026-06-07 10:30:00,0.3283
2026-06-07 10:45:00,0.3633
2026-06-07 11:00:00,0.3898
2026-06-07 11:15:00,0.482
2026-06-07 11:30:00,0.4889
2026-06-07 11:45:00,0.4689
2026-06-07 12:00:00,0.4914
2026-06-07 12:15:00,0.4993
2026-06-07 12:30:00,0.5215
2026-06-07 12:45:00,0.5848
2026-06-07 13:00:00,0.592
2026-06-07 13:15:00,0.5426
2026-06-07 13:30:00,0.525
2026-06-07 13:45:00,0.5059
2026-06-07 14:00:00,0.4938
2026-06-07 14:15:00,0.5334
2026-06-07 14:30:00,0.4944
2026-06-07 14:45:00,0.4122
2026-06-07 15:00:00,0.393
2026-06-07 15:15:00,0.3589
2026-06-07 15:30:00,0.3368
2026-06-07 15:45:00,0.3619
2026-06-07 16:00:00,0.345
2026-06-07 16:15:00,0.2623
2026-06-07 16:30:00,0.2597
2026-06-07 16:45:00,0.2577
2026-06-07 17:00:00,0.2609
2026-06-07 17:15:00,0.3354
2026-06-07 17:30:00,0.3856
2026-06-07 17:45:00,0.373
2026-06-07 18:00:00,0.4309
2026-06-07 18:15:00,0.512
2026-06-07 18:30:00,0.6896
2026-06-07 18:45:00,1.4122
2026-06-07 19:00:00,1.5827
2026-06-07 19:15:00,0.9475
2026-06-07 19:30:00,0.8929
2026-06-07 19:45:00,0.9149
2026-06-07 20:00:00,0.9268
2026-06-07 20:15:00,0.9884
2026-06-07 20:30:00,1.3838
2026-06-07 20:45:00,1.6839
2026-06-07 21:00:00,0.9615
2026-06-07 21:15:00,0.6504
2026-06-07 21:30:00,0.5475
2026-06-07 21:45:00,0.5195
2026-06-07 22:00:00,0.44
2026-06-07 22:15:00,0.3205
2026-06-07 22:30:00,0.2634
2026-06-07 22:45:00,0.2015
2026-06-07 23:00:00,0.1622
2026-06-07 23:15:00,0.2125
2026-06-07 23:30:00,0.1953
2026-06-07 23:45:00,0.1132
2026-06-08 00:00:00,0.1276
2026-06-08 00:15:00,0.0903
2026-06-08 00:30:00,0.089
2026-06-08 00:45:00,0.0879
2026-06-08 01:00:00,0.0925
2026-06-08 01:15:00,0.1364
2026-06-08 01:30:00,0.137
2026-06-08 01:45:00,0.089
2026-06-08 02:00:00,0.0873
2026-06-08 02:15:00,0.0752
2026-06-08 02:30:00,0.0859
2026-06-08 02:45:00,0.1297
2026-06-08 03:00:00,0.1255
2026-06-08 03:15:00,0.095
2026-06-08 03:30:00,0.0952
2026-06-08 03:45:00,0.0931
2026-06-08 04:00:00,0.0868
2026-06-08 04:15:00,0.1405
2026-06-08 04:30:00,0.133
2026-06-08 04:45:00,0.0869
2026-06-08 05:00:00,0.0802
2026-06-08 05:15:00,0.0908
2026-06-08 05:30:00,0.094
2026-06-08 05:45:00,0.1453
2026-06-08 06:00:00,0.1759
2026-06-08 06:15:00,0.1704
2026-06-08 06:30:00,0.2485
2026-06-08 06:45:00,0.3385
2026-06-08 07:00:00,0.4503
2026-06-08 07:15:00,0.6211
2026-06-08 07:30:00,0.7223
2026-06-08 07:45:00,0.731
2026-06-08 08:00:00,0.7231
2026-06-08 08:15:00,0.6658
2026-06-08 08:30:00,0.5572
2026-06-08 08:45:00,0.4792
2026-06-08 09:00:00,0.3739
2026-06-08 09:15:00,0.2331
2026-06-08 09:30:00,0.1558
2026-06-08 09:45:00,0.1252
2026-06-08 10:00:00,0.1095
2026-06-08 10:15:00,0.1465
2026-06-08 10:30:00,0.1415
2026-06-08 10:45:00,0.0866
2026-06-08 11:00:00,0.0809
2026-06-08 11:15:00,0.0793
2026-06-08 11:30:00,0.0874
2026-06-08 11:45:00,0.135
2026-06-08 12:00:00,0.1401
2026-06-08 12:15:00,0.0916
2026-06-08 12:30:00,0.0846
2026-06-08 12:45:00,0.0783
2026-06-08 13:00:00,0.0836
2026-06-08 13:15:00,0.1341
2026-06-08 13:30:00,0.1317
2026-06-08 13:45:00,0.0822
2026-06-08 14:00:00,0.087
2026-06-08 14:15:00,0.0828
2026-06-08 14:30:00,0.0824
2026-06-08 14:45:00,0.1358
2026-06-08 15:00:00,0.1327
2026-06-08 15:15:00,0.0906
2026-06-08 15:30:00,0.0936
2026-06-08 15:45:00,0.09
2026-06-08 16:00:00,0.1005
2026-06-08 16:15:00,0.169
2026-06-08 16:30:00,0.1686
2026-06-08 16:45:00,0.1356
2026-06-08 17:00:00,0.1634
2026-06-08 17:15:00,0.2077
2026-06-08 17:30:00,0.2486
2026-06-08 17:45:00,0.343
2026-06-08 18:00:00,0.4085
2026-06-08 18:15:00,0.5354
2026-06-08 18:30:00,1.1174
2026-06-08 18:45:00,0.9929
2026-06-08 19:00:00,1.0738
2026-06-08 19:15:00,1.4202
2026-06-08 19:30:00,0.8357
2026-06-08 19:45:00,0.6092
2026-06-08 20:00:00,0.5906
2026-06-08 20:15:00,0.5701
2026-06-08 20:30:00,0.5297
2026-06-08 20:45:00,0.5135
2026-06-08 21:00:00,0.4705
2026-06-08 21:15:00,0.356
2026-06-08 21:30:00,0.3121
2026-06-08 21:45:00,0.2531
2026-06-08 22:00:00,0.2126
2026-06-08 22:15:00,0.227
2026-06-08 22:30:00,0.2159
2026-06-08 22:45:00,0.1346
2026-06-08 23:00:00,0.1107
2026-06-08 23:15:00,0.1097
2026-06-08 23:30:00,0.095
2026-06-08 23:45:00,0.1371
2026-06-09 00:00:00,0.1293
2026-06-09 00:15:00,0.1301
2026-06-09 00:30:00,0.1258
2026-06-09 00:45:00,0.0879
2026-06-09 01:00:00,0.0759
2026-06-09 01:15:00,0.0811
2026-06-09 01:30:00,0.1264
2026-06-09 01:45:00,0.1294
2026-06-09 02:00:00,0.1312
2026-06-09 02:15:00,0.0777
2026-06-09 02:30:00,0.0873
2026-06-09 02:45:00,0.0837
2026-06-09 03:00:00,0.1191
2026-06-09 03:15:00,0.1187
2026-06-09 03:30:00,0.1295
2026-06-09 03:45:00,0.0821
2026-06-09 04:00:00,0.0828
2026-06-09 04:15:00,0.0834
2026-06-09 04:30:00,0.1316
2026-06-09 04:45:00,0.1371
2026-06-09 05:00:00,0.1297
2026-06-09 05:15:00,0.0928
2026-06-09 05:30:00,0.1138
2026-06-09 05:45:00,0.161
2026-06-09 06:00:00,0.2799
2026-06-09 06:15:00,0.3725
2026-06-09 06:30:00,0.4963
2026-06-09 06:45:00,0.6094
2026-06-09 07:00:00,0.7621
2026-06-09 07:15:00,0.8712
2026-06-09 07:30:00,0.9576
2026-06-09 07:45:00,0.9203
2026-06-09 08:00:00,0.8104
2026-06-09 08:15:00,0.6237
2026-06-09 08:30:00,0.4592
2026-06-09 08:45:00,0.3231
2026-06-09 09:00:00,0.2752
2026-06-09 09:15:00,0.1968
2026-06-09 09:30:00,0.1682
2026-06-09 09:45:00,0.0998
2026-06-09 10:00:00,0.0888
2026-06-09 10:15:00,0.0944
2026-06-09 10:30:00,0.1269
2026-06-09 10:45:00,0.1413
2026-06-09 11:00:00,0.1284
2026-06-09 11:15:00,0.0762
2026-06-09 11:30:00,0.0837
2026-06-09 11:45:00,0.0773
2026-06-09 12:00:00,0.1254
2026-06-09 12:15:00,0.1318
2026-06-09 12:30:00,0.1327
2026-06-09 12:45:00,0.0799
2026-06-09 13:00:00,0.0888
2026-06-09 13:15:00,0.0898
2026-06-09 13:30:00,0.1376
2026-06-09 13:45:00,0.1326
2026-06-09 14:00:00,0.1372
2026-06-09 14:15:00,0.0729
2026-06-09 14:30:00,0.0817
2026-06-09 14:45:00,0.0788
2026-06-09 15:00:00,0.1309
2026-06-09 15:15:00,0.1276
2026-06-09 15:30:00,0.1309
2026-06-09 15:45:00,0.0978
2026-06-09 16:00:00,0.0894
2026-06-09 16:15:00,0.0977
2026-06-09 16:30:00,0.1482
2026-06-09 16:45:00,0.1619
2026-06-09 17:00:00,0.179
2026-06-09 17:15:00,0.1599
2026-06-09 17:30:00,0.1976
2026-06-09 17:45:00,0.2641
2026-06-09 18:00:00,0.6193
2026-06-09 18:15:00,0.9789
2026-06-09 18:30:00,0.6423
2026-06-09 18:45:00,0.5234
2026-06-09 19:00:00,0.6087
2026-06-09 19:15:00,0.693
2026-06-09 19:30:00,0.8123
2026-06-09 19:45:00,0.8876
2026-06-09 20:00:00,1.0746
2026-06-09 20:15:00,1.2646
2026-06-09 20:30:00,1.0097
2026-06-09 20:45:00,0.8538
2026-06-09 21:00:00,0.8591
2026-06-09 21:15:00,0.9816
2026-06-09 21:30:00,1.1883
2026-06-09 21:45:00,0.6949
2026-06-09 22:00:00,0.469
2026-06-09 22:15:00,0.3936
2026-06-09 22:30:00,0.3687
2026-06-09 22:45:00,0.2991
2026-06-09 23:00:00,0.2525
2026-06-09 23:15:00,0.1795
2026-06-09 23:30:00,0.1405
2026-06-09 23:45:00,0.135
2026-06-10 00:00:00,0.1297
2026-06-10 00:15:00,0.1316
2026-06-10 00:30:00,0.0872
2026-06-10 00:45:00,0.0782
2026-06-10 01:00:00,0.078
2026-06-10 01:15:00,0.0899
2026-06-10 01:30:00,0.128
2026-06-10 01:45:00,0.1224
2026-06-10 02:00:00,0.0862
2026-06-10 02:15:00,0.0864
2026-06-10 02:30:00,0.0752
2026-06-10 02:45:00,0.0851
2026-06-10 03:00:00,0.1344
2026-06-10 03:15:00,0.1324
2026-06-10 03:30:00,0.0873
2026-06-10 03:45:00,0.0759
2026-06-10 04:00:00,0.0856
2026-06-10 04:15:00,0.0822
2026-06-10 04:30:00,0.1279
2026-06-10 04:45:00,0.1362
2026-06-10 05:00:00,0.0951
2026-06-10 05:15:00,0.1022
2026-06-10 05:30:00,0.1119
2026-06-10 05:45:00,0.1295
2026-06-10 06:00:00,0.2262
2026-06-10 06:15:00,0.307
2026-06-10 06:30:00,0.3718
2026-06-10 06:45:00,0.5187
2026-06-10 07:00:00,0.6835
2026-06-10 07:15:00,0.8233
2026-06-10 07:30:00,0.9603
2026-06-10 07:45:00,0.9809
2026-06-10 08:00:00,0.8782
2026-06-10 08:15:00,0.749
2026-06-10 08:30:00,0.5932
2026-06-10 08:45:00,0.4386
2026-06-10 09:00:00,0.3485
2026-06-10 09:15:00,0.2599
2026-06-10 09:30:00,0.1506
2026-06-10 09:45:00,0.1072
2026-06-10 10:00:00,0.1047
2026-06-10 10:15:00,0.0859
2026-06-10 10:30:00,0.1228
2026-06-10 10:45:00,0.125
2026-06-10 11:00:00,0.0782
2026-06-10 11:15:00,0.0841
2026-06-10 11:30:00,0.0823
2026-06-10 11:45:00,0.0819
2026-06-10 12:00:00,0.1338
2026-06-10 12:15:00,0.1322
2026-06-10 12:30:00,0.0855
2026-06-10 12:45:00,0.0861
2026-06-10 13:00:00,0.0872
2026-06-10 13:15:00,0.072
2026-06-10 13:30:00,0.1284
2026-06-10 13:45:00,0.1183
2026-06-10 14:00:00,0.0843
2026-06-10 14:15:00,0.0845
2026-06-10 14:30:00,0.091
2026-06-10 14:45:00,0.093
2026-06-10 15:00:00,0.1361
2026-06-10 15:15:00,0.1357
2026-06-10 15:30:00,0.1002
2026-06-10 15:45:00,0.1033
2026-06-10 16:00:00,0.1192
2026-06-10 16:15:00,0.1436
2026-06-10 16:30:00,0.2077
2026-06-10 16:45:00,0.2504
2026-06-10 17:00:00,0.2483
2026-06-10 17:15:00,0.2949
2026-06-10 17:30:00,0.3717
2026-06-10 17:45:00,0.4455
2026-06-10 18:00:00,0.6121
2026-06-10 18:15:00,1.0268
2026-06-10 18:30:00,1.1562
2026-06-10 18:45:00,0.8314
2026-06-10 19:00:00,0.803
2026-06-10 19:15:00,0.8236
2026-06-10 19:30:00,0.8862
2026-06-10 19:45:00,0.8612
2026-06-10 20:00:00,0.7825
2026-06-10 20:15:00,0.7275
2026-06-10 20:30:00,0.6698
2026-06-10 20:45:00,0.5696
2026-06-10 21:00:00,0.561
2026-06-10 21:15:00,0.6471
2026-06-10 21:30:00,0.8089
2026-06-10 21:45:00,0.4521
2026-06-10 22:00:00,0.2409
2026-06-10 22:15:00,0.1866
2026-06-10 22:30:00,0.2099
2026-06-10 22:45:00,0.1755
2026-06-10 23:00:00,0.121
2026-06-10 23:15:00,0.0995
2026-06-10 23:30:00,0.0952
2026-06-10 23:45:00,0.0847
2026-06-11 00:00:00,0.1624
2026-06-11 00:15:00,0.0895
2026-06-11 00:30:00,0.1021
2026-06-11 00:45:00,0.0947
2026-06-11 01:00:00,0.144
2026-06-11 01:15:00,0.1476
2026-06-11 01:30:00,0.1453
2026-06-11 01:45:00,0.0939
2026-06-11 02:00:00,0.0906
2026-06-11 02:15:00,0.0845
2026-06-11 02:30:00,0.1354
2026-06-11 02:45:00,0.149
2026-06-11 03:00:00,0.1432
2026-06-11 03:15:00,0.0895
2026-06-11 03:30:00,0.0933
2026-06-11 03:45:00,0.0983
2026-06-11 04:00:00,0.1466
2026-06-11 04:15:00,0.1425
2026-06-11 04:30:00,0.1572
2026-06-11 04:45:00,0.1151
2026-06-11 05:00:00,0.1252
2026-06-11 05:15:00,0.1619
2026-06-11 05:30:00,0.2756
2026-06-11 05:45:00,0.3707
2026-06-11 06:00:00,0.5018
2026-06-11 06:15:00,0.6138
2026-06-11 06:30:00,0.7828
2026-06-11 06:45:00,0.9129
2026-06-11 07:00:00,1.0521
2026-06-11 07:15:00,1.0309
2026-06-11 07:30:00,0.9435
2026-06-11 07:45:00,0.756
2026-06-11 08:00:00,0.5823
2026-06-11 08:15:00,0.4268
2026-06-11 08:30:00,0.3404
2026-06-11 08:45:00,0.2465
2026-06-11 09:00:00,0.1978
2026-06-11 09:15:00,0.1185
2026-06-11 09:30:00,0.1038
2026-06-11 09:45:00,0.104
2026-06-11 10:00:00,0.144
2026-06-11 10:15:00,0.1475
2026-06-11 10:30:00,0.1389
2026-06-11 10:45:00,0.096
2026-06-11 11:00:00,0.0932
2026-06-11 11:15:00,0.0885
2026-06-11 11:30:00,0.1435
2026-06-11 11:45:00,0.1438
2026-06-11 12:00:00,0.1433
2026-06-11 12:15:00,0.1042
2026-06-11 12:30:00,0.0926
2026-06-11 12:45:00,0.0918
2026-06-11 13:00:00,0.1321
2026-06-11 13:15:00,0.1398
2026-06-11 13:30:00,0.1441
2026-06-11 13:45:00,0.0904
2026-06-11 14:00:00,0.1044
2026-06-11 14:15:00,0.097
2026-06-11 14:30:00,0.1613
2026-06-11 14:45:00,0.1593
2026-06-11 15:00:00,0.168
2026-06-11 15:15:00,0.1286
2026-06-11 15:30:00,0.1482
2026-06-11 15:45:00,0.1853
2026-06-11 16:00:00,0.2474
2026-06-11 16:15:00,0.2948
2026-06-11 16:30:00,0.3598
2026-06-11 16:45:00,0.3776
2026-06-11 17:00:00,0.4564
2026-06-11 17:15:00,0.5349
2026-06-11 17:30:00,0.6621
2026-06-11 17:45:00,0.7471
2026-06-11 18:00:00,0.8133
2026-06-11 18:15:00,0.807
2026-06-11 18:30:00,0.8754
2026-06-11 18:45:00,1.3242
2026-06-11 19:00:00,2.1324
2026-06-11 19:15:00,1.513
2026-06-11 19:30:00,0.8498
2026-06-11 19:45:00,0.6605
2026-06-11 20:00:00,0.5897
2026-06-11 20:15:00,0.4843
2026-06-11 20:30:00,0.4643
2026-06-11 20:45:00,0.3943
2026-06-11 21:00:00,0.3372
2026-06-11 21:15:00,0.2344
2026-06-11 21:30:00,0.1853
2026-06-11 21:45:00,0.157
2026-06-11 22:00:00,0.1862
2026-06-11 22:15:00,0.1903
2026-06-11 22:30:00,0.175
2026-06-11 22:45:00,0.102
2026-06-11 23:00:00,0.0976
2026-06-11 23:15:00,0.0899
2026-06-11 23:30:00,0.1352
2026-06-11 23:45:00,0.1453
2026-06-12 00:00:00,0.1364
2026-06-12 00:15:00,0.1284
2026-06-12 00:30:00,0.1346
2026-06-12 00:45:00,0.0899
2026-06-12 01:00:00,0.0913
2026-06-12 01:15:00,0.0869
2026-06-12 01:30:00,0.1454
2026-06-12 01:45:00,0.1423
2026-06-12 02:00:00,0.1349
2026-06-12 02:15:00,0.0921
2026-06-12 02:30:00,0.099
2026-06-12 02:45:00,0.0992
2026-06-12 03:00:00,0.1293
2026-06-12 03:15:00,0.131
2026-06-12 03:30:00,0.1451
2026-06-12 03:45:00,0.0815
2026-06-12 04:00:00,0.08
2026-06-12 04:15:00,0.0849
2026-06-12 04:30:00,0.139
2026-06-12 04:45:00,0.1361
2026-06-12 05:00:00,0.1335
2026-06-12 05:15:00,0.0865
2026-06-12 05:30:00,0.091
2026-06-12 05:45:00,0.1013
2026-06-12 06:00:00,0.1923
2026-06-12 06:15:00,0.2259
2026-06-12 06:30:00,0.3056
2026-06-12 06:45:00,0.363
2026-06-12 07:00:00,0.5145
2026-06-12 07:15:00,0.6805
2026-06-12 07:30:00,0.8763
2026-06-12 07:45:00,0.9952
2026-06-12 08:00:00,1.0281
2026-06-12 08:15:00,0.9262
2026-06-12 08:30:00,0.8099
2026-06-12 08:45:00,0.6617
2026-06-12 09:00:00,0.5349
2026-06-12 09:15:00,0.3987
2026-06-12 09:30:00,0.2864
2026-06-12 09:45:00,0.1698
2026-06-12 10:00:00,0.1194
2026-06-12 10:15:00,0.1067
2026-06-12 10:30:00,0.147
2026-06-12 10:45:00,0.1353
2026-06-12 11:00:00,0.1404
2026-06-12 11:15:00,0.0912
2026-06-12 11:30:00,0.0846
2026-06-12 11:45:00,0.0812
2026-06-12 12:00:00,0.1295
2026-06-12 12:15:00,0.137
2026-06-12 12:30:00,0.1384
2026-06-12 12:45:00,0.0832
2026-06-12 13:00:00,0.0882
2026-06-12 13:15:00,0.0917
2026-06-12 13:30:00,0.1412
2026-06-12 13:45:00,0.1477
2026-06-12 14:00:00,0.1478
2026-06-12 14:15:00,0.0886
2026-06-12 14:30:00,0.109
2026-06-12 14:45:00,0.1034
2026-06-12 15:00:00,0.1723
2026-06-12 15:15:00,0.1826
2026-06-12 15:30:00,0.2021
2026-06-12 15:45:00,0.1753
2026-06-12 16:00:00,0.2237
2026-06-12 16:15:00,0.2639
2026-06-12 16:30:00,0.3849
2026-06-12 16:45:00,0.4535
2026-06-12 17:00:00,0.5106
2026-06-12 17:15:00,0.5406
2026-06-12 17:30:00,0.6157
2026-06-12 17:45:00,0.9179
2026-06-12 18:00:00,1.5385
2026-06-12 18:15:00,1.1348
2026-06-12 18:30:00,0.8383
2026-06-12 18:45:00,0.8059
2026-06-12 19:00:00,1.2778
2026-06-12 19:15:00,1.3831
2026-06-12 19:30:00,0.7914
2026-06-12 19:45:00,0.5844
2026-06-12 20:00:00,0.5109
2026-06-12 20:15:00,0.3913
2026-06-12 20:30:00,0.3222
2026-06-12 20:45:00,0.274
2026-06-12 21:00:00,0.2748
2026-06-12 21:15:00,0.2361
2026-06-12 21:30:00,0.212
2026-06-12 21:45:00,0.1409
2026-06-12 22:00:00,0.1145
2026-06-12 22:15:00,0.1082
2026-06-12 22:30:00,0.1439
2026-06-12 22:45:00,0.1432
2026-06-12 23:00:00,0.1367
2026-06-12 23:15:00,0.0993
2026-06-12 23:30:00,0.091
2026-06-12 23:45:00,0.087
2026-06-13 00:00:00,0.0913
2026-06-13 00:15:00,0.0876
2026-06-13 00:30:00,0.0879
2026-06-13 00:45:00,0.0775
2026-06-13 01:00:00,0.142
2026-06-13 01:15:00,0.1455
2026-06-13 01:30:00,0.0808
2026-06-13 01:45:00,0.0863
2026-06-13 02:00:00,0.0833
2026-06-13 02:15:00,0.0845
2026-06-13 02:30:00,0.1408
2026-06-13 02:45:00,0.1279
2026-06-13 03:00:00,0.094
2026-06-13 03:15:00,0.0948
2026-06-13 03:30:00,0.0888
2026-06-13 03:45:00,0.0754
2026-06-13 04:00:00,0.1344
2026-06-13 04:15:00,0.1479
2026-06-13 04:30:00,0.0736
2026-06-13 04:45:00,0.0883
2026-06-13 05:00:00,0.0837
2026-06-13 05:15:00,0.0966
2026-06-13 05:30:00,0.1405
2026-06-13 05:45:00,0.1533
2026-06-13 06:00:00,0.1175
2026-06-13 06:15:00,0.1508
2026-06-13 06:30:00,0.1824
2026-06-13 06:45:00,0.2522
2026-06-13 07:00:00,0.3792
2026-06-13 07:15:00,0.4962
2026-06-13 07:30:00,0.5306
2026-06-13 07:45:00,0.602
2026-06-13 08:00:00,0.6311
2026-06-13 08:15:00,0.5962
2026-06-13 08:30:00,0.5873
2026-06-13 08:45:00,0.4959
2026-06-13 09:00:00,0.3416
2026-06-13 09:15:00,0.2433
2026-06-13 09:30:00,0.1873
2026-06-13 09:45:00,0.1505
2026-06-13 10:00:00,0.1616
2026-06-13 10:15:00,0.1561
2026-06-13 10:30:00,0.1153
2026-06-13 10:45:00,0.1139
2026-06-13 11:00:00,0.1198
2026-06-13 11:15:00,0.1356
2026-06-13 11:30:00,0.1861
2026-06-13 11:45:00,0.1977
2026-06-13 12:00:00,0.1721
2026-06-13 12:15:00,0.1684
2026-06-13 12:30:00,0.1805
2026-06-13 12:45:00,0.2052
2026-06-13 13:00:00,0.2742
2026-06-13 13:15:00,0.2883
2026-06-13 13:30:00,0.2558
2026-06-13 13:45:00,0.297
2026-06-13 14:00:00,0.306
2026-06-13 14:15:00,0.3199
2026-06-13 14:30:00,0.399
2026-06-13 14:45:00,0.4102
2026-06-13 15:00:00,0.3744
2026-06-13 15:15:00,0.3924
2026-06-13 15:30:00,0.3921
2026-06-13 15:45:00,0.4112
2026-06-13 16:00:00,0.479
2026-06-13 16:15:00,0.4787
2026-06-13 16:30:00,0.4337
2026-06-13 16:45:00,0.4465
2026-06-13 17:00:00,0.4659
2026-06-13 17:15:00,0.4924
2026-06-13 17:30:00,0.575
2026-06-13 17:45:00,0.6237
2026-06-13 18:00:00,0.6097
2026-06-13 18:15:00,0.7967
2026-06-13 18:30:00,1.2018
2026-06-13 18:45:00,1.0449
2026-06-13 19:00:00,0.8741
2026-06-13 19:15:00,0.893
2026-06-13 19:30:00,0.8521
2026-06-13 19:45:00,0.8783
2026-06-13 20:00:00,1.1009
2026-06-13 20:15:00,1.1122
2026-06-13 20:30:00,0.8049
2026-06-13 20:45:00,0.663
2026-06-13 21:00:00,0.543
2026-06-13 21:15:00,0.4672
2026-06-13 21:30:00,0.3942
2026-06-13 21:45:00,0.3251
2026-06-13 22:00:00,0.3184
2026-06-13 22:15:00,0.2781
2026-06-13 22:30:00,0.1889
2026-06-13 22:45:00,0.1356
2026-06-13 23:00:00,0.13
2026-06-13 23:15:00,0.1162
2026-06-13 23:30:00,0.1467
2026-06-13 23:45:00,0.1512
2026-06-14 00:00:00,0.0856
2026-06-14 00:15:00,0.1545
2026-06-14 00:30:00,0.145
2026-06-14 00:45:00,0.1458
2026-06-14 01:00:00,0.0914
2026-06-14 01:15:00,0.0909
2026-06-14 01:30:00,0.0989
2026-06-14 01:45:00,0.1487
2026-06-14 02:00:00,0.1512
2026-06-14 02:15:00,0.147
2026-06-14 02:30:00,0.0978
2026-06-14 02:45:00,0.0919
2026-06-14 03:00:00,0.1086
2026-06-14 03:15:00,0.1372
2026-06-14 03:30:00,0.155
2026-06-14 03:45:00,0.1559
2026-06-14 04:00:00,0.0898
2026-06-14 04:15:00,0.1106
2026-06-14 04:30:00,0.1064
2026-06-14 04:45:00,0.1678
2026-06-14 05:00:00,0.1814
2026-06-14 05:15:00,0.2185
2026-06-14 05:30:00,0.2337
2026-06-14 05:45:00,0.3428
2026-06-14 06:00:00,0.4937
2026-06-14 06:15:00,0.7102
2026-06-14 06:30:00,0.8754
2026-06-14 06:45:00,1.0219
2026-06-14 07:00:00,1.0348
2026-06-14 07:15:00,1.0096
2026-06-14 07:30:00,0.905
2026-06-14 07:45:00,0.7924
2026-06-14 08:00:00,0.6136
2026-06-14 08:15:00,0.456
2026-06-14 08:30:00,0.2767
2026-06-14 08:45:00,0.2068
2026-06-14 09:00:00,0.1576
2026-06-14 09:15:00,0.1852
2026-06-14 09:30:00,0.162
2026-06-14 09:45:00,0.1742
2026-06-14 10:00:00,0.143
2026-06-14 10:15:00,0.1412
2026-06-14 10:30:00,0.1594
2026-06-14 10:45:00,0.2146
2026-06-14 11:00:00,0.2481
2026-06-14 11:15:00,0.2557
2026-06-14 11:30:00,0.2251
2026-06-14 11:45:00,0.2585
2026-06-14 12:00:00,0.2751
2026-06-14 12:15:00,0.3384
2026-06-14 12:30:00,0.359
2026-06-14 12:45:00,0.3826
2026-06-14 13:00:00,0.3562
2026-06-14 13:15:00,0.3715
2026-06-14 13:30:00,0.3865
2026-06-14 13:45:00,0.4648
2026-06-14 14:00:00,0.4657
2026-06-14 14:15:00,0.4886
2026-06-14 14:30:00,0.4268
2026-06-14 14:45:00,0.4397
2026-06-14 15:00:00,0.4313
2026-06-14 15:15:00,0.4882
2026-06-14 15:30:00,0.4798
2026-06-14 15:45:00,0.4852
2026-06-14 16:00:00,0.4534
2026-06-14 16:15:00,0.478
2026-06-14 16:30:00,0.5038
2026-06-14 16:45:00,0.5915
2026-06-14 17:00:00,0.6464
2026-06-14 17:15:00,0.7113
2026-06-14 17:30:00,0.7287
2026-06-14 17:45:00,0.8146
2026-06-14 18:00:00,0.8928
2026-06-14 18:15:00,1.0813
2026-06-14 18:30:00,1.6617
2026-06-14 18:45:00,2.0983
2026-06-14 19:00:00,1.4912
2026-06-14 19:15:00,1.2097
2026-06-14 19:30:00,1.6992
2026-06-14 19:45:00,1.4057
2026-06-14 20:00:00,0.8665
2026-06-14 20:15:00,0.7156
2026-06-14 20:30:00,0.5668
2026-06-14 20:45:00,0.472
2026-06-14 21:00:00,0.39
2026-06-14 21:15:00,0.3734
2026-06-14 21:30:00,0.3039
2026-06-14 21:45:00,0.2673
2026-06-14 22:00:00,0.1646
2026-06-14 22:15:00,0.149
2026-06-14 22:30:00,0.1294
2026-06-14 22:45:00,0.1642
2026-06-14 23:00:00,0.1596
2026-06-14 23:15:00,0.1506
2026-06-14 23:30:00,0.092
2026-06-14 23:45:00,0.0946
2026-06-15 00:00:00,0.133
2026-06-15 00:15:00,0.0854
2026-06-15 00:30:00,0.0882
2026-06-15 00:45:00,0.0901
2026-06-15 01:00:00,0.0737
2026-06-15 01:15:00,0.1228
2026-06-15 01:30:00,0.1335
2026-06-15 01:45:00,0.081
2026-06-15 02:00:00,0.0925
2026-06-15 02:15:00,0.0833
2026-06-15 02:30:00,0.0741
2026-06-15 02:45:00,0.1251
2026-06-15 03:00:00,0.1167
2026-06-15 03:15:00,0.0837
2026-06-15 03:30:00,0.084
2026-06-15 03:45:00,0.0826
2026-06-15 04:00:00,0.0912
2026-06-15 04:15:00,0.1391
2026-06-15 04:30:00,0.1314
2026-06-15 04:45:00,0.0731
2026-06-15 05:00:00,0.089
2026-06-15 05:15:00,0.0896
2026-06-15 05:30:00,0.0907
2026-06-15 05:45:00,0.1479
2026-06-15 06:00:00,0.149
2026-06-15 06:15:00,0.1458
2026-06-15 06:30:00,0.1744
2026-06-15 06:45:00,0.2542
2026-06-15 07:00:00,0.3358
2026-06-15 07:15:00,0.4996
2026-06-15 07:30:00,0.6247
2026-06-15 07:45:00,0.6532
2026-06-15 08:00:00,0.6981
2026-06-15 08:15:00,0.6756
2026-06-15 08:30:00,0.602
2026-06-15 08:45:00,0.5524
2026-06-15 09:00:00,0.4289
2026-06-15 09:15:00,0.2702
2026-06-15 09:30:00,0.1966
2026-06-15 09:45:00,0.1507
2026-06-15 10:00:00,0.1179
2026-06-15 10:15:00,0.137
2026-06-15 10:30:00,0.1336
2026-06-15 10:45:00,0.0837
2026-06-15 11:00:00,0.0836
2026-06-15 11:15:00,0.0774
2026-06-15 11:30:00,0.0815
2026-06-15 11:45:00,0.1282
2026-06-15 12:00:00,0.1367
2026-06-15 12:15:00,0.0896
2026-06-15 12:30:00,0.0842
2026-06-15 12:45:00,0.0828
2026-06-15 13:00:00,0.0859
2026-06-15 13:15:00,0.1277
2026-06-15 13:30:00,0.1259
2026-06-15 13:45:00,0.0798
2026-06-15 14:00:00,0.0817
2026-06-15 14:15:00,0.079
2026-06-15 14:30:00,0.087
2026-06-15 14:45:00,0.1385
2026-06-15 15:00:00,0.127
2026-06-15 15:15:00,0.0918
2026-06-15 15:30:00,0.095
2026-06-15 15:45:00,0.1057
2026-06-15 16:00:00,0.115
2026-06-15 16:15:00,0.1708
2026-06-15 16:30:00,0.1957
2026-06-15 16:45:00,0.1883
2026-06-15 17:00:00,0.2367
2026-06-15 17:15:00,0.2724
2026-06-15 17:30:00,0.3524
2026-06-15 17:45:00,0.4804
2026-06-15 18:00:00,0.5567
2026-06-15 18:15:00,0.6025
2026-06-15 18:30:00,0.7511
2026-06-15 18:45:00,1.3935
2026-06-15 19:00:00,1.6605
2026-06-15 19:15:00,1.0762
2026-06-15 19:30:00,0.9561
2026-06-15 19:45:00,0.8902
2026-06-15 20:00:00,0.865
2026-06-15 20:15:00,0.8088
2026-06-15 20:30:00,0.7396
2026-06-15 20:45:00,0.7175
2026-06-15 21:00:00,0.7593
2026-06-15 21:15:00,1.0372
2026-06-15 21:30:00,0.7242
2026-06-15 21:45:00,0.3631
2026-06-15 22:00:00,0.2738
2026-06-15 22:15:00,0.2768
2026-06-15 22:30:00,0.2213
2026-06-15 22:45:00,0.1494
2026-06-15 23:00:00,0.134
2026-06-15 23:15:00,0.1193
2026-06-15 23:30:00,0.0937
2026-06-15 23:45:00,0.1405
2026-06-16 00:00:00,0.0841
2026-06-16 00:15:00,0.0782
2026-06-16 00:30:00,0.1312
2026-06-16 00:45:00,0.1283
2026-06-16 01:00:00,0.0865
2026-06-16 01:15:00,0.0888
2026-06-16 01:30:00,0.0834
2026-06-16 01:45:00,0.0885
2026-06-16 02:00:00,0.1152
2026-06-16 02:15:00,0.1368
2026-06-16 02:30:00,0.0844
2026-06-16 02:45:00,0.0882
2026-06-16 03:00:00,0.0756
2026-06-16 03:15:00,0.0778
2026-06-16 03:30:00,0.1289
2026-06-16 03:45:00,0.1281
2026-06-16 04:00:00,0.0844
2026-06-16 04:15:00,0.0898
2026-06-16 04:30:00,0.0772
2026-06-16 04:45:00,0.0995
2026-06-16 05:00:00,0.1563
2026-06-16 05:15:00,0.1879
2026-06-16 05:30:00,0.1936
2026-06-16 05:45:00,0.2969
2026-06-16 06:00:00,0.4102
2026-06-16 06:15:00,0.5842
2026-06-16 06:30:00,0.78
2026-06-16 06:45:00,0.9215
2026-06-16 07:00:00,0.946
2026-06-16 07:15:00,0.9429
2026-06-16 07:30:00,0.847
2026-06-16 07:45:00,0.701
2026-06-16 08:00:00,0.5843
2026-06-16 08:15:00,0.442
2026-06-16 08:30:00,0.2714
2026-06-16 08:45:00,0.1826
2026-06-16 09:00:00,0.1321
2026-06-16 09:15:00,0.0968
2026-06-16 09:30:00,0.1397
2026-06-16 09:45:00,0.1219
2026-06-16 10:00:00,0.0877
2026-06-16 10:15:00,0.0834
2026-06-16 10:30:00,0.0955
2026-06-16 10:45:00,0.0763
2026-06-16 11:00:00,0.1275
2026-06-16 11:15:00,0.1379
2026-06-16 11:30:00,0.0889
2026-06-16 11:45:00,0.0785
2026-06-16 12:00:00,0.0836
2026-06-16 12:15:00,0.0823
2026-06-16 12:30:00,0.1296
2026-06-16 12:45:00,0.1243
2026-06-16 13:00:00,0.0819
2026-06-16 13:15:00,0.0736
2026-06-16 13:30:00,0.0832
2026-06-16 13:45:00,0.0851
2026-06-16 14:00:00,0.1274
2026-06-16 14:15:00,0.1203
2026-06-16 14:30:00,0.0898
2026-06-16 14:45:00,0.088
2026-06-16 15:00:00,0.0847
2026-06-16 15:15:00,0.0914
2026-06-16 15:30:00,0.1372
2026-06-16 15:45:00,0.1498
2026-06-16 16:00:00,0.1213
2026-06-16 16:15:00,0.1512
2026-06-16 16:30:00,0.168
2026-06-16 16:45:00,0.2098
2026-06-16 17:00:00,0.292
2026-06-16 17:15:00,0.3471
2026-06-16 17:30:00,0.3567
2026-06-16 17:45:00,0.4442
2026-06-16 18:00:00,0.8845
2026-06-16 18:15:00,1.8209
2026-06-16 18:30:00,1.5953
2026-06-16 18:45:00,1.0286
2026-06-16 19:00:00,0.684
2026-06-16 19:15:00,0.6639
2026-06-16 19:30:00,0.6463
2026-06-16 19:45:00,0.6325
2026-06-16 20:00:00,0.6119
2026-06-16 20:15:00,0.5681
2026-06-16 20:30:00,0.4544
2026-06-16 20:45:00,0.3953
2026-06-16 21:00:00,0.3383
2026-06-16 21:15:00,0.2694
2026-06-16 21:30:00,0.281
2026-06-16 21:45:00,0.2499
2026-06-16 22:00:00,0.1591
2026-06-16 22:15:00,0.1384
2026-06-16 22:30:00,0.1244
2026-06-16 22:45:00,0.105
2026-06-16 23:00:00,0.1397
2026-06-16 23:15:00,0.1246
2026-06-16 23:30:00,0.0911
2026-06-16 23:45:00,0.0847
2026-06-17 00:00:00,0.1356
2026-06-17 00:15:00,0.1381
2026-06-17 00:30:00,0.0913
2026-06-17 00:45:00,0.0911
2026-06-17 01:00:00,0.0903
2026-06-17 01:15:00,0.0907
2026-06-17 01:30:00,0.14
2026-06-17 01:45:00,0.1326
2026-06-17 02:00:00,0.0877
2026-06-17 02:15:00,0.0964
2026-06-17 02:30:00,0.0826
2026-06-17 02:45:00,0.0897
2026-06-17 03:00:00,0.1364
2026-06-17 03:15:00,0.142
2026-06-17 03:30:00,0.0885
2026-06-17 03:45:00,0.0998
2026-06-17 04:00:00,0.0939
2026-06-17 04:15:00,0.0829
2026-06-17 04:30:00,0.1454
2026-06-17 04:45:00,0.1368
2026-06-17 05:00:00,0.0881
2026-06-17 05:15:00,0.095
2026-06-17 05:30:00,0.094
2026-06-17 05:45:00,0.1116
2026-06-17 06:00:00,0.1717
2026-06-17 06:15:00,0.2103
2026-06-17 06:30:00,0.2235
2026-06-17 06:45:00,0.3201
2026-06-17 07:00:00,0.457
2026-06-17 07:15:00,0.5984
2026-06-17 07:30:00,0.7919
2026-06-17 07:45:00,0.893
2026-06-17 08:00:00,0.856
2026-06-17 08:15:00,0.8227
2026-06-17 08:30:00,0.7127
2026-06-17 08:45:00,0.5767
2026-06-17 09:00:00,0.4845
2026-06-17 09:15:00,0.3575
2026-06-17 09:30:00,0.214
2026-06-17 09:45:00,0.1583
2026-06-17 10:00:00,0.1162
2026-06-17 10:15:00,0.1102
2026-06-17 10:30:00,0.1414
2026-06-17 10:45:00,0.1603
2026-06-17 11:00:00,0.0888
2026-06-17 11:15:00,0.0915
2026-06-17 11:30:00,0.0831
2026-06-17 11:45:00,0.1012
2026-06-17 12:00:00,0.1481
2026-06-17 12:15:00,0.1431
2026-06-17 12:30:00,0.0827
2026-06-17 12:45:00,0.0922
2026-06-17 13:00:00,0.0841
2026-06-17 13:15:00,0.0998
2026-06-17 13:30:00,0.1465
2026-06-17 13:45:00,0.1424
2026-06-17 14:00:00,0.077
2026-06-17 14:15:00,0.0866
2026-06-17 14:30:00,0.0981
2026-06-17 14:45:00,0.1037
2026-06-17 15:00:00,0.1574
2026-06-17 15:15:00,0.1471
2026-06-17 15:30:00,0.1174
2026-06-17 15:45:00,0.1353
2026-06-17 16:00:00,0.1383
2026-06-17 16:15:00,0.1745
2026-06-17 16:30:00,0.2608
2026-06-17 16:45:00,0.3002
2026-06-17 17:00:00,0.292
2026-06-17 17:15:00,0.3607
2026-06-17 17:30:00,0.4259
2026-06-17 17:45:00,0.4947
2026-06-17 18:00:00,0.6087
2026-06-17 18:15:00,0.6695
2026-06-17 18:30:00,0.6973
2026-06-17 18:45:00,1.0259
2026-06-17 19:00:00,1.2526
2026-06-17 19:15:00,0.8406
2026-06-17 19:30:00,0.7435
2026-06-17 19:45:00,0.6852
2026-06-17 20:00:00,0.5944
2026-06-17 20:15:00,0.5279
2026-06-17 20:30:00,0.4614
2026-06-17 20:45:00,0.4519
2026-06-17 21:00:00,0.9222
2026-06-17 21:15:00,1.5343
2026-06-17 21:30:00,1.2487
2026-06-17 21:45:00,0.4184
2026-06-17 22:00:00,0.1695
2026-06-17 22:15:00,0.1349
2026-06-17 22:30:00,0.176
2026-06-17 22:45:00,0.1664
2026-06-17 23:00:00,0.1057
2026-06-17 23:15:00,0.0964
2026-06-17 23:30:00,0.0822
2026-06-17 23:45:00,0.0978
2026-06-18 00:00:00,0.0927
2026-06-18 00:15:00,0.0935
2026-06-18 00:30:00,0.0905
2026-06-18 00:45:00,0.1012
2026-06-18 01:00:00,0.1378
2026-06-18 01:15:00,0.1397
2026-06-18 01:30:00,0.0922
2026-06-18 01:45:00,0.0975
2026-06-18 02:00:00,0.0829
2026-06-18 02:15:00,0.0841
2026-06-18 02:30:00,0.1308
2026-06-18 02:45:00,0.1435
2026-06-18 03:00:00,0.0853
2026-06-18 03:15:00,0.0898
2026-06-18 03:30:00,0.0962
2026-06-18 03:45:00,0.0882
2026-06-18 04:00:00,0.1449
2026-06-18 04:15:00,0.1421
2026-06-18 04:30:00,0.0981
2026-06-18 04:45:00,0.1004
2026-06-18 05:00:00,0.1018
2026-06-18 05:15:00,0.124
2026-06-18 05:30:00,0.2206
2026-06-18 05:45:00,0.2842
2026-06-18 06:00:00,0.3288
2026-06-18 06:15:00,0.4901
2026-06-18 06:30:00,0.6595
2026-06-18 06:45:00,0.8594
2026-06-18 07:00:00,1.0588
2026-06-18 07:15:00,1.1334
2026-06-18 07:30:00,1.0674
2026-06-18 07:45:00,0.962
2026-06-18 08:00:00,0.8028
2026-06-18 08:15:00,0.6095
2026-06-18 08:30:00,0.4914
2026-06-18 08:45:00,0.3584
2026-06-18 09:00:00,0.2038
2026-06-18 09:15:00,0.1456
2026-06-18 09:30:00,0.1106
2026-06-18 09:45:00,0.0962
2026-06-18 10:00:00,0.136
2026-06-18 10:15:00,0.1491
2026-06-18 10:30:00,0.1037
2026-06-18 10:45:00,0.101
2026-06-18 11:00:00,0.0822
2026-06-18 11:15:00,0.0966
2026-06-18 11:30:00,0.1521
2026-06-18 11:45:00,0.1405
2026-06-18 12:00:00,0.0928
2026-06-18 12:15:00,0.0798
2026-06-18 12:30:00,0.0938
2026-06-18 12:45:00,0.0856
2026-06-18 13:00:00,0.1446
2026-06-18 13:15:00,0.1337
2026-06-18 13:30:00,0.0955
2026-06-18 13:45:00,0.0984
2026-06-18 14:00:00,0.0874
2026-06-18 14:15:00,0.0852
2026-06-18 14:30:00,0.1303
2026-06-18 14:45:00,0.142
2026-06-18 15:00:00,0.0893
2026-06-18 15:15:00,0.0839
2026-06-18 15:30:00,0.0974
2026-06-18 15:45:00,0.0937
2026-06-18 16:00:00,0.1442
2026-06-18 16:15:00,0.1524
2026-06-18 16:30:00,0.1189
2026-06-18 16:45:00,0.1275
2026-06-18 17:00:00,0.1393
2026-06-18 17:15:00,0.1665
2026-06-18 17:30:00,0.2367
2026-06-18 17:45:00,0.2821
2026-06-18 18:00:00,0.2782
2026-06-18 18:15:00,0.3289
2026-06-18 18:30:00,0.3952
2026-06-18 18:45:00,0.4521
2026-06-18 19:00:00,0.5755
2026-06-18 19:15:00,0.6354
2026-06-18 19:30:00,0.6135
2026-06-18 19:45:00,0.6758
2026-06-18 20:00:00,0.6701
2026-06-18 20:15:00,0.687
2026-06-18 20:30:00,0.757
2026-06-18 20:45:00,1.1373
2026-06-18 21:00:00,1.7141
2026-06-18 21:15:00,0.945
2026-06-18 21:30:00,0.4974
2026-06-18 21:45:00,0.392
2026-06-18 22:00:00,0.4001
2026-06-18 22:15:00,0.3371
2026-06-18 22:30:00,0.2309
2026-06-18 22:45:00,0.1951
2026-06-18 23:00:00,0.1611
2026-06-18 23:15:00,0.1489
2026-06-18 23:30:00,0.1819
2026-06-18 23:45:00,0.1546
2026-06-19 00:00:00,0.0919
2026-06-19 00:15:00,0.1345
2026-06-19 00:30:00,0.1287
2026-06-19 00:45:00,0.1397
2026-06-19 01:00:00,0.0803
2026-06-19 01:15:00,0.0867
2026-06-19 01:30:00,0.0858
2026-06-19 01:45:00,0.1367
2026-06-19 02:00:00,0.1542
2026-06-19 02:15:00,0.1424
2026-06-19 02:30:00,0.0928
2026-06-19 02:45:00,0.0805
2026-06-19 03:00:00,0.0873
2026-06-19 03:15:00,0.1433
2026-06-19 03:30:00,0.1358
2026-06-19 03:45:00,0.1475
2026-06-19 04:00:00,0.084
2026-06-19 04:15:00,0.0896
2026-06-19 04:30:00,0.0878
2026-06-19 04:45:00,0.1434
2026-06-19 05:00:00,0.1393
2026-06-19 05:15:00,0.1439
2026-06-19 05:30:00,0.0993
2026-06-19 05:45:00,0.1099
2026-06-19 06:00:00,0.1451
2026-06-19 06:15:00,0.2451
2026-06-19 06:30:00,0.3257
2026-06-19 06:45:00,0.4424
2026-06-19 07:00:00,0.5482
2026-06-19 07:15:00,0.7014
2026-06-19 07:30:00,0.8397
2026-06-19 07:45:00,0.9776
2026-06-19 08:00:00,0.995
2026-06-19 08:15:00,0.9052
2026-06-19 08:30:00,0.7364
2026-06-19 08:45:00,0.562
2026-06-19 09:00:00,0.4219
2026-06-19 09:15:00,0.3555
2026-06-19 09:30:00,0.2596
2026-06-19 09:45:00,0.2014
2026-06-19 10:00:00,0.1149
2026-06-19 10:15:00,0.1028
2026-06-19 10:30:00,0.0941
2026-06-19 10:45:00,0.1387
2026-06-19 11:00:00,0.1407
2026-06-19 11:15:00,0.1434
2026-06-19 11:30:00,0.0867
2026-06-19 11:45:00,0.0864
2026-06-19 12:00:00,0.083
2026-06-19 12:15:00,0.1444
2026-06-19 12:30:00,0.1453
2026-06-19 12:45:00,0.1434
2026-06-19 13:00:00,0.0972
2026-06-19 13:15:00,0.0918
2026-06-19 13:30:00,0.0937
2026-06-19 13:45:00,0.144
2026-06-19 14:00:00,0.1416
2026-06-19 14:15:00,0.1392
2026-06-19 14:30:00,0.1055
2026-06-19 14:45:00,0.09
2026-06-19 15:00:00,0.0899
2026-06-19 15:15:00,0.1494
2026-06-19 15:30:00,0.1516
2026-06-19 15:45:00,0.147
2026-06-19 16:00:00,0.12
2026-06-19 16:15:00,0.125
2026-06-19 16:30:00,0.1366
2026-06-19 16:45:00,0.2258
2026-06-19 17:00:00,0.2548
2026-06-19 17:15:00,0.2847
2026-06-19 17:30:00,0.303
2026-06-19 17:45:00,0.3553
2026-06-19 18:00:00,0.4172
2026-06-19 18:15:00,0.5475
2026-06-19 18:30:00,0.6086
2026-06-19 18:45:00,0.6863
2026-06-19 19:00:00,0.9572
2026-06-19 19:15:00,1.5559
2026-06-19 19:30:00,1.0982
2026-06-19 19:45:00,0.8138
2026-06-19 20:00:00,0.7802
2026-06-19 20:15:00,0.9653
2026-06-19 20:30:00,1.2736
2026-06-19 20:45:00,0.8222
2026-06-19 21:00:00,0.5062
2026-06-19 21:15:00,0.4838
2026-06-19 21:30:00,0.3975
2026-06-19 21:45:00,0.3541
2026-06-19 22:00:00,0.2471
2026-06-19 22:15:00,0.2149
2026-06-19 22:30:00,0.17
2026-06-19 22:45:00,0.2019
2026-06-19 23:00:00,0.1766
2026-06-19 23:15:00,0.1665
2026-06-19 23:30:00,0.1105
2026-06-19 23:45:00,0.0974
2026-06-20 00:00:00,0.1517
2026-06-20 00:15:00,0.1438
2026-06-20 00:30:00,0.1021
2026-06-20 00:45:00,0.0892
2026-06-20 01:00:00,0.1046
2026-06-20 01:15:00,0.1156
2026-06-20 01:30:00,0.1534
2026-06-20 01:45:00,0.1548
2026-06-20 02:00:00,0.0939
2026-06-20 02:15:00,0.0854
2026-06-20 02:30:00,0.0932
2026-06-20 02:45:00,0.09
2026-06-20 03:00:00,0.1417
2026-06-20 03:15:00,0.1622
2026-06-20 03:30:00,0.0989
2026-06-20 03:45:00,0.0997
2026-06-20 04:00:00,0.0954
2026-06-20 04:15:00,0.0967
2026-06-20 04:30:00,0.1593
2026-06-20 04:45:00,0.1562
2026-06-20 05:00:00,0.1136
2026-06-20 05:15:00,0.1249
2026-06-20 05:30:00,0.1539
2026-06-20 05:45:00,0.1973
2026-06-20 06:00:00,0.3221
2026-06-20 06:15:00,0.4303
2026-06-20 06:30:00,0.4872
2026-06-20 06:45:00,0.5798
2026-06-20 07:00:00,0.6588
2026-06-20 07:15:00,0.6823
2026-06-20 07:30:00,0.6918
2026-06-20 07:45:00,0.6264
2026-06-20 08:00:00,0.4851
2026-06-20 08:15:00,0.3895
2026-06-20 08:30:00,0.3018
2026-06-20 08:45:00,0.2587
2026-06-20 09:00:00,0.2926
2026-06-20 09:15:00,0.2866
2026-06-20 09:30:00,0.2377
2026-06-20 09:45:00,0.2557
2026-06-20 10:00:00,0.2814
2026-06-20 10:15:00,0.3193
2026-06-20 10:30:00,0.4049
2026-06-20 10:45:00,0.4429
2026-06-20 11:00:00,0.4216
2026-06-20 11:15:00,0.4618
2026-06-20 11:30:00,0.4917
2026-06-20 11:45:00,0.5285
2026-06-20 12:00:00,0.6121
2026-06-20 12:15:00,0.6261
2026-06-20 12:30:00,0.5854
2026-06-20 12:45:00,0.6209
2026-06-20 13:00:00,0.6201
2026-06-20 13:15:00,0.6082
2026-06-20 13:30:00,0.6628
2026-06-20 13:45:00,0.6604
2026-06-20 14:00:00,0.5819
2026-06-20 14:15:00,0.5579
2026-06-20 14:30:00,0.5442
2026-06-20 14:45:00,0.5002
2026-06-20 15:00:00,0.5274
2026-06-20 15:15:00,0.5075
2026-06-20 15:30:00,0.4326
2026-06-20 15:45:00,0.4181
2026-06-20 16:00:00,0.4151
2026-06-20 16:15:00,0.4168
2026-06-20 16:30:00,0.493
2026-06-20 16:45:00,0.5238
2026-06-20 17:00:00,0.5228
2026-06-20 17:15:00,0.5879
2026-06-20 17:30:00,0.6641
2026-06-20 17:45:00,0.7669
2026-06-20 18:00:00,1.1804
2026-06-20 18:15:00,1.6578
2026-06-20 18:30:00,1.2544
2026-06-20 18:45:00,1.5491
2026-06-20 19:00:00,1.6902
2026-06-20 19:15:00,1.1158
2026-06-20 19:30:00,1.0193
2026-06-20 19:45:00,0.9343
2026-06-20 20:00:00,0.8048
2026-06-20 20:15:00,0.7163
2026-06-20 20:30:00,0.613
2026-06-20 20:45:00,0.5323
2026-06-20 21:00:00,0.4804
2026-06-20 21:15:00,0.407
2026-06-20 21:30:00,0.28
2026-06-20 21:45:00,0.2299
2026-06-20 22:00:00,0.1926
2026-06-20 22:15:00,0.1659
2026-06-20 22:30:00,0.1944
2026-06-20 22:45:00,0.1853
2026-06-20 23:00:00,0.1125
2026-06-20 23:15:00,0.1044
2026-06-20 23:30:00,0.1201
2026-06-20 23:45:00,0.1027
2026-06-21 00:00:00,0.136
2026-06-21 00:15:00,0.1294
2026-06-21 00:30:00,0.0901
2026-06-21 00:45:00,0.0819
2026-06-21 01:00:00,0.0832
2026-06-21 01:15:00,0.0808
2026-06-21 01:30:00,0.1415
2026-06-21 01:45:00,0.1377
2026-06-21 02:00:00,0.0897
2026-06-21 02:15:00,0.0933
2026-06-21 02:30:00,0.1023
2026-06-21 02:45:00,0.0764
2026-06-21 03:00:00,0.1298
2026-06-21 03:15:00,0.1305
2026-06-21 03:30:00,0.0813
2026-06-21 03:45:00,0.08
2026-06-21 04:00:00,0.0845
2026-06-21 04:15:00,0.0793
2026-06-21 04:30:00,0.1362
2026-06-21 04:45:00,0.135
2026-06-21 05:00:00,0.0908
2026-06-21 05:15:00,0.0942
2026-06-21 05:30:00,0.1026
2026-06-21 05:45:00,0.1138
2026-06-21 06:00:00,0.2084
2026-06-21 06:15:00,0.2533
2026-06-21 06:30:00,0.2785
2026-06-21 06:45:00,0.3979
2026-06-21 07:00:00,0.5265
2026-06-21 07:15:00,0.666
2026-06-21 07:30:00,0.8107
2026-06-21 07:45:00,0.8499
2026-06-21 08:00:00,0.7903
2026-06-21 08:15:00,0.697
2026-06-21 08:30:00,0.5772
2026-06-21 08:45:00,0.4399
2026-06-21 09:00:00,0.3763
2026-06-21 09:15:00,0.3007
2026-06-21 09:30:00,0.2035
2026-06-21 09:45:00,0.168
2026-06-21 10:00:00,0.1723
2026-06-21 10:15:00,0.1798
2026-06-21 10:30:00,0.2396
2026-06-21 10:45:00,0.2535
2026-06-21 11:00:00,0.2269
2026-06-21 11:15:00,0.2501
2026-06-21 11:30:00,0.2737
2026-06-21 11:45:00,0.2989
2026-06-21 12:00:00,0.3714
2026-06-21 12:15:00,0.3845
2026-06-21 12:30:00,0.355
2026-06-21 12:45:00,0.3772
2026-06-21 13:00:00,0.3924
2026-06-21 13:15:00,0.3972
2026-06-21 13:30:00,0.4592
2026-06-21 13:45:00,0.4633
2026-06-21 14:00:00,0.416
2026-06-21 14:15:00,0.4136
2026-06-21 14:30:00,0.3894
2026-06-21 14:45:00,0.3819
2026-06-21 15:00:00,0.4144
2026-06-21 15:15:00,0.3962
2026-06-21 15:30:00,0.3263
2026-06-21 15:45:00,0.3024
2026-06-21 16:00:00,0.2933
2026-06-21 16:15:00,0.2725
2026-06-21 16:30:00,0.3131
2026-06-21 16:45:00,0.3012
2026-06-21 17:00:00,0.2518
2026-06-21 17:15:00,0.268
2026-06-21 17:30:00,0.2859
2026-06-21 17:45:00,0.3249
2026-06-21 18:00:00,0.5885
2026-06-21 18:15:00,1.0111
2026-06-21 18:30:00,0.7182
2026-06-21 18:45:00,0.524
2026-06-21 19:00:00,0.5744
2026-06-21 19:15:00,0.8671
2026-06-21 19:30:00,1.372
2026-06-21 19:45:00,1.0019
2026-06-21 20:00:00,0.7114
2026-06-21 20:15:00,0.685
2026-06-21 20:30:00,0.6538
2026-06-21 20:45:00,0.6913
2026-06-21 21:00:00,1.2396
2026-06-21 21:15:00,1.2608
2026-06-21 21:30:00,0.5438
2026-06-21 21:45:00,0.3753
2026-06-21 22:00:00,0.3105
2026-06-21 22:15:00,0.2518
2026-06-21 22:30:00,0.2502
2026-06-21 22:45:00,0.2196
2026-06-21 23:00:00,0.1482
2026-06-21 23:15:00,0.1348
2026-06-21 23:30:00,0.1075
2026-06-21 23:45:00,0.1029
2026-06-22 00:00:00,0.1275
2026-06-22 00:15:00,0.1185
2026-06-22 00:30:00,0.0802
2026-06-22 00:45:00,0.085
2026-06-22 01:00:00,0.0767
2026-06-22 01:15:00,0.0862
2026-06-22 01:30:00,0.1337
2026-06-22 01:45:00,0.1294
2026-06-22 02:00:00,0.0658
2026-06-22 02:15:00,0.0757
2026-06-22 02:30:00,0.0931
2026-06-22 02:45:00,0.0797
2026-06-22 03:00:00,0.1178
2026-06-22 03:15:00,0.1355
2026-06-22 03:30:00,0.0828
2026-06-22 03:45:00,0.0888
2026-06-22 04:00:00,0.0843
2026-06-22 04:15:00,0.0853
2026-06-22 04:30:00,0.131
2026-06-22 04:45:00,0.1334
2026-06-22 05:00:00,0.0977
2026-06-22 05:15:00,0.0946
2026-06-22 05:30:00,0.09
2026-06-22 05:45:00,0.1211
2026-06-22 06:00:00,0.208
2026-06-22 06:15:00,0.27
2026-06-22 06:30:00,0.3056
2026-06-22 06:45:00,0.4309
2026-06-22 07:00:00,0.5581
2026-06-22 07:15:00,0.6837
2026-06-22 07:30:00,0.7888
2026-06-22 07:45:00,0.8077
2026-06-22 08:00:00,0.7159
2026-06-22 08:15:00,0.6161
2026-06-22 08:30:00,0.4884
2026-06-22 08:45:00,0.3527
2026-06-22 09:00:00,0.306
2026-06-22 09:15:00,0.2334
2026-06-22 09:30:00,0.1332
2026-06-22 09:45:00,0.1184
2026-06-22 10:00:00,0.0935
2026-06-22 10:15:00,0.094
2026-06-22 10:30:00,0.1316
2026-06-22 10:45:00,0.1337
2026-06-22 11:00:00,0.0844
2026-06-22 11:15:00,0.0903
2026-06-22 11:30:00,0.0831
2026-06-22 11:45:00,0.0855
2026-06-22 12:00:00,0.1307
2026-06-22 12:15:00,0.1271
2026-06-22 12:30:00,0.085
2026-06-22 12:45:00,0.0951
2026-06-22 13:00:00,0.0813
2026-06-22 13:15:00,0.0851
2026-06-22 13:30:00,0.1357
2026-06-22 13:45:00,0.135
2026-06-22 14:00:00,0.0828
2026-06-22 14:15:00,0.0697
2026-06-22 14:30:00,0.0857
2026-06-22 14:45:00,0.0708
2026-06-22 15:00:00,0.1373
2026-06-22 15:15:00,0.1306
2026-06-22 15:30:00,0.09
2026-06-22 15:45:00,0.081
2026-06-22 16:00:00,0.0798
2026-06-22 16:15:00,0.0936
2026-06-22 16:30:00,0.1439
2026-06-22 16:45:00,0.1505
2026-06-22 17:00:00,0.1208
2026-06-22 17:15:00,0.1539
2026-06-22 17:30:00,0.1679
2026-06-22 17:45:00,0.201
2026-06-22 18:00:00,0.2858
2026-06-22 18:15:00,0.3708
2026-06-22 18:30:00,0.7394
2026-06-22 18:45:00,1.066
2026-06-22 19:00:00,0.619
2026-06-22 19:15:00,0.5206
2026-06-22 19:30:00,0.6612
2026-06-22 19:45:00,0.9871
2026-06-22 20:00:00,0.8952
2026-06-22 20:15:00,0.6702
2026-06-22 20:30:00,0.6249
2026-06-22 20:45:00,0.6056
2026-06-22 21:00:00,0.7535
2026-06-22 21:15:00,0.974
2026-06-22 21:30:00,0.6233
2026-06-22 21:45:00,0.3923
2026-06-22 22:00:00,0.3189
2026-06-22 22:15:00,0.2786
2026-06-22 22:30:00,0.2791
2026-06-22 22:45:00,0.245
2026-06-22 23:00:00,0.1697
2026-06-22 23:15:00,0.1456
2026-06-22 23:30:00,0.1136
2026-06-22 23:45:00,0.1044
2026-06-23 00:00:00,0.0823
2026-06-23 00:15:00,0.1015
2026-06-23 00:30:00,0.1482
2026-06-23 00:45:00,0.1531
2026-06-23 01:00:00,0.0977
2026-06-23 01:15:00,0.0965
2026-06-23 01:30:00,0.1034
2026-06-23 01:45:00,0.0882
2026-06-23 02:00:00,0.1494
2026-06-23 02:15:00,0.1573
2026-06-23 02:30:00,0.0942
2026-06-23 02:45:00,0.0877
2026-06-23 03:00:00,0.1026
2026-06-23 03:15:00,0.1056
2026-06-23 03:30:00,0.1525
2026-06-23 03:45:00,0.14
2026-06-23 04:00:00,0.1031
2026-06-23 04:15:00,0.088
2026-06-23 04:30:00,0.1023
2026-06-23 04:45:00,0.0983
2026-06-23 05:00:00,0.1604
2026-06-23 05:15:00,0.1859
2026-06-23 05:30:00,0.1741
2026-06-23 05:45:00,0.2438
2026-06-23 06:00:00,0.3661
2026-06-23 06:15:00,0.5175
2026-06-23 06:30:00,0.7716
2026-06-23 06:45:00,0.9601
2026-06-23 07:00:00,1.0545
2026-06-23 07:15:00,1.1322
2026-06-23 07:30:00,1.1076
2026-06-23 07:45:00,1.0081
2026-06-23 08:00:00,0.8834
2026-06-23 08:15:00,0.6738
2026-06-23 08:30:00,0.451
2026-06-23 08:45:00,0.3069
2026-06-23 09:00:00,0.2257
2026-06-23 09:15:00,0.1451
2026-06-23 09:30:00,0.1695
2026-06-23 09:45:00,0.1707
2026-06-23 10:00:00,0.1111
2026-06-23 10:15:00,0.0947
2026-06-23 10:30:00,0.0945
2026-06-23 10:45:00,0.1024
2026-06-23 11:00:00,0.1376
2026-06-23 11:15:00,0.1406
2026-06-23 11:30:00,0.0964
2026-06-23 11:45:00,0.1084
2026-06-23 12:00:00,0.0954
2026-06-23 12:15:00,0.0989
2026-06-23 12:30:00,0.1603
2026-06-23 12:45:00,0.1666
2026-06-23 13:00:00,0.0945
2026-06-23 13:15:00,0.0982
2026-06-23 13:30:00,0.1102
2026-06-23 13:45:00,0.0884
2026-06-23 14:00:00,0.1597
2026-06-23 14:15:00,0.1465
2026-06-23 14:30:00,0.0996
2026-06-23 14:45:00,0.098
2026-06-23 15:00:00,0.0946
2026-06-23 15:15:00,0.0965
2026-06-23 15:30:00,0.1629
2026-06-23 15:45:00,0.1734
2026-06-23 16:00:00,0.1206
2026-06-23 16:15:00,0.1357
2026-06-23 16:30:00,0.1592
2026-06-23 16:45:00,0.1775
2026-06-23 17:00:00,0.2819
2026-06-23 17:15:00,0.3328
2026-06-23 17:30:00,0.353
2026-06-23 17:45:00,0.4091
2026-06-23 18:00:00,0.4954
2026-06-23 18:15:00,0.5982
2026-06-23 18:30:00,0.7512
2026-06-23 18:45:00,0.8375
2026-06-23 19:00:00,0.8692
2026-06-23 19:15:00,0.9441
2026-06-23 19:30:00,0.9819
2026-06-23 19:45:00,1.0547
2026-06-23 20:00:00,1.5834
2026-06-23 20:15:00,2.0226
2026-06-23 20:30:00,1.4407
2026-06-23 20:45:00,0.8892
2026-06-23 21:00:00,0.7137
2026-06-23 21:15:00,0.6179
2026-06-23 21:30:00,0.5756
2026-06-23 21:45:00,0.4932
2026-06-23 22:00:00,0.3522
2026-06-23 22:15:00,0.288
2026-06-23 22:30:00,0.233
2026-06-23 22:45:00,0.1928
2026-06-23 23:00:00,0.2272
2026-06-23 23:15:00,0.2001
2026-06-23 23:30:00,0.1256
2026-06-23 23:45:00,0.1119
2026-06-24 00:00:00,0.0968
2026-06-24 00:15:00,0.0951
2026-06-24 00:30:00,0.0947
2026-06-24 00:45:00,0.1476
2026-06-24 01:00:00,0.149
2026-06-24 01:15:00,0.1538
2026-06-24 01:30:00,0.1041
2026-06-24 01:45:00,0.0954
2026-06-24 02:00:00,0.1006
2026-06-24 02:15:00,0.1439
2026-06-24 02:30:00,0.1532
2026-06-24 02:45:00,0.1435
2026-06-24 03:00:00,0.1023
2026-06-24 03:15:00,0.1094
2026-06-24 03:30:00,0.0946
2026-06-24 03:45:00,0.1344
2026-06-24 04:00:00,0.1449
2026-06-24 04:15:00,0.1562
2026-06-24 04:30:00,0.099
2026-06-24 04:45:00,0.0972
2026-06-24 05:00:00,0.1026
2026-06-24 05:15:00,0.154
2026-06-24 05:30:00,0.1632
2026-06-24 05:45:00,0.1723
2026-06-24 06:00:00,0.1466
2026-06-24 06:15:00,0.1844
2026-06-24 06:30:00,0.2651
2026-06-24 06:45:00,0.4278
2026-06-24 07:00:00,0.5823
2026-06-24 07:15:00,0.7769
2026-06-24 07:30:00,0.8872
2026-06-24 07:45:00,1.018
2026-06-24 08:00:00,1.0621
2026-06-24 08:15:00,1.0668
2026-06-24 08:30:00,0.947
2026-06-24 08:45:00,0.7847
2026-06-24 09:00:00,0.5457
2026-06-24 09:15:00,0.3731
2026-06-24 09:30:00,0.2631
2026-06-24 09:45:00,0.2496
2026-06-24 10:00:00,0.1903
2026-06-24 10:15:00,0.1558
2026-06-24 10:30:00,0.1149
2026-06-24 10:45:00,0.1024
2026-06-24 11:00:00,0.0958
2026-06-24 11:15:00,0.1463
2026-06-24 11:30:00,0.1553
2026-06-24 11:45:00,0.1449
2026-06-24 12:00:00,0.1027
2026-06-24 12:15:00,0.0988
2026-06-24 12:30:00,0.097
2026-06-24 12:45:00,0.1493
2026-06-24 13:00:00,0.1473
2026-06-24 13:15:00,0.1552
2026-06-24 13:30:00,0.0902
2026-06-24 13:45:00,0.0858
2026-06-24 14:00:00,0.1007
2026-06-24 14:15:00,0.155
2026-06-24 14:30:00,0.1561
2026-06-24 14:45:00,0.1592
2026-06-24 15:00:00,0.1073
2026-06-24 15:15:00,0.1233
2026-06-24 15:30:00,0.1314
2026-06-24 15:45:00,0.2012
2026-06-24 16:00:00,0.2297
2026-06-24 16:15:00,0.2816
2026-06-24 16:30:00,0.2526
2026-06-24 16:45:00,0.3265
2026-06-24 17:00:00,0.3838
2026-06-24 17:15:00,0.5278
2026-06-24 17:30:00,0.6136
2026-06-24 17:45:00,0.6931
2026-06-24 18:00:00,0.7423
2026-06-24 18:15:00,0.8139
2026-06-24 18:30:00,0.8633
2026-06-24 18:45:00,0.9737
2026-06-24 19:00:00,0.9911
2026-06-24 19:15:00,0.9788
2026-06-24 19:30:00,0.8807
2026-06-24 19:45:00,0.8191
2026-06-24 20:00:00,0.7521
2026-06-24 20:15:00,0.7748
2026-06-24 20:30:00,1.1306
2026-06-24 20:45:00,1.4981
2026-06-24 21:00:00,1.8189
2026-06-24 21:15:00,1.122
2026-06-24 21:30:00,0.328
2026-06-24 21:45:00,0.2743
2026-06-24 22:00:00,0.2473
2026-06-24 22:15:00,0.2092
2026-06-24 22:30:00,0.1417
2026-06-24 22:45:00,0.1198
2026-06-24 23:00:00,0.1091
2026-06-24 23:15:00,0.1592
2026-06-24 23:30:00,0.148
2026-06-24 23:45:00,0.1449
2026-06-25 00:00:00,0.0854
2026-06-25 00:15:00,0.1035
2026-06-25 00:30:00,0.0933
2026-06-25 00:45:00,0.145
2026-06-25 01:00:00,0.131
2026-06-25 01:15:00,0.0855
2026-06-25 01:30:00,0.0979
2026-06-25 01:45:00,0.0922
2026-06-25 02:00:00,0.0789
2026-06-25 02:15:00,0.147
2026-06-25 02:30:00,0.1374
2026-06-25 02:45:00,0.099
2026-06-25 03:00:00,0.0899
2026-06-25 03:15:00,0.0917
2026-06-25 03:30:00,0.0977
2026-06-25 03:45:00,0.1357
2026-06-25 04:00:00,0.1359
2026-06-25 04:15:00,0.0925
2026-06-25 04:30:00,0.1038
2026-06-25 04:45:00,0.1021
2026-06-25 05:00:00,0.122
2026-06-25 05:15:00,0.2256
2026-06-25 05:30:00,0.2764
2026-06-25 05:45:00,0.3084
2026-06-25 06:00:00,0.3951
2026-06-25 06:15:00,0.4971
2026-06-25 06:30:00,0.5748
2026-06-25 06:45:00,0.6645
2026-06-25 07:00:00,0.6387
2026-06-25 07:15:00,0.5427
2026-06-25 07:30:00,0.4393
2026-06-25 07:45:00,0.3418
2026-06-25 08:00:00,0.2674
2026-06-25 08:15:00,0.2418
2026-06-25 08:30:00,0.1913
2026-06-25 08:45:00,0.1159
2026-06-25 09:00:00,0.1103
2026-06-25 09:15:00,0.104
2026-06-25 09:30:00,0.0873
2026-06-25 09:45:00,0.141
2026-06-25 10:00:00,0.1414
2026-06-25 10:15:00,0.0846
2026-06-25 10:30:00,0.0901
2026-06-25 10:45:00,0.0905
2026-06-25 11:00:00,0.0973
2026-06-25 11:15:00,0.148
2026-06-25 11:30:00,0.1387
2026-06-25 11:45:00,0.0892
2026-06-25 12:00:00,0.0945
2026-06-25 12:15:00,0.0869
2026-06-25 12:30:00,0.094
2026-06-25 12:45:00,0.1402
2026-06-25 13:00:00,0.1349
2026-06-25 13:15:00,0.0847
2026-06-25 13:30:00,0.0992
2026-06-25 13:45:00,0.0895
2026-06-25 14:00:00,0.1004
2026-06-25 14:15:00,0.1377
2026-06-25 14:30:00,0.1427
2026-06-25 14:45:00,0.1054
2026-06-25 15:00:00,0.085
2026-06-25 15:15:00,0.0808
2026-06-25 15:30:00,0.1015
2026-06-25 15:45:00,0.1415
2026-06-25 16:00:00,0.1505
2026-06-25 16:15:00,0.1035
2026-06-25 16:30:00,0.1189
2026-06-25 16:45:00,0.1268
2026-06-25 17:00:00,0.1532
2026-06-25 17:15:00,0.2372
2026-06-25 17:30:00,0.2682
2026-06-25 17:45:00,0.2809
2026-06-25 18:00:00,0.5803
2026-06-25 18:15:00,1.2312
2026-06-25 18:30:00,0.8943
2026-06-25 18:45:00,0.6541
2026-06-25 19:00:00,0.7071
2026-06-25 19:15:00,0.7362
2026-06-25 19:30:00,0.8044
2026-06-25 19:45:00,0.8498
2026-06-25 20:00:00,0.9192
2026-06-25 20:15:00,1.3629
2026-06-25 20:30:00,1.839
2026-06-25 20:45:00,1.8085
2026-06-25 21:00:00,1.1819
2026-06-25 21:15:00,0.706
2026-06-25 21:30:00,0.5965
2026-06-25 21:45:00,0.5546
2026-06-25 22:00:00,0.4594
2026-06-25 22:15:00,0.349
2026-06-25 22:30:00,0.2903
2026-06-25 22:45:00,0.2293
2026-06-25 23:00:00,0.1954
2026-06-25 23:15:00,0.2042
2026-06-25 23:30:00,0.1766
2026-06-25 23:45:00,0.12
2026-06-26 00:00:00,0.077
2026-06-26 00:15:00,0.0863
2026-06-26 00:30:00,0.0756
2026-06-26 00:45:00,0.1316
2026-06-26 01:00:00,0.1335
2026-06-26 01:15:00,0.0828
2026-06-26 01:30:00,0.0807
2026-06-26 01:45:00,0.0838
2026-06-26 02:00:00,0.0661
2026-06-26 02:15:00,0.1287
2026-06-26 02:30:00,0.1264
2026-06-26 02:45:00,0.0814
2026-06-26 03:00:00,0.0855
2026-06-26 03:15:00,0.0812
2026-06-26 03:30:00,0.0754
2026-06-26 03:45:00,0.1262
2026-06-26 04:00:00,0.1274
2026-06-26 04:15:00,0.0823
2026-06-26 04:30:00,0.0827
2026-06-26 04:45:00,0.0878
2026-06-26 05:00:00,0.0773
2026-06-26 05:15:00,0.1325
2026-06-26 05:30:00,0.1455
2026-06-26 05:45:00,0.0987
2026-06-26 06:00:00,0.1381
2026-06-26 06:15:00,0.1839
2026-06-26 06:30:00,0.2615
2026-06-26 06:45:00,0.4066
2026-06-26 07:00:00,0.5297
2026-06-26 07:15:00,0.611
2026-06-26 07:30:00,0.6808
2026-06-26 07:45:00,0.7167
2026-06-26 08:00:00,0.6903
2026-06-26 08:15:00,0.6724
2026-06-26 08:30:00,0.5477
2026-06-26 08:45:00,0.3846
2026-06-26 09:00:00,0.2763
2026-06-26 09:15:00,0.1925
2026-06-26 09:30:00,0.1423
2026-06-26 09:45:00,0.1704
2026-06-26 10:00:00,0.1478
2026-06-26 10:15:00,0.0823
2026-06-26 10:30:00,0.0871
2026-06-26 10:45:00,0.0777
2026-06-26 11:00:00,0.0722
2026-06-26 11:15:00,0.1326
2026-06-26 11:30:00,0.1333
2026-06-26 11:45:00,0.0873
2026-06-26 12:00:00,0.0791
2026-06-26 12:15:00,0.0807
2026-06-26 12:30:00,0.0857
2026-06-26 12:45:00,0.1292
2026-06-26 13:00:00,0.1249
2026-06-26 13:15:00,0.0729
2026-06-26 13:30:00,0.0824
2026-06-26 13:45:00,0.0877
2026-06-26 14:00:00,0.0755
2026-06-26 14:15:00,0.1312
2026-06-26 14:30:00,0.1302
2026-06-26 14:45:00,0.0882
2026-06-26 15:00:00,0.0907
2026-06-26 15:15:00,0.0853
2026-06-26 15:30:00,0.0853
2026-06-26 15:45:00,0.1442
2026-06-26 16:00:00,0.1632
2026-06-26 16:15:00,0.1261
2026-06-26 16:30:00,0.1473
2026-06-26 16:45:00,0.1703
2026-06-26 17:00:00,0.2267
2026-06-26 17:15:00,0.312
2026-06-26 17:30:00,0.3641
2026-06-26 17:45:00,0.3799
2026-06-26 18:00:00,0.5378
2026-06-26 18:15:00,1.2693
2026-06-26 18:30:00,1.4782
2026-06-26 18:45:00,0.8132
2026-06-26 19:00:00,0.6956
2026-06-26 19:15:00,0.6519
2026-06-26 19:30:00,0.6805
2026-06-26 19:45:00,1.0581
2026-06-26 20:00:00,1.345
2026-06-26 20:15:00,0.7968
2026-06-26 20:30:00,0.5417
2026-06-26 20:45:00,0.4347
2026-06-26 21:00:00,0.3766
2026-06-26 21:15:00,0.315
2026-06-26 21:30:00,0.2612
2026-06-26 21:45:00,0.2614
2026-06-26 22:00:00,0.2243
2026-06-26 22:15:00,0.1472
2026-06-26 22:30:00,0.126
2026-06-26 22:45:00,0.1206
2026-06-26 23:00:00,0.1008
2026-06-26 23:15:00,0.135
2026-06-26 23:30:00,0.1316
2026-06-26 23:45:00,0.0919
2026-06-27 00:00:00,0.0802
2026-06-27 00:15:00,0.0936
2026-06-27 00:30:00,0.0835
2026-06-27 00:45:00,0.1391
2026-06-27 01:00:00,0.1407
2026-06-27 01:15:00,0.1404
2026-06-27 01:30:00,0.0886
2026-06-27 01:45:00,0.092
2026-06-27 02:00:00,0.0886
2026-06-27 02:15:00,0.134
2026-06-27 02:30:00,0.1478
2026-06-27 02:45:00,0.1476
2026-06-27 03:00:00,0.0971
2026-06-27 03:15:00,0.0825
2026-06-27 03:30:00,0.0938
2026-06-27 03:45:00,0.1472
2026-06-27 04:00:00,0.1368
2026-06-27 04:15:00,0.1437
2026-06-27 04:30:00,0.0932
2026-06-27 04:45:00,0.1088
2026-06-27 05:00:00,0.118
2026-06-27 05:15:00,0.166
2026-06-27 05:30:00,0.2283
2026-06-27 05:45:00,0.2712
2026-06-27 06:00:00,0.3301
2026-06-27 06:15:00,0.4631
2026-06-27 06:30:00,0.607
2026-06-27 06:45:00,0.8207
2026-06-27 07:00:00,0.9344
2026-06-27 07:15:00,0.99
2026-06-27 07:30:00,0.9086
2026-06-27 07:45:00,0.8143
2026-06-27 08:00:00,0.6622
2026-06-27 08:15:00,0.5552
2026-06-27 08:30:00,0.4239
2026-06-27 08:45:00,0.3151
2026-06-27 09:00:00,0.1956
2026-06-27 09:15:00,0.1481
2026-06-27 09:30:00,0.1283
2026-06-27 09:45:00,0.1781
2026-06-27 10:00:00,0.1813
2026-06-27 10:15:00,0.1978
2026-06-27 10:30:00,0.1585
2026-06-27 10:45:00,0.1642
2026-06-27 11:00:00,0.1883
2026-06-27 11:15:00,0.2549
2026-06-27 11:30:00,0.2652
2026-06-27 11:45:00,0.277
2026-06-27 12:00:00,0.2597
2026-06-27 12:15:00,0.269
2026-06-27 12:30:00,0.2892
2026-06-27 12:45:00,0.3559
2026-06-27 13:00:00,0.3696
2026-06-27 13:15:00,0.3813
2026-06-27 13:30:00,0.3561
2026-06-27 13:45:00,0.3575
2026-06-27 14:00:00,0.3881
2026-06-27 14:15:00,0.4174
2026-06-27 14:30:00,0.4168
2026-06-27 14:45:00,0.4251
2026-06-27 15:00:00,0.3751
2026-06-27 15:15:00,0.3593
2026-06-27 15:30:00,0.3551
2026-06-27 15:45:00,0.3851
2026-06-27 16:00:00,0.389
2026-06-27 16:15:00,0.3885
2026-06-27 16:30:00,0.3419
2026-06-27 16:45:00,0.3737
2026-06-27 17:00:00,0.3908
2026-06-27 17:15:00,0.4922
2026-06-27 17:30:00,0.5552
2026-06-27 17:45:00,0.6237
2026-06-27 18:00:00,0.6595
2026-06-27 18:15:00,0.7425
2026-06-27 18:30:00,0.828
2026-06-27 18:45:00,0.9514
2026-06-27 19:00:00,1.0115
2026-06-27 19:15:00,1.0409
2026-06-27 19:30:00,1.0027
2026-06-27 19:45:00,0.988
2026-06-27 20:00:00,0.9638
2026-06-27 20:15:00,1.2582
2026-06-27 20:30:00,1.7125
2026-06-27 20:45:00,1.7673
2026-06-27 21:00:00,1.8673
2026-06-27 21:15:00,1.0077
2026-06-27 21:30:00,0.4565
2026-06-27 21:45:00,0.3911
2026-06-27 22:00:00,0.3219
2026-06-27 22:15:00,0.2826
2026-06-27 22:30:00,0.1852
2026-06-27 22:45:00,0.1491
2026-06-27 23:00:00,0.1376
2026-06-27 23:15:00,0.1653
2026-06-27 23:30:00,0.1501
2026-06-27 23:45:00,0.1586
2026-06-28 00:00:00,0.1309
2026-06-28 00:15:00,0.1423
2026-06-28 00:30:00,0.1327
2026-06-28 00:45:00,0.0893
2026-06-28 01:00:00,0.0806
2026-06-28 01:15:00,0.0842
2026-06-28 01:30:00,0.133
2026-06-28 01:45:00,0.1422
2026-06-28 02:00:00,0.1416
2026-06-28 02:15:00,0.0896
2026-06-28 02:30:00,0.0801
2026-06-28 02:45:00,0.0862
2026-06-28 03:00:00,0.1325
2026-06-28 03:15:00,0.142
2026-06-28 03:30:00,0.1438
2026-06-28 03:45:00,0.0942
2026-06-28 04:00:00,0.0836
2026-06-28 04:15:00,0.072
2026-06-28 04:30:00,0.1266
2026-06-28 04:45:00,0.1455
2026-06-28 05:00:00,0.1354
2026-06-28 05:15:00,0.0862
2026-06-28 05:30:00,0.1044
2026-06-28 05:45:00,0.1118
2026-06-28 06:00:00,0.1729
2026-06-28 06:15:00,0.2067
2026-06-28 06:30:00,0.2655
2026-06-28 06:45:00,0.3017
2026-06-28 07:00:00,0.4136
2026-06-28 07:15:00,0.5177
2026-06-28 07:30:00,0.6649
2026-06-28 07:45:00,0.7263
2026-06-28 08:00:00,0.7182
2026-06-28 08:15:00,0.6319
2026-06-28 08:30:00,0.5363
2026-06-28 08:45:00,0.4159
2026-06-28 09:00:00,0.3645
2026-06-28 09:15:00,0.2884
2026-06-28 09:30:00,0.2409
2026-06-28 09:45:00,0.1571
2026-06-28 10:00:00,0.1434
2026-06-28 10:15:00,0.1519
2026-06-28 10:30:00,0.1874
2026-06-28 10:45:00,0.2046
2026-06-28 11:00:00,0.2192
2026-06-28 11:15:00,0.1787
2026-06-28 11:30:00,0.1992
2026-06-28 11:45:00,0.2068
2026-06-28 12:00:00,0.2912
2026-06-28 12:15:00,0.2971
2026-06-28 12:30:00,0.3312
2026-06-28 12:45:00,0.2877
2026-06-28 13:00:00,0.3104
2026-06-28 13:15:00,0.3188
2026-06-28 13:30:00,0.3805
2026-06-28 13:45:00,0.3874
2026-06-28 14:00:00,0.3989
2026-06-28 14:15:00,0.3556
2026-06-28 14:30:00,0.3507
2026-06-28 14:45:00,0.3536
2026-06-28 15:00:00,0.3968
2026-06-28 15:15:00,0.4099
2026-06-28 15:30:00,0.3923
2026-06-28 15:45:00,0.3514
2026-06-28 16:00:00,0.3433
2026-06-28 16:15:00,0.3539
2026-06-28 16:30:00,0.4091
2026-06-28 16:45:00,0.4392
2026-06-28 17:00:00,0.4782
2026-06-28 17:15:00,0.4825
2026-06-28 17:30:00,0.5285
2026-06-28 17:45:00,0.5952
2026-06-28 18:00:00,0.7017
2026-06-28 18:15:00,0.7664
2026-06-28 18:30:00,0.8071
2026-06-28 18:45:00,0.8095
2026-06-28 19:00:00,0.8119
2026-06-28 19:15:00,0.8091
2026-06-28 19:30:00,0.8332
2026-06-28 19:45:00,0.8123
2026-06-28 20:00:00,0.7454
2026-06-28 20:15:00,0.62
2026-06-28 20:30:00,0.5538
2026-06-28 20:45:00,0.5347
2026-06-28 21:00:00,1.3397
2026-06-28 21:15:00,2.4397
2026-06-28 21:30:00,1.2546
2026-06-28 21:45:00,0.3076
2026-06-28 22:00:00,0.1718
2026-06-28 22:15:00,0.1587
2026-06-28 22:30:00,0.1782
2026-06-28 22:45:00,0.1689
2026-06-28 23:00:00,0.168
2026-06-28 23:15:00,0.0964
2026-06-28 23:30:00,0.0917
2026-06-28 23:45:00,0.0922
2026-06-29 00:00:00,0.1232
2026-06-29 00:15:00,0.1301
2026-06-29 00:30:00,0.0737
2026-06-29 00:45:00,0.0765
2026-06-29 01:00:00,0.0825
2026-06-29 01:15:00,0.1256
2026-06-29 01:30:00,0.1292
2026-06-29 01:45:00,0.1195
2026-06-29 02:00:00,0.083
2026-06-29 02:15:00,0.087
2026-06-29 02:30:00,0.0837
2026-06-29 02:45:00,0.1269
2026-06-29 03:00:00,0.1256
2026-06-29 03:15:00,0.1216
2026-06-29 03:30:00,0.0807
2026-06-29 03:45:00,0.0879
2026-06-29 04:00:00,0.0805
2026-06-29 04:15:00,0.1214
2026-06-29 04:30:00,0.1239
2026-06-29 04:45:00,0.1286
2026-06-29 05:00:00,0.083
2026-06-29 05:15:00,0.094
2026-06-29 05:30:00,0.1082
2026-06-29 05:45:00,0.1829
2026-06-29 06:00:00,0.2348
2026-06-29 06:15:00,0.3094
2026-06-29 06:30:00,0.3603
2026-06-29 06:45:00,0.4881
2026-06-29 07:00:00,0.6219
2026-06-29 07:15:00,0.7688
2026-06-29 07:30:00,0.8173
2026-06-29 07:45:00,0.8073
2026-06-29 08:00:00,0.6863
2026-06-29 08:15:00,0.5676
2026-06-29 08:30:00,0.4379
2026-06-29 08:45:00,0.3703
2026-06-29 09:00:00,0.2702
2026-06-29 09:15:00,0.2175
2026-06-29 09:30:00,0.1206
2026-06-29 09:45:00,0.0968
2026-06-29 10:00:00,0.0881
2026-06-29 10:15:00,0.1301
2026-06-29 10:30:00,0.1293
2026-06-29 10:45:00,0.1376
2026-06-29 11:00:00,0.0766
2026-06-29 11:15:00,0.0857
2026-06-29 11:30:00,0.0822
2026-06-29 11:45:00,0.1176
2026-06-29 12:00:00,0.1303
2026-06-29 12:15:00,0.133
2026-06-29 12:30:00,0.0764
2026-06-29 12:45:00,0.081
2026-06-29 13:00:00,0.0717
2026-06-29 13:15:00,0.1193
2026-06-29 13:30:00,0.1318
2026-06-29 13:45:00,0.1236
2026-06-29 14:00:00,0.0752
2026-06-29 14:15:00,0.0825
2026-06-29 14:30:00,0.0787
2026-06-29 14:45:00,0.1244
2026-06-29 15:00:00,0.1316
2026-06-29 15:15:00,0.1226
2026-06-29 15:30:00,0.081
2026-06-29 15:45:00,0.09
2026-06-29 16:00:00,0.0997
2026-06-29 16:15:00,0.1541
2026-06-29 16:30:00,0.1554
2026-06-29 16:45:00,0.1803
2026-06-29 17:00:00,0.148
2026-06-29 17:15:00,0.1907
2026-06-29 17:30:00,0.2104
2026-06-29 17:45:00,0.3114
2026-06-29 18:00:00,0.3494
2026-06-29 18:15:00,0.417
2026-06-29 18:30:00,0.4189
2026-06-29 18:45:00,0.463
2026-06-29 19:00:00,0.5127
2026-06-29 19:15:00,0.6022
2026-06-29 19:30:00,0.6282
2026-06-29 19:45:00,0.6316
2026-06-29 20:00:00,0.5815
2026-06-29 20:15:00,0.6168
2026-06-29 20:30:00,1.0333
2026-06-29 20:45:00,1.2475
2026-06-29 21:00:00,1.1487
2026-06-29 21:15:00,1.6048
2026-06-29 21:30:00,0.7068
2026-06-29 21:45:00,0.2949
2026-06-29 22:00:00,0.2282
2026-06-29 22:15:00,0.2334
2026-06-29 22:30:00,0.2061
2026-06-29 22:45:00,0.1753
2026-06-29 23:00:00,0.1158
2026-06-29 23:15:00,0.0998
2026-06-29 23:30:00,0.0889
2026-06-29 23:45:00,0.1369
2026-06-30 00:00:00,0.1259
2026-06-30 00:15:00,0.1226
2026-06-30 00:30:00,0.1358
2026-06-30 00:45:00,0.0887
2026-06-30 01:00:00,0.0858
2026-06-30 01:15:00,0.0937
2026-06-30 01:30:00,0.1278
2026-06-30 01:45:00,0.1456
2026-06-30 02:00:00,0.1276
2026-06-30 02:15:00,0.0842
2026-06-30 02:30:00,0.0806
2026-06-30 02:45:00,0.0849
2026-06-30 03:00:00,0.1335
2026-06-30 03:15:00,0.1282
2026-06-30 03:30:00,0.1387
2026-06-30 03:45:00,0.0842
2026-06-30 04:00:00,0.0845
2026-06-30 04:15:00,0.0783
2026-06-30 04:30:00,0.1326
2026-06-30 04:45:00,0.1323
2026-06-30 05:00:00,0.1365
2026-06-30 05:15:00,0.1044
2026-06-30 05:30:00,0.1529
2026-06-30 05:45:00,0.1886
2026-06-30 06:00:00,0.3093
2026-06-30 06:15:00,0.4257
2026-06-30 06:30:00,0.5636
2026-06-30 06:45:00,0.6567
2026-06-30 07:00:00,0.7653
2026-06-30 07:15:00,0.8198
2026-06-30 07:30:00,0.8431
2026-06-30 07:45:00,0.768
2026-06-30 08:00:00,0.6372
2026-06-30 08:15:00,0.4542
2026-06-30 08:30:00,0.326
2026-06-30 08:45:00,0.2254
2026-06-30 09:00:00,0.216
2026-06-30 09:15:00,0.1728
2026-06-30 09:30:00,0.1522
2026-06-30 09:45:00,0.0904
2026-06-30 10:00:00,0.0898
2026-06-30 10:15:00,0.074
2026-06-30 10:30:00,0.1339
2026-06-30 10:45:00,0.1299
2026-06-30 11:00:00,0.1323
2026-06-30 11:15:00,0.0849
2026-06-30 11:30:00,0.0774
2026-06-30 11:45:00,0.0746
2026-06-30 12:00:00,0.1249
2026-06-30 12:15:00,0.132
2026-06-30 12:30:00,0.1327
2026-06-30 12:45:00,0.0753
2026-06-30 13:00:00,0.0775
2026-06-30 13:15:00,0.079
2026-06-30 13:30:00,0.1273
2026-06-30 13:45:00,0.1221
2026-06-30 14:00:00,0.1225
2026-06-30 14:15:00,0.0811
2026-06-30 14:30:00,0.0883
2026-06-30 14:45:00,0.085
2026-06-30 15:00:00,0.1429
2026-06-30 15:15:00,0.1586
2026-06-30 15:30:00,0.1594
2026-06-30 15:45:00,0.1395
2026-06-30 16:00:00,0.1742
2026-06-30 16:15:00,0.2036
2026-06-30 16:30:00,0.2968
2026-06-30 16:45:00,0.3659
2026-06-30 17:00:00,0.4281
2026-06-30 17:15:00,0.4694
2026-06-30 17:30:00,0.5512
2026-06-30 17:45:00,0.6555
2026-06-30 18:00:00,1.0925
2026-06-30 18:15:00,1.5369
2026-06-30 18:30:00,1.1138
2026-06-30 18:45:00,0.8843
2026-06-30 19:00:00,0.8866
2026-06-30 19:15:00,0.8695
2026-06-30 19:30:00,0.88
2026-06-30 19:45:00,0.8477
2026-06-30 20:00:00,1.0866
2026-06-30 20:15:00,1.0532
2026-06-30 20:30:00,0.5982
2026-06-30 20:45:00,0.4557
2026-06-30 21:00:00,0.606
2026-06-30 21:15:00,0.9572
2026-06-30 21:30:00,0.5841
2026-06-30 21:45:00,0.2143
2026-06-30 22:00:00,0.1502
2026-06-30 22:15:00,0.1237
2026-06-30 22:30:00,0.1633
2026-06-30 22:45:00,0.1463
2026-06-30 23:00:00,0.1364
2026-06-30 23:15:00,0.0899
2026-06-30 23:30:00,0.0904
2026-06-30 23:45:00,0.0771
2026-07-01 00:00:00,0.1318
2026-07-01 00:15:00,0.1318
2026-07-01 00:30:00,0.133
2026-07-01 00:45:00,0.0857
2026-07-01 01:00:00,0.0791
2026-07-01 01:15:00,0.0762
2026-07-01 01:30:00,0.1352
2026-07-01 01:45:00,0.1314
2026-07-01 02:00:00,0.1367
2026-07-01 02:15:00,0.0835
2026-07-01 02:30:00,0.0759
2026-07-01 02:45:00,0.0892
2026-07-01 03:00:00,0.1283
2026-07-01 03:15:00,0.1322
2026-07-01 03:30:00,0.1267
2026-07-01 03:45:00,0.0931
2026-07-01 04:00:00,0.0794
2026-07-01 04:15:00,0.0834
2026-07-01 04:30:00,0.1353
2026-07-01 04:45:00,0.1355
2026-07-01 05:00:00,0.1588
2026-07-01 05:15:00,0.1497
2026-07-01 05:30:00,0.1914
2026-07-01 05:45:00,0.2799
2026-07-01 06:00:00,0.424
2026-07-01 06:15:00,0.5769
2026-07-01 06:30:00,0.7144
2026-07-01 06:45:00,0.7758
2026-07-01 07:00:00,0.8411
2026-07-01 07:15:00,0.8168
2026-07-01 07:30:00,0.7812
2026-07-01 07:45:00,0.6527
2026-07-01 08:00:00,0.5024
2026-07-01 08:15:00,0.3308
2026-07-01 08:30:00,0.2412
2026-07-01 08:45:00,0.1548
2026-07-01 09:00:00,0.1669
2026-07-01 09:15:00,0.1464
2026-07-01 09:30:00,0.1475
2026-07-01 09:45:00,0.0908
2026-07-01 10:00:00,0.0816
2026-07-01 10:15:00,0.0913
2026-07-01 10:30:00,0.1263
2026-07-01 10:45:00,0.136
2026-07-01 11:00:00,0.1227
2026-07-01 11:15:00,0.0898
2026-07-01 11:30:00,0.0815
2026-07-01 11:45:00,0.078
2026-07-01 12:00:00,0.1291
2026-07-01 12:15:00,0.1319
2026-07-01 12:30:00,0.1276
2026-07-01 12:45:00,0.0869
2026-07-01 13:00:00,0.0805
2026-07-01 13:15:00,0.0873
2026-07-01 13:30:00,0.1329
2026-07-01 13:45:00,0.1302
2026-07-01 14:00:00,0.1282
2026-07-01 14:15:00,0.0853
2026-07-01 14:30:00,0.0881
2026-07-01 14:45:00,0.0976
2026-07-01 15:00:00,0.1397
2026-07-01 15:15:00,0.1428
2026-07-01 15:30:00,0.1592
2026-07-01 15:45:00,0.1053
2026-07-01 16:00:00,0.1154
2026-07-01 16:15:00,0.1313
2026-07-01 16:30:00,0.1882
2026-07-01 16:45:00,0.2174
2026-07-01 17:00:00,0.2499
2026-07-01 17:15:00,0.2495
2026-07-01 17:30:00,0.2907
2026-07-01 17:45:00,0.3429
2026-07-01 18:00:00,0.4472
2026-07-01 18:15:00,0.4974
2026-07-01 18:30:00,0.5384
2026-07-01 18:45:00,0.5273
2026-07-01 19:00:00,0.5639
2026-07-01 19:15:00,0.5741
2026-07-01 19:30:00,0.6044
2026-07-01 19:45:00,0.5982
2026-07-01 20:00:00,0.696
2026-07-01 20:15:00,1.0125
2026-07-01 20:30:00,0.7546
2026-07-01 20:45:00,0.5857
2026-07-01 21:00:00,0.9024
2026-07-01 21:15:00,0.5429
2026-07-01 21:30:00,0.2859
2026-07-01 21:45:00,0.1912
2026-07-01 22:00:00,0.1624
2026-07-01 22:15:00,0.1385
2026-07-01 22:30:00,0.157
2026-07-01 22:45:00,0.1526
2026-07-01 23:00:00,0.1462
2026-07-01 23:15:00,0.0918
2026-07-01 23:30:00,0.0881
2026-07-01 23:45:00,0.0898
2026-07-02 00:00:00,0.0861
2026-07-02 00:15:00,0.0921
2026-07-02 00:30:00,0.0942
2026-07-02 00:45:00,0.0967
2026-07-02 01:00:00,0.1377
2026-07-02 01:15:00,0.1405
2026-07-02 01:30:00,0.0751
2026-07-02 01:45:00,0.0879
2026-07-02 02:00:00,0.0885
2026-07-02 02:15:00,0.0854
2026-07-02 02:30:00,0.1436
2026-07-02 02:45:00,0.1422
2026-07-02 03:00:00,0.0779
2026-07-02 03:15:00,0.093
2026-07-02 03:30:00,0.086
2026-07-02 03:45:00,0.0947
2026-07-02 04:00:00,0.1349
2026-07-02 04:15:00,0.1432
2026-07-02 04:30:00,0.0914
2026-07-02 04:45:00,0.0979
2026-07-02 05:00:00,0.1041
2026-07-02 05:15:00,0.1182
2026-07-02 05:30:00,0.1944
2026-07-02 05:45:00,0.2545
2026-07-02 06:00:00,0.3048
2026-07-02 06:15:00,0.4438
2026-07-02 06:30:00,0.6071
2026-07-02 06:45:00,0.7895
2026-07-02 07:00:00,0.9825
2026-07-02 07:15:00,1.0622
2026-07-02 07:30:00,1.0131
2026-07-02 07:45:00,0.9282
2026-07-02 08:00:00,0.7789
2026-07-02 08:15:00,0.613
2026-07-02 08:30:00,0.4826
2026-07-02 08:45:00,0.3528
2026-07-02 09:00:00,0.2112
2026-07-02 09:15:00,0.1504
2026-07-02 09:30:00,0.1155
2026-07-02 09:45:00,0.0933
2026-07-02 10:00:00,0.1436
2026-07-02 10:15:00,0.1374
2026-07-02 10:30:00,0.0815
2026-07-02 10:45:00,0.0869
2026-07-02 11:00:00,0.0853
2026-07-02 11:15:00,0.0952
2026-07-02 11:30:00,0.1463
2026-07-02 11:45:00,0.1371
2026-07-02 12:00:00,0.0901
2026-07-02 12:15:00,0.0803
2026-07-02 12:30:00,0.0886
2026-07-02 12:45:00,0.0941
2026-07-02 13:00:00,0.1476
2026-07-02 13:15:00,0.1382
2026-07-02 13:30:00,0.0981
2026-07-02 13:45:00,0.0824
2026-07-02 14:00:00,0.0841
2026-07-02 14:15:00,0.0961
2026-07-02 14:30:00,0.153
2026-07-02 14:45:00,0.1461
2026-07-02 15:00:00,0.0923
2026-07-02 15:15:00,0.08
2026-07-02 15:30:00,0.0824
2026-07-02 15:45:00,0.0979
2026-07-02 16:00:00,0.1495
2026-07-02 16:15:00,0.1508
2026-07-02 16:30:00,0.1158
2026-07-02 16:45:00,0.1288
2026-07-02 17:00:00,0.1516
2026-07-02 17:15:00,0.1705
2026-07-02 17:30:00,0.2643
2026-07-02 17:45:00,0.4403
2026-07-02 18:00:00,0.9044
2026-07-02 18:15:00,0.8589
2026-07-02 18:30:00,1.12
2026-07-02 18:45:00,0.9454
2026-07-02 19:00:00,0.6044
2026-07-02 19:15:00,0.6058
2026-07-02 19:30:00,0.5926
2026-07-02 19:45:00,0.6245
2026-07-02 20:00:00,0.6256
2026-07-02 20:15:00,0.6083
2026-07-02 20:30:00,0.7975
2026-07-02 20:45:00,1.1115
2026-07-02 21:00:00,0.7543
2026-07-02 21:15:00,0.4548
2026-07-02 21:30:00,0.3906
2026-07-02 21:45:00,0.3276
2026-07-02 22:00:00,0.3318
2026-07-02 22:15:00,0.2845
2026-07-02 22:30:00,0.2094
2026-07-02 22:45:00,0.1795
2026-07-02 23:00:00,0.1443
2026-07-02 23:15:00,0.1272
2026-07-02 23:30:00,0.1631
2026-07-02 23:45:00,0.1637
2026-07-03 00:00:00,0.1275
2026-07-03 00:15:00,0.1316
2026-07-03 00:30:00,0.0898
2026-07-03 00:45:00,0.086
2026-07-03 01:00:00,0.0774
2026-07-03 01:15:00,0.078
2026-07-03 01:30:00,0.1251
2026-07-03 01:45:00,0.1357
2026-07-03 02:00:00,0.0972
2026-07-03 02:15:00,0.0932
2026-07-03 02:30:00,0.0746
2026-07-03 02:45:00,0.0935
2026-07-03 03:00:00,0.1383
2026-07-03 03:15:00,0.1242
2026-07-03 03:30:00,0.0839
2026-07-03 03:45:00,0.0922
2026-07-03 04:00:00,0.0903
2026-07-03 04:15:00,0.0829
2026-07-03 04:30:00,0.1493
2026-07-03 04:45:00,0.151
2026-07-03 05:00:00,0.1489
2026-07-03 05:15:00,0.2173
2026-07-03 05:30:00,0.3059
2026-07-03 05:45:00,0.4338
2026-07-03 06:00:00,0.6456
2026-07-03 06:15:00,0.804
2026-07-03 06:30:00,0.8843
2026-07-03 06:45:00,0.9439
2026-07-03 07:00:00,0.9264
2026-07-03 07:15:00,0.8302
2026-07-03 07:30:00,0.7303
2026-07-03 07:45:00,0.5682
2026-07-03 08:00:00,0.3719
2026-07-03 08:15:00,0.2513
2026-07-03 08:30:00,0.174
2026-07-03 08:45:00,0.1303
2026-07-03 09:00:00,0.1551
2026-07-03 09:15:00,0.1496
2026-07-03 09:30:00,0.0883
2026-07-03 09:45:00,0.0922
2026-07-03 10:00:00,0.0919
2026-07-03 10:15:00,0.0842
2026-07-03 10:30:00,0.1363
2026-07-03 10:45:00,0.1315
2026-07-03 11:00:00,0.093
2026-07-03 11:15:00,0.0891
2026-07-03 11:30:00,0.0787
2026-07-03 11:45:00,0.0864
2026-07-03 12:00:00,0.1423
2026-07-03 12:15:00,0.1319
2026-07-03 12:30:00,0.088
2026-07-03 12:45:00,0.0886
2026-07-03 13:00:00,0.0796
2026-07-03 13:15:00,0.0884
2026-07-03 13:30:00,0.1251
2026-07-03 13:45:00,0.1295
2026-07-03 14:00:00,0.0919
2026-07-03 14:15:00,0.0882
2026-07-03 14:30:00,0.0851
2026-07-03 14:45:00,0.0905
2026-07-03 15:00:00,0.137
2026-07-03 15:15:00,0.1406
2026-07-03 15:30:00,0.1018
2026-07-03 15:45:00,0.1016
2026-07-03 16:00:00,0.1175
2026-07-03 16:15:00,0.1318
2026-07-03 16:30:00,0.1944
2026-07-03 16:45:00,0.2278
2026-07-03 17:00:00,0.2321
2026-07-03 17:15:00,0.2711
2026-07-03 17:30:00,0.3152
2026-07-03 17:45:00,0.4144
2026-07-03 18:00:00,0.9352
2026-07-03 18:15:00,1.2486
2026-07-03 18:30:00,0.7158
2026-07-03 18:45:00,0.6402
2026-07-03 19:00:00,0.9051
2026-07-03 19:15:00,1.2248
2026-07-03 19:30:00,0.8787
2026-07-03 19:45:00,0.7055
2026-07-03 20:00:00,0.6081
2026-07-03 20:15:00,0.5686
2026-07-03 20:30:00,0.5662
2026-07-03 20:45:00,0.8345
2026-07-03 21:00:00,0.7659
2026-07-03 21:15:00,0.4101
2026-07-03 21:30:00,0.2715
2026-07-03 21:45:00,0.2212
2026-07-03 22:00:00,0.1815
2026-07-03 22:15:00,0.1648
2026-07-03 22:30:00,0.1868
2026-07-03 22:45:00,0.1602
2026-07-03 23:00:00,0.1089
2026-07-03 23:15:00,0.0938
2026-07-03 23:30:00,0.0862
2026-07-03 23:45:00,0.0957
2026-07-04 00:00:00,0.088
2026-07-04 00:15:00,0.0773
2026-07-04 00:30:00,0.1334
2026-07-04 00:45:00,0.1354
2026-07-04 01:00:00,0.088
2026-07-04 01:15:00,0.0884
2026-07-04 01:30:00,0.086
2026-07-04 01:45:00,0.0836
2026-07-04 02:00:00,0.1272
2026-07-04 02:15:00,0.12
2026-07-04 02:30:00,0.0859
2026-07-04 02:45:00,0.085
2026-07-04 03:00:00,0.0871
2026-07-04 03:15:00,0.0765
2026-07-04 03:30:00,0.1342
2026-07-04 03:45:00,0.1421
2026-07-04 04:00:00,0.0845
2026-07-04 04:15:00,0.0839
2026-07-04 04:30:00,0.0867
2026-07-04 04:45:00,0.0982
2026-07-04 05:00:00,0.1323
2026-07-04 05:15:00,0.1492
2026-07-04 05:30:00,0.1168
2026-07-04 05:45:00,0.1534
2026-07-04 06:00:00,0.2115
2026-07-04 06:15:00,0.296
2026-07-04 06:30:00,0.4375
2026-07-04 06:45:00,0.5238
2026-07-04 07:00:00,0.5485
2026-07-04 07:15:00,0.6036
2026-07-04 07:30:00,0.579
2026-07-04 07:45:00,0.5253
2026-07-04 08:00:00,0.4822
2026-07-04 08:15:00,0.4071
2026-07-04 08:30:00,0.2736
2026-07-04 08:45:00,0.2168
2026-07-04 09:00:00,0.1532
2026-07-04 09:15:00,0.1468
2026-07-04 09:30:00,0.1781
2026-07-04 09:45:00,0.1846
2026-07-04 10:00:00,0.1328
2026-07-04 10:15:00,0.1632
2026-07-04 10:30:00,0.1755
2026-07-04 10:45:00,0.19
2026-07-04 11:00:00,0.2622
2026-07-04 11:15:00,0.2786
2026-07-04 11:30:00,0.2595
2026-07-04 11:45:00,0.2887
2026-07-04 12:00:00,0.3109
2026-07-04 12:15:00,0.3568
2026-07-04 12:30:00,0.4363
2026-07-04 12:45:00,0.4559
2026-07-04 13:00:00,0.4437
2026-07-04 13:15:00,0.4664
2026-07-04 13:30:00,0.4924
2026-07-04 13:45:00,0.5057
2026-07-04 14:00:00,0.5648
2026-07-04 14:15:00,0.5843
2026-07-04 14:30:00,0.5346
2026-07-04 14:45:00,0.5442
2026-07-04 15:00:00,0.5263
2026-07-04 15:15:00,0.5099
2026-07-04 15:30:00,0.5547
2026-07-04 15:45:00,0.5362
2026-07-04 16:00:00,0.4755
2026-07-04 16:15:00,0.4662
2026-07-04 16:30:00,0.4489
2026-07-04 16:45:00,0.4519
2026-07-04 17:00:00,0.5072
2026-07-04 17:15:00,0.5197
2026-07-04 17:30:00,0.5075
2026-07-04 17:45:00,0.554
2026-07-04 18:00:00,0.5917
2026-07-04 18:15:00,0.6295
2026-07-04 18:30:00,0.7199
2026-07-04 18:45:00,0.7965
2026-07-04 19:00:00,1.0074
2026-07-04 19:15:00,1.2328
2026-07-04 19:30:00,0.8769
2026-07-04 19:45:00,0.7232
2026-07-04 20:00:00,0.7412
2026-07-04 20:15:00,0.7383
2026-07-04 20:30:00,1.0278
2026-07-04 20:45:00,0.9668
2026-07-04 21:00:00,0.5032
2026-07-04 21:15:00,0.36
2026-07-04 21:30:00,0.3477
2026-07-04 21:45:00,0.2946
2026-07-04 22:00:00,0.2043
2026-07-04 22:15:00,0.1686
2026-07-04 22:30:00,0.1393
2026-07-04 22:45:00,0.1323
2026-07-04 23:00:00,0.1497
2026-07-04 23:15:00,0.1457
2026-07-04 23:30:00,0.0932
2026-07-04 23:45:00,0.0916
2026-07-05 00:00:00,0.0797
2026-07-05 00:15:00,0.1479
2026-07-05 00:30:00,0.1303
2026-07-05 00:45:00,0.1399
2026-07-05 01:00:00,0.0837
2026-07-05 01:15:00,0.0881
2026-07-05 01:30:00,0.084
2026-07-05 01:45:00,0.1397
2026-07-05 02:00:00,0.1372
2026-07-05 02:15:00,0.1338
2026-07-05 02:30:00,0.0816
2026-07-05 02:45:00,0.0893
2026-07-05 03:00:00,0.0807
2026-07-05 03:15:00,0.139
2026-07-05 03:30:00,0.1519
2026-07-05 03:45:00,0.1446
2026-07-05 04:00:00,0.0924
2026-07-05 04:15:00,0.0882
2026-07-05 04:30:00,0.0786
2026-07-05 04:45:00,0.134
2026-07-05 05:00:00,0.1563
2026-07-05 05:15:00,0.1593
2026-07-05 05:30:00,0.1407
2026-07-05 05:45:00,0.1954
2026-07-05 06:00:00,0.2709
2026-07-05 06:15:00,0.4301
2026-07-05 06:30:00,0.571
2026-07-05 06:45:00,0.7028
2026-07-05 07:00:00,0.7668
2026-07-05 07:15:00,0.827
2026-07-05 07:30:00,0.8292
2026-07-05 07:45:00,0.8064
2026-07-05 08:00:00,0.6986
2026-07-05 08:15:00,0.5828
2026-07-05 08:30:00,0.4226
2026-07-05 08:45:00,0.3433
2026-07-05 09:00:00,0.3014
2026-07-05 09:15:00,0.3329
2026-07-05 09:30:00,0.3296
2026-07-05 09:45:00,0.3446
2026-07-05 10:00:00,0.3109
2026-07-05 10:15:00,0.333
2026-07-05 10:30:00,0.3654
2026-07-05 10:45:00,0.4338
2026-07-05 11:00:00,0.4533
2026-07-05 11:15:00,0.4688
2026-07-05 11:30:00,0.4316
2026-07-05 11:45:00,0.4441
2026-07-05 12:00:00,0.4499
2026-07-05 12:15:00,0.4983
2026-07-05 12:30:00,0.4876
2026-07-05 12:45:00,0.4871
2026-07-05 13:00:00,0.4185
2026-07-05 13:15:00,0.4041
2026-07-05 13:30:00,0.3823
2026-07-05 13:45:00,0.4089
2026-07-05 14:00:00,0.3797
2026-07-05 14:15:00,0.3639
2026-07-05 14:30:00,0.3035
2026-07-05 14:45:00,0.2612
2026-07-05 15:00:00,0.2418
2026-07-05 15:15:00,0.2678
2026-07-05 15:30:00,0.251
2026-07-05 15:45:00,0.2503
2026-07-05 16:00:00,0.1812
2026-07-05 16:15:00,0.1813
2026-07-05 16:30:00,0.1815
2026-07-05 16:45:00,0.251
2026-07-05 17:00:00,0.272
2026-07-05 17:15:00,0.3237
2026-07-05 17:30:00,0.3377
2026-07-05 17:45:00,0.3806
2026-07-05 18:00:00,0.4438
2026-07-05 18:15:00,0.5846
2026-07-05 18:30:00,0.6539
2026-07-05 18:45:00,0.7409
2026-07-05 19:00:00,0.7485
2026-07-05 19:15:00,0.797
2026-07-05 19:30:00,0.8462
2026-07-05 19:45:00,1.1303
2026-07-05 20:00:00,1.3795
2026-07-05 20:15:00,0.9886
2026-07-05 20:30:00,0.7339
2026-07-05 20:45:00,0.6535
2026-07-05 21:00:00,0.6911
2026-07-05 21:15:00,1.0408
2026-07-05 21:30:00,0.8017
2026-07-05 21:45:00,0.433
2026-07-05 22:00:00,0.2869
2026-07-05 22:15:00,0.2359
2026-07-05 22:30:00,0.1903
2026-07-05 22:45:00,0.2143
2026-07-05 23:00:00,0.1892
2026-07-05 23:15:00,0.1697
2026-07-05 23:30:00,0.1123
2026-07-05 23:45:00,0.1037
2026-07-06 00:00:00,0.1526
2026-07-06 00:15:00,0.1555
2026-07-06 00:30:00,0.0852
2026-07-06 00:45:00,0.0907
2026-07-06 01:00:00,0.093
2026-07-06 01:15:00,0.1037
2026-07-06 01:30:00,0.1412
2026-07-06 01:45:00,0.1413
2026-07-06 02:00:00,0.1023
2026-07-06 02:15:00,0.0904
2026-07-06 02:30:00,0.0972
2026-07-06 02:45:00,0.0836
2026-07-06 03:00:00,0.1432
2026-07-06 03:15:00,0.134
2026-07-06 03:30:00,0.0862
2026-07-06 03:45:00,0.0979
2026-07-06 04:00:00,0.0925
2026-07-06 04:15:00,0.0909
2026-07-06 04:30:00,0.14
2026-07-06 04:45:00,0.1442
2026-07-06 05:00:00,0.0983
2026-07-06 05:15:00,0.1086
2026-07-06 05:30:00,0.1
2026-07-06 05:45:00,0.1388
2026-07-06 06:00:00,0.2465
2026-07-06 06:15:00,0.3251
2026-07-06 06:30:00,0.3902
2026-07-06 06:45:00,0.5293
2026-07-06 07:00:00,0.6723
2026-07-06 07:15:00,0.7946
2026-07-06 07:30:00,0.9182
2026-07-06 07:45:00,0.9249
2026-07-06 08:00:00,0.788
2026-07-06 08:15:00,0.6665
2026-07-06 08:30:00,0.5212
2026-07-06 08:45:00,0.3908
2026-07-06 09:00:00,0.3189
2026-07-06 09:15:00,0.2482
2026-07-06 09:30:00,0.1497
2026-07-06 09:45:00,0.1149
2026-07-06 10:00:00,0.1008
2026-07-06 10:15:00,0.0942
2026-07-06 10:30:00,0.1439
2026-07-06 10:45:00,0.1499
2026-07-06 11:00:00,0.0943
2026-07-06 11:15:00,0.0942
2026-07-06 11:30:00,0.0858
2026-07-06 11:45:00,0.0868
2026-07-06 12:00:00,0.1575
2026-07-06 12:15:00,0.1432
2026-07-06 12:30:00,0.0879
2026-07-06 12:45:00,0.1016
2026-07-06 13:00:00,0.0945
2026-07-06 13:15:00,0.0963
2026-07-06 13:30:00,0.1434
2026-07-06 13:45:00,0.1423
2026-07-06 14:00:00,0.0917
2026-07-06 14:15:00,0.0842
2026-07-06 14:30:00,0.0923
2026-07-06 14:45:00,0.0948
2026-07-06 15:00:00,0.1562
2026-07-06 15:15:00,0.1458
2026-07-06 15:30:00,0.0802
2026-07-06 15:45:00,0.0956
2026-07-06 16:00:00,0.1157
2026-07-06 16:15:00,0.1082
2026-07-06 16:30:00,0.1558
2026-07-06 16:45:00,0.174
2026-07-06 17:00:00,0.128
2026-07-06 17:15:00,0.1434
2026-07-06 17:30:00,0.1753
2026-07-06 17:45:00,0.2112
2026-07-06 18:00:00,0.3082
2026-07-06 18:15:00,0.6392
2026-07-06 18:30:00,1.2442
2026-07-06 18:45:00,1.0686
2026-07-06 19:00:00,0.6029
2026-07-06 19:15:00,0.5236
2026-07-06 19:30:00,0.6305
2026-07-06 19:45:00,0.6557
2026-07-06 20:00:00,0.6438
2026-07-06 20:15:00,0.6285
2026-07-06 20:30:00,0.6205
2026-07-06 20:45:00,0.6018
2026-07-06 21:00:00,0.6195
2026-07-06 21:15:00,0.5596
2026-07-06 21:30:00,0.4522
2026-07-06 21:45:00,0.3898
2026-07-06 22:00:00,0.3263
2026-07-06 22:15:00,0.2775
2026-07-06 22:30:00,0.2791
2026-07-06 22:45:00,0.2409
2026-07-06 23:00:00,0.1695
2026-07-06 23:15:00,0.137
2026-07-06 23:30:00,0.1289
2026-07-06 23:45:00,0.1068
2026-07-07 00:00:00,0.1241
2026-07-07 00:15:00,0.1214
2026-07-07 00:30:00,0.1203
2026-07-07 00:45:00,0.0695
2026-07-07 01:00:00,0.0765
2026-07-07 01:15:00,0.0858
2026-07-07 01:30:00,0.1193
2026-07-07 01:45:00,0.1205
2026-07-07 02:00:00,0.1379
2026-07-07 02:15:00,0.0788
2026-07-07 02:30:00,0.0841
2026-07-07 02:45:00,0.0858
2026-07-07 03:00:00,0.1317
2026-07-07 03:15:00,0.1197
2026-07-07 03:30:00,0.1268
2026-07-07 03:45:00,0.0735
2026-07-07 04:00:00,0.0959
2026-07-07 04:15:00,0.0741
2026-07-07 04:30:00,0.124
2026-07-07 04:45:00,0.1271
2026-07-07 05:00:00,0.1318
2026-07-07 05:15:00,0.1172
2026-07-07 05:30:00,0.1527
2026-07-07 05:45:00,0.1874
2026-07-07 06:00:00,0.3051
2026-07-07 06:15:00,0.402
2026-07-07 06:30:00,0.5297
2026-07-07 06:45:00,0.5953
2026-07-07 07:00:00,0.6749
2026-07-07 07:15:00,0.7098
2026-07-07 07:30:00,0.7269
2026-07-07 07:45:00,0.6455
2026-07-07 08:00:00,0.5305
2026-07-07 08:15:00,0.3635
2026-07-07 08:30:00,0.2712
2026-07-07 08:45:00,0.1907
2026-07-07 09:00:00,0.1904
2026-07-07 09:15:00,0.16
2026-07-07 09:30:00,0.1323
2026-07-07 09:45:00,0.0792
2026-07-07 10:00:00,0.0799
2026-07-07 10:15:00,0.0771
2026-07-07 10:30:00,0.1324
2026-07-07 10:45:00,0.13
2026-07-07 11:00:00,0.1341
2026-07-07 11:15:00,0.0845
2026-07-07 11:30:00,0.0835
2026-07-07 11:45:00,0.0889
2026-07-07 12:00:00,0.1306
2026-07-07 12:15:00,0.1284
2026-07-07 12:30:00,0.1362
2026-07-07 12:45:00,0.083
2026-07-07 13:00:00,0.0807
2026-07-07 13:15:00,0.0777
2026-07-07 13:30:00,0.1319
2026-07-07 13:45:00,0.1349
2026-07-07 14:00:00,0.1279
2026-07-07 14:15:00,0.0898
2026-07-07 14:30:00,0.0722
2026-07-07 14:45:00,0.0833
2026-07-07 15:00:00,0.1303
2026-07-07 15:15:00,0.1285
2026-07-07 15:30:00,0.1488
2026-07-07 15:45:00,0.0949
2026-07-07 16:00:00,0.1013
2026-07-07 16:15:00,0.116
2026-07-07 16:30:00,0.1685
2026-07-07 16:45:00,0.2002
2026-07-07 17:00:00,0.2431
2026-07-07 17:15:00,0.2316
2026-07-07 17:30:00,0.2837
2026-07-07 17:45:00,0.3586
2026-07-07 18:00:00,0.4759
2026-07-07 18:15:00,0.5482
2026-07-07 18:30:00,0.6209
2026-07-07 18:45:00,0.6506
2026-07-07 19:00:00,0.7124
2026-07-07 19:15:00,0.764
2026-07-07 19:30:00,0.9764
2026-07-07 19:45:00,1.9139
2026-07-07 20:00:00,2.0201
2026-07-07 20:15:00,0.9403
2026-07-07 20:30:00,0.7081
2026-07-07 20:45:00,0.636
2026-07-07 21:00:00,0.6141
2026-07-07 21:15:00,0.5229
2026-07-07 21:30:00,0.4524
2026-07-07 21:45:00,0.3371
2026-07-07 22:00:00,0.2732
2026-07-07 22:15:00,0.2279
2026-07-07 22:30:00,0.2331
2026-07-07 22:45:00,0.1995
2026-07-07 23:00:00,0.1732
2026-07-07 23:15:00,0.1105
2026-07-07 23:30:00,0.0937
2026-07-07 23:45:00,0.0894
2026-07-08 00:00:00,0.1349
2026-07-08 00:15:00,0.1279
2026-07-08 00:30:00,0.0795
2026-07-08 00:45:00,0.0762
2026-07-08 01:00:00,0.0845
2026-07-08 01:15:00,0.0881
2026-07-08 01:30:00,0.1308
2026-07-08 01:45:00,0.1417
2026-07-08 02:00:00,0.091
2026-07-08 02:15:00,0.0814
2026-07-08 02:30:00,0.0814
2026-07-08 02:45:00,0.0857
2026-07-08 03:00:00,0.1246
2026-07-08 03:15:00,0.1358
2026-07-08 03:30:00,0.0851
2026-07-08 03:45:00,0.0846
2026-07-08 04:00:00,0.0872
2026-07-08 04:15:00,0.0935
2026-07-08 04:30:00,0.1326
2026-07-08 04:45:00,0.1352
2026-07-08 05:00:00,0.1075
2026-07-08 05:15:00,0.1245
2026-07-08 05:30:00,0.1546
2026-07-08 05:45:00,0.2184
2026-07-08 06:00:00,0.3568
2026-07-08 06:15:00,0.4751
2026-07-08 06:30:00,0.549
2026-07-08 06:45:00,0.6657
2026-07-08 07:00:00,0.7478
2026-07-08 07:15:00,0.7656
2026-07-08 07:30:00,0.7665
2026-07-08 07:45:00,0.6743
2026-07-08 08:00:00,0.4972
2026-07-08 08:15:00,0.3727
2026-07-08 08:30:00,0.2582
2026-07-08 08:45:00,0.1845
2026-07-08 09:00:00,0.1865
2026-07-08 09:15:00,0.1579
2026-07-08 09:30:00,0.0899
2026-07-08 09:45:00,0.0882
2026-07-08 10:00:00,0.0968
2026-07-08 10:15:00,0.0835
2026-07-08 10:30:00,0.1256
2026-07-08 10:45:00,0.1284
2026-07-08 11:00:00,0.0836
2026-07-08 11:15:00,0.0823
2026-07-08 11:30:00,0.0829
2026-07-08 11:45:00,0.0751
2026-07-08 12:00:00,0.124
2026-07-08 12:15:00,0.1285
2026-07-08 12:30:00,0.0822
2026-07-08 12:45:00,0.08
2026-07-08 13:00:00,0.0821
2026-07-08 13:15:00,0.0835
2026-07-08 13:30:00,0.1342
2026-07-08 13:45:00,0.1288
2026-07-08 14:00:00,0.0855
2026-07-08 14:15:00,0.0804
2026-07-08 14:30:00,0.0869
2026-07-08 14:45:00,0.0864
2026-07-08 15:00:00,0.1363
2026-07-08 15:15:00,0.1372
2026-07-08 15:30:00,0.0932
2026-07-08 15:45:00,0.0942
2026-07-08 16:00:00,0.1037
2026-07-08 16:15:00,0.1196
2026-07-08 16:30:00,0.1729
2026-07-08 16:45:00,0.1963
2026-07-08 17:00:00,0.1862
2026-07-08 17:15:00,0.2286
2026-07-08 17:30:00,0.273
2026-07-08 17:45:00,0.3386
2026-07-08 18:00:00,0.4549
2026-07-08 18:15:00,0.5197
2026-07-08 18:30:00,0.5808
2026-07-08 18:45:00,0.9102
2026-07-08 19:00:00,1.3126
2026-07-08 19:15:00,0.9675
2026-07-08 19:30:00,0.8886
2026-07-08 19:45:00,1.3036
2026-07-08 20:00:00,1.4936
2026-07-08 20:15:00,0.9295
2026-07-08 20:30:00,0.7241
2026-07-08 20:45:00,0.6527
2026-07-08 21:00:00,0.6329
2026-07-08 21:15:00,0.5529
2026-07-08 21:30:00,0.4251
2026-07-08 21:45:00,0.3509
2026-07-08 22:00:00,0.2952
2026-07-08 22:15:00,0.236
2026-07-08 22:30:00,0.2346
2026-07-08 22:45:00,0.1961
2026-07-08 23:00:00,0.1321
2026-07-08 23:15:00,0.1208
2026-07-08 23:30:00,0.1169
2026-07-08 23:45:00,0.0964
2026-07-09 00:00:00,0.0862
2026-07-09 00:15:00,0.1022
2026-07-09 00:30:00,0.1394
2026-07-09 00:45:00,0.1462
2026-07-09 01:00:00,0.0763
2026-07-09 01:15:00,0.0987
2026-07-09 01:30:00,0.0999
2026-07-09 01:45:00,0.0911
2026-07-09 02:00:00,0.1449
2026-07-09 02:15:00,0.1449
2026-07-09 02:30:00,0.0871
2026-07-09 02:45:00,0.0943
2026-07-09 03:00:00,0.0861
2026-07-09 03:15:00,0.0873
2026-07-09 03:30:00,0.1486
2026-07-09 03:45:00,0.1483
2026-07-09 04:00:00,0.0895
2026-07-09 04:15:00,0.0941
2026-07-09 04:30:00,0.1057
2026-07-09 04:45:00,0.1371
2026-07-09 05:00:00,0.22
2026-07-09 05:15:00,0.2992
2026-07-09 05:30:00,0.3548
2026-07-09 05:45:00,0.4825
2026-07-09 06:00:00,0.6348
2026-07-09 06:15:00,0.758
2026-07-09 06:30:00,0.8948
2026-07-09 06:45:00,0.9076
2026-07-09 07:00:00,0.8136
2026-07-09 07:15:00,0.6893
2026-07-09 07:30:00,0.5534
2026-07-09 07:45:00,0.4092
2026-07-09 08:00:00,0.3352
2026-07-09 08:15:00,0.2518
2026-07-09 08:30:00,0.1582
2026-07-09 08:45:00,0.1198
2026-07-09 09:00:00,0.0966
2026-07-09 09:15:00,0.0973
2026-07-09 09:30:00,0.1422
2026-07-09 09:45:00,0.1629
2026-07-09 10:00:00,0.0928
2026-07-09 10:15:00,0.0887
2026-07-09 10:30:00,0.0996
2026-07-09 10:45:00,0.0798
2026-07-09 11:00:00,0.1421
2026-07-09 11:15:00,0.1536
2026-07-09 11:30:00,0.0903
2026-07-09 11:45:00,0.0805
2026-07-09 12:00:00,0.0886
2026-07-09 12:15:00,0.0998
2026-07-09 12:30:00,0.1438
2026-07-09 12:45:00,0.1364
2026-07-09 13:00:00,0.0869
2026-07-09 13:15:00,0.0877
2026-07-09 13:30:00,0.0934
2026-07-09 13:45:00,0.0996
2026-07-09 14:00:00,0.1488
2026-07-09 14:15:00,0.146
2026-07-09 14:30:00,0.0861
2026-07-09 14:45:00,0.0885
2026-07-09 15:00:00,0.1038
2026-07-09 15:15:00,0.0988
2026-07-09 15:30:00,0.1659
2026-07-09 15:45:00,0.1834
2026-07-09 16:00:00,0.1445
2026-07-09 16:15:00,0.173
2026-07-09 16:30:00,0.2152
2026-07-09 16:45:00,0.2651
2026-07-09 17:00:00,0.375
2026-07-09 17:15:00,0.4372
2026-07-09 17:30:00,0.46
2026-07-09 17:45:00,0.6497
2026-07-09 18:00:00,1.0517
2026-07-09 18:15:00,0.909
2026-07-09 18:30:00,0.7984
2026-07-09 18:45:00,0.819
2026-07-09 19:00:00,0.7727
2026-07-09 19:15:00,0.7781
2026-07-09 19:30:00,0.7659
2026-07-09 19:45:00,0.7155
2026-07-09 20:00:00,0.6979
2026-07-09 20:15:00,0.6512
2026-07-09 20:30:00,0.5116
2026-07-09 20:45:00,0.4397
2026-07-09 21:00:00,0.3835
2026-07-09 21:15:00,0.5397
2026-07-09 21:30:00,0.8769
2026-07-09 21:45:00,0.4755
2026-07-09 22:00:00,0.1886
2026-07-09 22:15:00,0.151
2026-07-09 22:30:00,0.1306
2026-07-09 22:45:00,0.1079
2026-07-09 23:00:00,0.1635
2026-07-09 23:15:00,0.1449
2026-07-09 23:30:00,0.0976
2026-07-09 23:45:00,0.0838
2026-07-10 00:00:00,0.1242
2026-07-10 00:15:00,0.0812
2026-07-10 00:30:00,0.0827
2026-07-10 00:45:00,0.084
2026-07-10 01:00:00,0.0803
2026-07-10 01:15:00,0.1254
2026-07-10 01:30:00,0.1335
2026-07-10 01:45:00,0.0876
2026-07-10 02:00:00,0.0836
2026-07-10 02:15:00,0.0903
2026-07-10 02:30:00,0.079
2026-07-10 02:45:00,0.1348
2026-07-10 03:00:00,0.129
2026-07-10 03:15:00,0.0987
2026-07-10 03:30:00,0.0746
2026-07-10 03:45:00,0.0773
2026-07-10 04:00:00,0.0833
2026-07-10 04:15:00,0.1283
2026-07-10 04:30:00,0.1371
2026-07-10 04:45:00,0.0789
2026-07-10 05:00:00,0.0899
2026-07-10 05:15:00,0.0974
2026-07-10 05:30:00,0.1079
2026-07-10 05:45:00,0.1687
2026-07-10 06:00:00,0.224
2026-07-10 06:15:00,0.2422
2026-07-10 06:30:00,0.3241
2026-07-10 06:45:00,0.4196
2026-07-10 07:00:00,0.5131
2026-07-10 07:15:00,0.6245
2026-07-10 07:30:00,0.6533
2026-07-10 07:45:00,0.5801
2026-07-10 08:00:00,0.5074
2026-07-10 08:15:00,0.413
2026-07-10 08:30:00,0.3168
2026-07-10 08:45:00,0.2818
2026-07-10 09:00:00,0.2163
2026-07-10 09:15:00,0.1301
2026-07-10 09:30:00,0.1068
2026-07-10 09:45:00,0.0877
2026-07-10 10:00:00,0.0929
2026-07-10 10:15:00,0.126
2026-07-10 10:30:00,0.1242
2026-07-10 10:45:00,0.0838
2026-07-10 11:00:00,0.0712
2026-07-10 11:15:00,0.0768
2026-07-10 11:30:00,0.0863
2026-07-10 11:45:00,0.1167
2026-07-10 12:00:00,0.1321
2026-07-10 12:15:00,0.0892
2026-07-10 12:30:00,0.079
2026-07-10 12:45:00,0.0826
2026-07-10 13:00:00,0.0871
2026-07-10 13:15:00,0.1235
2026-07-10 13:30:00,0.1308
2026-07-10 13:45:00,0.0774
2026-07-10 14:00:00,0.0785
2026-07-10 14:15:00,0.0767
2026-07-10 14:30:00,0.0829
2026-07-10 14:45:00,0.1324
2026-07-10 15:00:00,0.1253
2026-07-10 15:15:00,0.0745
2026-07-10 15:30:00,0.0759
2026-07-10 15:45:00,0.0845
2026-07-10 16:00:00,0.0934
2026-07-10 16:15:00,0.1324
2026-07-10 16:30:00,0.1312
2026-07-10 16:45:00,0.0971
2026-07-10 17:00:00,0.0987
2026-07-10 17:15:00,0.1084
2026-07-10 17:30:00,0.1199
2026-07-10 17:45:00,0.1975
2026-07-10 18:00:00,0.2021
2026-07-10 18:15:00,0.2087
2026-07-10 18:30:00,0.3002
2026-07-10 18:45:00,0.787
2026-07-10 19:00:00,0.9521
2026-07-10 19:15:00,0.5354
2026-07-10 19:30:00,0.5235
2026-07-10 19:45:00,0.7712
2026-07-10 20:00:00,0.8037
2026-07-10 20:15:00,0.6431
2026-07-10 20:30:00,0.9104
2026-07-10 20:45:00,0.8861
2026-07-10 21:00:00,0.6137
2026-07-10 21:15:00,0.4954
2026-07-10 21:30:00,0.4553
2026-07-10 21:45:00,0.4037
2026-07-10 22:00:00,0.351
2026-07-10 22:15:00,0.3587
2026-07-10 22:30:00,0.3021
2026-07-10 22:45:00,0.2145
2026-07-10 23:00:00,0.1879
2026-07-10 23:15:00,0.1498
2026-07-10 23:30:00,0.1285
2026-07-10 23:45:00,0.1603
2026-07-11 00:00:00,0.0946
2026-07-11 00:15:00,0.0876
2026-07-11 00:30:00,0.0852
2026-07-11 00:45:00,0.1092
2026-07-11 01:00:00,0.1371
2026-07-11 01:15:00,0.142
2026-07-11 01:30:00,0.0818
2026-07-11 01:45:00,0.0916
2026-07-11 02:00:00,0.0853
2026-07-11 02:15:00,0.0882
2026-07-11 02:30:00,0.1478
2026-07-11 02:45:00,0.1443
2026-07-11 03:00:00,0.0944
2026-07-11 03:15:00,0.0802
2026-07-11 03:30:00,0.1021
2026-07-11 03:45:00,0.0837
2026-07-11 04:00:00,0.1507
2026-07-11 04:15:00,0.1477
2026-07-11 04:30:00,0.0946
2026-07-11 04:45:00,0.0864
2026-07-11 05:00:00,0.0935
2026-07-11 05:15:00,0.0925
2026-07-11 05:30:00,0.1527
2026-07-11 05:45:00,0.1655
2026-07-11 06:00:00,0.1322
2026-07-11 06:15:00,0.2003
2026-07-11 06:30:00,0.2687
2026-07-11 06:45:00,0.3695
2026-07-11 07:00:00,0.5417
2026-07-11 07:15:00,0.6691
2026-07-11 07:30:00,0.7068
2026-07-11 07:45:00,0.7448
2026-07-11 08:00:00,0.7458
2026-07-11 08:15:00,0.6757
2026-07-11 08:30:00,0.6155
2026-07-11 08:45:00,0.4944
2026-07-11 09:00:00,0.3498
2026-07-11 09:15:00,0.2656
2026-07-11 09:30:00,0.2229
2026-07-11 09:45:00,0.2044
2026-07-11 10:00:00,0.2623
2026-07-11 10:15:00,0.2641
2026-07-11 10:30:00,0.2287
2026-07-11 10:45:00,0.2624
2026-07-11 11:00:00,0.2734
2026-07-11 11:15:00,0.2946
2026-07-11 11:30:00,0.3619
2026-07-11 11:45:00,0.3807
2026-07-11 12:00:00,0.3391
2026-07-11 12:15:00,0.3747
2026-07-11 12:30:00,0.3852
2026-07-11 12:45:00,0.3918
2026-07-11 13:00:00,0.4494
2026-07-11 13:15:00,0.4575
2026-07-11 13:30:00,0.3921
2026-07-11 13:45:00,0.3929
2026-07-11 14:00:00,0.3809
2026-07-11 14:15:00,0.3865
2026-07-11 14:30:00,0.4169
2026-07-11 14:45:00,0.3816
2026-07-11 15:00:00,0.3175
2026-07-11 15:15:00,0.3081
2026-07-11 15:30:00,0.2895
2026-07-11 15:45:00,0.2705
2026-07-11 16:00:00,0.3311
2026-07-11 16:15:00,0.3172
2026-07-11 16:30:00,0.2712
2026-07-11 16:45:00,0.2765
2026-07-11 17:00:00,0.3074
2026-07-11 17:15:00,0.3333
2026-07-11 17:30:00,0.4268
2026-07-11 17:45:00,0.4828
2026-07-11 18:00:00,0.4748
2026-07-11 18:15:00,0.5522
2026-07-11 18:30:00,0.5986
2026-07-11 18:45:00,0.6529
2026-07-11 19:00:00,0.7595
2026-07-11 19:15:00,1.1773
2026-07-11 19:30:00,1.4881
2026-07-11 19:45:00,1.2877
2026-07-11 20:00:00,1.3993
2026-07-11 20:15:00,0.7934
2026-07-11 20:30:00,0.6155
2026-07-11 20:45:00,0.8687
2026-07-11 21:00:00,1.1784
2026-07-11 21:15:00,0.5902
2026-07-11 21:30:00,0.2983
2026-07-11 21:45:00,0.2514
2026-07-11 22:00:00,0.2513
2026-07-11 22:15:00,0.2272
2026-07-11 22:30:00,0.1413
2026-07-11 22:45:00,0.128
2026-07-11 23:00:00,0.1135
2026-07-11 23:15:00,0.0949
2026-07-11 23:30:00,0.1587
2026-07-11 23:45:00,0.1456
2026-07-12 00:00:00,0.0768
2026-07-12 00:15:00,0.0835
2026-07-12 00:30:00,0.1232
2026-07-12 00:45:00,0.1313
2026-07-12 01:00:00,0.1223
2026-07-12 01:15:00,0.0876
2026-07-12 01:30:00,0.0867
2026-07-12 01:45:00,0.0954
2026-07-12 02:00:00,0.1364
2026-07-12 02:15:00,0.1292
2026-07-12 02:30:00,0.1362
2026-07-12 02:45:00,0.0767
2026-07-12 03:00:00,0.0792
2026-07-12 03:15:00,0.0865
2026-07-12 03:30:00,0.1194
2026-07-12 03:45:00,0.1314
2026-07-12 04:00:00,0.1259
2026-07-12 04:15:00,0.0853
2026-07-12 04:30:00,0.0791
2026-07-12 04:45:00,0.0887
2026-07-12 05:00:00,0.1363
2026-07-12 05:15:00,0.1513
2026-07-12 05:30:00,0.159
2026-07-12 05:45:00,0.1377
2026-07-12 06:00:00,0.1927
2026-07-12 06:15:00,0.2665
2026-07-12 06:30:00,0.4315
2026-07-12 06:45:00,0.5587
2026-07-12 07:00:00,0.693
2026-07-12 07:15:00,0.7227
2026-07-12 07:30:00,0.7654
2026-07-12 07:45:00,0.7399
2026-07-12 08:00:00,0.7101
2026-07-12 08:15:00,0.5941
2026-07-12 08:30:00,0.4665
2026-07-12 08:45:00,0.3154
2026-07-12 09:00:00,0.2228
2026-07-12 09:15:00,0.1784
2026-07-12 09:30:00,0.1943
2026-07-12 09:45:00,0.1801
2026-07-12 10:00:00,0.1785
2026-07-12 10:15:00,0.1536
2026-07-12 10:30:00,0.1458
2026-07-12 10:45:00,0.1651
2026-07-12 11:00:00,0.2212
2026-07-12 11:15:00,0.2522
2026-07-12 11:30:00,0.265
2026-07-12 11:45:00,0.2281
2026-07-12 12:00:00,0.2544
2026-07-12 12:15:00,0.2727
2026-07-12 12:30:00,0.3348
2026-07-12 12:45:00,0.3605
2026-07-12 13:00:00,0.3755
2026-07-12 13:15:00,0.3426
2026-07-12 13:30:00,0.3537
2026-07-12 13:45:00,0.3661
2026-07-12 14:00:00,0.4186
2026-07-12 14:15:00,0.4211
2026-07-12 14:30:00,0.4177
2026-07-12 14:45:00,0.3819
2026-07-12 15:00:00,0.3628
2026-07-12 15:15:00,0.3668
2026-07-12 15:30:00,0.4061
2026-07-12 15:45:00,0.4168
2026-07-12 16:00:00,0.405
2026-07-12 16:15:00,0.368
2026-07-12 16:30:00,0.383
2026-07-12 16:45:00,0.4147
2026-07-12 17:00:00,0.4846
2026-07-12 17:15:00,0.5291
2026-07-12 17:30:00,0.5639
2026-07-12 17:45:00,0.576
2026-07-12 18:00:00,0.615
2026-07-12 18:15:00,0.6456
2026-07-12 18:30:00,0.7327
2026-07-12 18:45:00,0.7642
2026-07-12 19:00:00,1.1341
2026-07-12 19:15:00,1.3223
2026-07-12 19:30:00,0.7948
2026-07-12 19:45:00,0.591
2026-07-12 20:00:00,0.6879
2026-07-12 20:15:00,0.8933
2026-07-12 20:30:00,0.6166
2026-07-12 20:45:00,0.3388
2026-07-12 21:00:00,0.2735
2026-07-12 21:15:00,0.2346
2026-07-12 21:30:00,0.2316
2026-07-12 21:45:00,0.2058
2026-07-12 22:00:00,0.1874
2026-07-12 22:15:00,0.1226
2026-07-12 22:30:00,0.1052
2026-07-12 22:45:00,0.0964
2026-07-12 23:00:00,0.1299
2026-07-12 23:15:00,0.1304
2026-07-12 23:30:00,0.1361
2026-07-12 23:45:00,0.0853
2026-07-13 00:00:00,0.1012
2026-07-13 00:15:00,0.1477
2026-07-13 00:30:00,0.1557
2026-07-13 00:45:00,0.0915
2026-07-13 01:00:00,0.1034
2026-07-13 01:15:00,0.1058
2026-07-13 01:30:00,0.1006
2026-07-13 01:45:00,0.1415
2026-07-13 02:00:00,0.1473
2026-07-13 02:15:00,0.1025
2026-07-13 02:30:00,0.0989
2026-07-13 02:45:00,0.0811
2026-07-13 03:00:00,0.107
2026-07-13 03:15:00,0.1546
2026-07-13 03:30:00,0.1484
2026-07-13 03:45:00,0.1057
2026-07-13 04:00:00,0.0953
2026-07-13 04:15:00,0.0971
2026-07-13 04:30:00,0.1086
2026-07-13 04:45:00,0.1834
2026-07-13 05:00:00,0.2036
2026-07-13 05:15:00,0.1789
2026-07-13 05:30:00,0.2414
2026-07-13 05:45:00,0.3313
2026-07-13 06:00:00,0.4263
2026-07-13 06:15:00,0.6078
2026-07-13 06:30:00,0.6955
2026-07-13 06:45:00,0.7034
2026-07-13 07:00:00,0.6996
2026-07-13 07:15:00,0.6481
2026-07-13 07:30:00,0.5485
2026-07-13 07:45:00,0.4682
2026-07-13 08:00:00,0.3813
2026-07-13 08:15:00,0.2419
2026-07-13 08:30:00,0.179
2026-07-13 08:45:00,0.1371
2026-07-13 09:00:00,0.1275
2026-07-13 09:15:00,0.1632
2026-07-13 09:30:00,0.1594
2026-07-13 09:45:00,0.1066
2026-07-13 10:00:00,0.1015
2026-07-13 10:15:00,0.093
2026-07-13 10:30:00,0.0828
2026-07-13 10:45:00,0.1506
2026-07-13 11:00:00,0.1587
2026-07-13 11:15:00,0.0965
2026-07-13 11:30:00,0.1041
2026-07-13 11:45:00,0.0998
2026-07-13 12:00:00,0.1073
2026-07-13 12:15:00,0.1518
2026-07-13 12:30:00,0.1568
2026-07-13 12:45:00,0.1022
2026-07-13 13:00:00,0.1088
2026-07-13 13:15:00,0.0878
2026-07-13 13:30:00,0.0962
2026-07-13 13:45:00,0.1602
2026-07-13 14:00:00,0.1656
2026-07-13 14:15:00,0.1035
2026-07-13 14:30:00,0.1023
2026-07-13 14:45:00,0.1132
2026-07-13 15:00:00,0.1203
2026-07-13 15:15:00,0.1769
2026-07-13 15:30:00,0.196
2026-07-13 15:45:00,0.1677
2026-07-13 16:00:00,0.2012
2026-07-13 16:15:00,0.2321
2026-07-13 16:30:00,0.2765
2026-07-13 16:45:00,0.3908
2026-07-13 17:00:00,0.4652
2026-07-13 17:15:00,0.4847
2026-07-13 17:30:00,0.5704
2026-07-13 17:45:00,0.646
2026-07-13 18:00:00,0.7398
2026-07-13 18:15:00,0.8453
2026-07-13 18:30:00,0.8995
2026-07-13 18:45:00,0.8759
2026-07-13 19:00:00,0.8926
2026-07-13 19:15:00,0.9044
2026-07-13 19:30:00,1.4073
2026-07-13 19:45:00,2.1524
2026-07-13 20:00:00,1.5386
2026-07-13 20:15:00,0.6911
2026-07-13 20:30:00,0.5057
2026-07-13 20:45:00,0.4467
2026-07-13 21:00:00,0.3595
2026-07-13 21:15:00,0.34
2026-07-13 21:30:00,0.2948
2026-07-13 21:45:00,0.1993
2026-07-13 22:00:00,0.1729
2026-07-13 22:15:00,0.1564
2026-07-13 22:30:00,0.1306
2026-07-13 22:45:00,0.1684
2026-07-13 23:00:00,0.1699
2026-07-13 23:15:00,0.1006
2026-07-13 23:30:00,0.0956
2026-07-13 23:45:00,0.0892
2026-07-14 00:00:00,0.15
2026-07-14 00:15:00,0.1444
2026-07-14 00:30:00,0.1443
2026-07-14 00:45:00,0.0877
2026-07-14 01:00:00,0.0926
2026-07-14 01:15:00,0.0882
2026-07-14 01:30:00,0.1456
2026-07-14 01:45:00,0.1431
2026-07-14 02:00:00,0.1387
2026-07-14 02:15:00,0.0991
2026-07-14 02:30:00,0.0956
2026-07-14 02:45:00,0.0901
2026-07-14 03:00:00,0.1454
2026-07-14 03:15:00,0.144
2026-07-14 03:30:00,0.1392
2026-07-14 03:45:00,0.0934
2026-07-14 04:00:00,0.0891
2026-07-14 04:15:00,0.0871
2026-07-14 04:30:00,0.1346
2026-07-14 04:45:00,0.1428
2026-07-14 05:00:00,0.1497
2026-07-14 05:15:00,0.0933
2026-07-14 05:30:00,0.1209
2026-07-14 05:45:00,0.1275
2026-07-14 06:00:00,0.2149
2026-07-14 06:15:00,0.2706
2026-07-14 06:30:00,0.3694
2026-07-14 06:45:00,0.4291
2026-07-14 07:00:00,0.5714
2026-07-14 07:15:00,0.74
2026-07-14 07:30:00,0.9228
2026-07-14 07:45:00,0.9833
2026-07-14 08:00:00,0.968
2026-07-14 08:15:00,0.8321
2026-07-14 08:30:00,0.685
2026-07-14 08:45:00,0.5294
2026-07-14 09:00:00,0.4251
2026-07-14 09:15:00,0.3101
2026-07-14 09:30:00,0.2486
2026-07-14 09:45:00,0.1401
2026-07-14 10:00:00,0.11
2026-07-14 10:15:00,0.0976
2026-07-14 10:30:00,0.1437
2026-07-14 10:45:00,0.1412
2026-07-14 11:00:00,0.1369
2026-07-14 11:15:00,0.0837
2026-07-14 11:30:00,0.0917
2026-07-14 11:45:00,0.0893
2026-07-14 12:00:00,0.1514
2026-07-14 12:15:00,0.1464
2026-07-14 12:30:00,0.1462
2026-07-14 12:45:00,0.0883
2026-07-14 13:00:00,0.0922
2026-07-14 13:15:00,0.0952
2026-07-14 13:30:00,0.1491
2026-07-14 13:45:00,0.1442
2026-07-14 14:00:00,0.1516
2026-07-14 14:15:00,0.0938
2026-07-14 14:30:00,0.0993
2026-07-14 14:45:00,0.0926
2026-07-14 15:00:00,0.1382
2026-07-14 15:15:00,0.1546
2026-07-14 15:30:00,0.163
2026-07-14 15:45:00,0.119
2026-07-14 16:00:00,0.1307
2026-07-14 16:15:00,0.1439
2026-07-14 16:30:00,0.2174
2026-07-14 16:45:00,0.2583
2026-07-14 17:00:00,0.2988
2026-07-14 17:15:00,0.2912
2026-07-14 17:30:00,0.3598
2026-07-14 17:45:00,0.4121
2026-07-14 18:00:00,0.5335
2026-07-14 18:15:00,0.6149
2026-07-14 18:30:00,0.7073
2026-07-14 18:45:00,1.1025
2026-07-14 19:00:00,1.4875
2026-07-14 19:15:00,0.9396
2026-07-14 19:30:00,1.0488
2026-07-14 19:45:00,1.6125
2026-07-14 20:00:00,1.0955
2026-07-14 20:15:00,0.6321
2026-07-14 20:30:00,0.5491
2026-07-14 20:45:00,0.4868
2026-07-14 21:00:00,0.4617
2026-07-14 21:15:00,0.3929
2026-07-14 21:30:00,0.3438
2026-07-14 21:45:00,0.2388
2026-07-14 22:00:00,0.1993
2026-07-14 22:15:00,0.1666
2026-07-14 22:30:00,0.2099
2026-07-14 22:45:00,0.1646
2026-07-14 23:00:00,0.1638
2026-07-14 23:15:00,0.1063
2026-07-14 23:30:00,0.0961
2026-07-14 23:45:00,0.1032
2026-07-15 00:00:00,0.1328
2026-07-15 00:15:00,0.1286
2026-07-15 00:30:00,0.1442
2026-07-15 00:45:00,0.0909
2026-07-15 01:00:00,0.0924
2026-07-15 01:15:00,0.0809
2026-07-15 01:30:00,0.1497
2026-07-15 01:45:00,0.1354
2026-07-15 02:00:00,0.14
2026-07-15 02:15:00,0.0945
2026-07-15 02:30:00,0.0835
2026-07-15 02:45:00,0.0861
2026-07-15 03:00:00,0.1401
2026-07-15 03:15:00,0.156
2026-07-15 03:30:00,0.1408
2026-07-15 03:45:00,0.099
2026-07-15 04:00:00,0.0966
2026-07-15 04:15:00,0.0918
2026-07-15 04:30:00,0.1338
2026-07-15 04:45:00,0.1473
2026-07-15 05:00:00,0.1356
2026-07-15 05:15:00,0.1128
2026-07-15 05:30:00,0.1221
2026-07-15 05:45:00,0.1388
2026-07-15 06:00:00,0.2591
2026-07-15 06:15:00,0.3505
2026-07-15 06:30:00,0.4576
2026-07-15 06:45:00,0.541
2026-07-15 07:00:00,0.6515
2026-07-15 07:15:00,0.7338
2026-07-15 07:30:00,0.8189
2026-07-15 07:45:00,0.7827
2026-07-15 08:00:00,0.689
2026-07-15 08:15:00,0.5263
2026-07-15 08:30:00,0.3875
2026-07-15 08:45:00,0.2853
2026-07-15 09:00:00,0.2521
2026-07-15 09:15:00,0.1891
2026-07-15 09:30:00,0.1595
2026-07-15 09:45:00,0.1017
2026-07-15 10:00:00,0.106
2026-07-15 10:15:00,0.0945
2026-07-15 10:30:00,0.1293
2026-07-15 10:45:00,0.1207
2026-07-15 11:00:00,0.1434
2026-07-15 11:15:00,0.0888
2026-07-15 11:30:00,0.0962
2026-07-15 11:45:00,0.0841
2026-07-15 12:00:00,0.1411
2026-07-15 12:15:00,0.1441
2026-07-15 12:30:00,0.1364
2026-07-15 12:45:00,0.0868
2026-07-15 13:00:00,0.0895
2026-07-15 13:15:00,0.0926
2026-07-15 13:30:00,0.1389
2026-07-15 13:45:00,0.1449
2026-07-15 14:00:00,0.1363
2026-07-15 14:15:00,0.0816
2026-07-15 14:30:00,0.1014
2026-07-15 14:45:00,0.0863
2026-07-15 15:00:00,0.1366
2026-07-15 15:15:00,0.1404
2026-07-15 15:30:00,0.1427
2026-07-15 15:45:00,0.0927
2026-07-15 16:00:00,0.0988
2026-07-15 16:15:00,0.1046
2026-07-15 16:30:00,0.1644
2026-07-15 16:45:00,0.1622
2026-07-15 17:00:00,0.2054
2026-07-15 17:15:00,0.1676
2026-07-15 17:30:00,0.2027
2026-07-15 17:45:00,0.229
2026-07-15 18:00:00,0.3289
2026-07-15 18:15:00,0.3782
2026-07-15 18:30:00,0.4478
2026-07-15 18:45:00,0.5509
2026-07-15 19:00:00,1.1878
2026-07-15 19:15:00,1.1473
2026-07-15 19:30:00,0.7058
2026-07-15 19:45:00,0.8315
2026-07-15 20:00:00,1.4869
2026-07-15 20:15:00,1.2869
2026-07-15 20:30:00,0.6762
2026-07-15 20:45:00,0.5141
2026-07-15 21:00:00,0.5169
2026-07-15 21:15:00,0.4651
2026-07-15 21:30:00,0.4054
2026-07-15 21:45:00,0.3079
2026-07-15 22:00:00,0.2518
2026-07-15 22:15:00,0.2155
2026-07-15 22:30:00,0.2432
2026-07-15 22:45:00,0.2104
2026-07-15 23:00:00,0.1877
2026-07-15 23:15:00,0.1151
2026-07-15 23:30:00,0.1007
2026-07-15 23:45:00,0.0954
2026-07-16 00:00:00,0.1479
2026-07-16 00:15:00,0.1487
2026-07-16 00:30:00,0.0963
2026-07-16 00:45:00,0.0874
2026-07-16 01:00:00,0.1017
2026-07-16 01:15:00,0.1021
2026-07-16 01:30:00,0.1554
2026-07-16 01:45:00,0.1465
2026-07-16 02:00:00,0.0984
2026-07-16 02:15:00,0.0919
2026-07-16 02:30:00,0.0956
2026-07-16 02:45:00,0.1118
2026-07-16 03:00:00,0.1528
2026-07-16 03:15:00,0.1444
2026-07-16 03:30:00,0.0991
2026-07-16 03:45:00,0.0895
2026-07-16 04:00:00,0.0916
2026-07-16 04:15:00,0.0956
2026-07-16 04:30:00,0.161
2026-07-16 04:45:00,0.1856
2026-07-16 05:00:00,0.1589
2026-07-16 05:15:00,0.2102
2026-07-16 05:30:00,0.2787
2026-07-16 05:45:00,0.3885
2026-07-16 06:00:00,0.5715
2026-07-16 06:15:00,0.6856
2026-07-16 06:30:00,0.7235
2026-07-16 06:45:00,0.7651
2026-07-16 07:00:00,0.7335
2026-07-16 07:15:00,0.6549
2026-07-16 07:30:00,0.6014
2026-07-16 07:45:00,0.4654
2026-07-16 08:00:00,0.3098
2026-07-16 08:15:00,0.2218
2026-07-16 08:30:00,0.1526
2026-07-16 08:45:00,0.1218
2026-07-16 09:00:00,0.1604
2026-07-16 09:15:00,0.152
2026-07-16 09:30:00,0.0992
2026-07-16 09:45:00,0.1025
2026-07-16 10:00:00,0.1062
2026-07-16 10:15:00,0.0999
2026-07-16 10:30:00,0.1492
2026-07-16 10:45:00,0.1386
2026-07-16 11:00:00,0.0983
2026-07-16 11:15:00,0.098
2026-07-16 11:30:00,0.099
2026-07-16 11:45:00,0.1115
2026-07-16 12:00:00,0.1602
2026-07-16 12:15:00,0.1572
2026-07-16 12:30:00,0.0915
2026-07-16 12:45:00,0.0945
2026-07-16 13:00:00,0.0972
2026-07-16 13:15:00,0.0927
2026-07-16 13:30:00,0.1554
2026-07-16 13:45:00,0.1545
2026-07-16 14:00:00,0.0907
2026-07-16 14:15:00,0.1056
2026-07-16 14:30:00,0.0985
2026-07-16 14:45:00,0.0866
2026-07-16 15:00:00,0.152
2026-07-16 15:15:00,0.1545
2026-07-16 15:30:00,0.1051
2026-07-16 15:45:00,0.0974
2026-07-16 16:00:00,0.1064
2026-07-16 16:15:00,0.1047
2026-07-16 16:30:00,0.1532
2026-07-16 16:45:00,0.1587
2026-07-16 17:00:00,0.1303
2026-07-16 17:15:00,0.1445
2026-07-16 17:30:00,0.1581
2026-07-16 17:45:00,0.192
2026-07-16 18:00:00,0.2798
2026-07-16 18:15:00,0.4185
2026-07-16 18:30:00,0.9255
2026-07-16 18:45:00,0.9612
2026-07-16 19:00:00,0.9032
2026-07-16 19:15:00,1.5496
2026-07-16 19:30:00,1.3183
2026-07-16 19:45:00,0.8105
2026-07-16 20:00:00,0.6578
2026-07-16 20:15:00,0.6984
2026-07-16 20:30:00,0.6997
2026-07-16 20:45:00,0.7012
2026-07-16 21:00:00,0.724
2026-07-16 21:15:00,0.6838
2026-07-16 21:30:00,0.5719
2026-07-16 21:45:00,0.5135
2026-07-16 22:00:00,0.4613
2026-07-16 22:15:00,0.3934
2026-07-16 22:30:00,0.381
2026-07-16 22:45:00,0.3255
2026-07-16 23:00:00,0.232
2026-07-16 23:15:00,0.1976
2026-07-16 23:30:00,0.1567
2026-07-16 23:45:00,0.1407
2026-07-17 00:00:00,0.1457
2026-07-17 00:15:00,0.0906
2026-07-17 00:30:00,0.0863
2026-07-17 00:45:00,0.0911
2026-07-17 01:00:00,0.147
2026-07-17 01:15:00,0.1438
2026-07-17 01:30:00,0.1361
2026-07-17 01:45:00,0.0993
2026-07-17 02:00:00,0.0761
2026-07-17 02:15:00,0.0904
2026-07-17 02:30:00,0.141
2026-07-17 02:45:00,0.1458
2026-07-17 03:00:00,0.1484
2026-07-17 03:15:00,0.1001
2026-07-17 03:30:00,0.0887
2026-07-17 03:45:00,0.0968
2026-07-17 04:00:00,0.1461
2026-07-17 04:15:00,0.1343
2026-07-17 04:30:00,0.1569
2026-07-17 04:45:00,0.0848
2026-07-17 05:00:00,0.0977
2026-07-17 05:15:00,0.1011
2026-07-17 05:30:00,0.161
2026-07-17 05:45:00,0.1757
2026-07-17 06:00:00,0.2225
2026-07-17 06:15:00,0.224
2026-07-17 06:30:00,0.3399
2026-07-17 06:45:00,0.484
2026-07-17 07:00:00,0.7113
2026-07-17 07:15:00,0.8963
2026-07-17 07:30:00,1.0427
2026-07-17 07:45:00,1.053
2026-07-17 08:00:00,1.0398
2026-07-17 08:15:00,0.9297
2026-07-17 08:30:00,0.8128
2026-07-17 08:45:00,0.6352
2026-07-17 09:00:00,0.4689
2026-07-17 09:15:00,0.2846
2026-07-17 09:30:00,0.2025
2026-07-17 09:45:00,0.1473
2026-07-17 10:00:00,0.1587
2026-07-17 10:15:00,0.1442
2026-07-17 10:30:00,0.1511
2026-07-17 10:45:00,0.0893
2026-07-17 11:00:00,0.0954
2026-07-17 11:15:00,0.0981
2026-07-17 11:30:00,0.137
2026-07-17 11:45:00,0.1361
2026-07-17 12:00:00,0.1553
2026-07-17 12:15:00,0.0953
2026-07-17 12:30:00,0.0905
2026-07-17 12:45:00,0.0874
2026-07-17 13:00:00,0.1418
2026-07-17 13:15:00,0.1376
2026-07-17 13:30:00,0.1505
2026-07-17 13:45:00,0.0885
2026-07-17 14:00:00,0.1004
2026-07-17 14:15:00,0.0915
2026-07-17 14:30:00,0.1401
2026-07-17 14:45:00,0.1453
2026-07-17 15:00:00,0.134
2026-07-17 15:15:00,0.1017
2026-07-17 15:30:00,0.1076
2026-07-17 15:45:00,0.1233
2026-07-17 16:00:00,0.1724
2026-07-17 16:15:00,0.2116
2026-07-17 16:30:00,0.2374
2026-07-17 16:45:00,0.2253
2026-07-17 17:00:00,0.2643
2026-07-17 17:15:00,0.3284
2026-07-17 17:30:00,0.4318
2026-07-17 17:45:00,0.5202
2026-07-17 18:00:00,0.5901
2026-07-17 18:15:00,0.6117
2026-07-17 18:30:00,0.6882
2026-07-17 18:45:00,0.757
2026-07-17 19:00:00,0.8487
2026-07-17 19:15:00,0.8807
2026-07-17 19:30:00,0.8831
2026-07-17 19:45:00,1.064
2026-07-17 20:00:00,1.549
2026-07-17 20:15:00,1.3545
2026-07-17 20:30:00,1.0833
2026-07-17 20:45:00,0.6667
2026-07-17 21:00:00,0.5334
2026-07-17 21:15:00,0.401
2026-07-17 21:30:00,0.331
2026-07-17 21:45:00,0.2782
2026-07-17 22:00:00,0.2702
2026-07-17 22:15:00,0.2367
2026-07-17 22:30:00,0.2074
2026-07-17 22:45:00,0.1329
2026-07-17 23:00:00,0.1173
2026-07-17 23:15:00,0.1101
2026-07-17 23:30:00,0.155
2026-07-17 23:45:00,0.1442
2026-07-18 00:00:00,0.0981
2026-07-18 00:15:00,0.0854
2026-07-18 00:30:00,0.1426
2026-07-18 00:45:00,0.1356
2026-07-18 01:00:00,0.0894
2026-07-18 01:15:00,0.0874
2026-07-18 01:30:00,0.092
2026-07-18 01:45:00,0.0831
2026-07-18 02:00:00,0.1297
2026-07-18 02:15:00,0.1317
2026-07-18 02:30:00,0.0876
2026-07-18 02:45:00,0.0858
2026-07-18 03:00:00,0.0912
2026-07-18 03:15:00,0.0947
2026-07-18 03:30:00,0.1299
2026-07-18 03:45:00,0.1314
2026-07-18 04:00:00,0.0791
2026-07-18 04:15:00,0.0994
2026-07-18 04:30:00,0.0897
2026-07-18 04:45:00,0.0914
2026-07-18 05:00:00,0.1306
2026-07-18 05:15:00,0.1416
2026-07-18 05:30:00,0.1035
2026-07-18 05:45:00,0.1146
2026-07-18 06:00:00,0.1532
2026-07-18 06:15:00,0.216
2026-07-18 06:30:00,0.3355
2026-07-18 06:45:00,0.4644
2026-07-18 07:00:00,0.5799
2026-07-18 07:15:00,0.7708
2026-07-18 07:30:00,0.9249
2026-07-18 07:45:00,1.0209
2026-07-18 08:00:00,1.0942
2026-07-18 08:15:00,1.0313
2026-07-18 08:30:00,0.8731
2026-07-18 08:45:00,0.7184
2026-07-18 09:00:00,0.5787
2026-07-18 09:15:00,0.4742
2026-07-18 09:30:00,0.4482
2026-07-18 09:45:00,0.4151
2026-07-18 10:00:00,0.3627
2026-07-18 10:15:00,0.379
2026-07-18 10:30:00,0.4044
2026-07-18 10:45:00,0.4219
2026-07-18 11:00:00,0.4948
2026-07-18 11:15:00,0.51
2026-07-18 11:30:00,0.4761
2026-07-18 11:45:00,0.4971
2026-07-18 12:00:00,0.5024
2026-07-18 12:15:00,0.4961
2026-07-18 12:30:00,0.5483
2026-07-18 12:45:00,0.5419
2026-07-18 13:00:00,0.4784
2026-07-18 13:15:00,0.4727
2026-07-18 13:30:00,0.4458
2026-07-18 13:45:00,0.4267
2026-07-18 14:00:00,0.4422
2026-07-18 14:15:00,0.4132
2026-07-18 14:30:00,0.3305
2026-07-18 14:45:00,0.3079
2026-07-18 15:00:00,0.281
2026-07-18 15:15:00,0.2481
2026-07-18 15:30:00,0.2793
2026-07-18 15:45:00,0.2624
2026-07-18 16:00:00,0.205
2026-07-18 16:15:00,0.1981
2026-07-18 16:30:00,0.1922
2026-07-18 16:45:00,0.2074
2026-07-18 17:00:00,0.2714
2026-07-18 17:15:00,0.2869
2026-07-18 17:30:00,0.296
2026-07-18 17:45:00,0.3651
2026-07-18 18:00:00,0.5419
2026-07-18 18:15:00,1.1026
2026-07-18 18:30:00,1.1244
2026-07-18 18:45:00,1.1906
2026-07-18 19:00:00,1.0896
2026-07-18 19:15:00,0.8303
2026-07-18 19:30:00,0.861
2026-07-18 19:45:00,1.0956
2026-07-18 20:00:00,1.754
2026-07-18 20:15:00,1.3381
2026-07-18 20:30:00,0.8273
2026-07-18 20:45:00,0.7195
2026-07-18 21:00:00,0.6433
2026-07-18 21:15:00,0.5666
2026-07-18 21:30:00,0.5249
2026-07-18 21:45:00,0.4371
2026-07-18 22:00:00,0.3296
2026-07-18 22:15:00,0.2605
2026-07-18 22:30:00,0.2285
2026-07-18 22:45:00,0.181
2026-07-18 23:00:00,0.1934
2026-07-18 23:15:00,0.1731
2026-07-18 23:30:00,0.1027
2026-07-18 23:45:00,0.0972
2026-07-19 00:00:00,0.0979
2026-07-19 00:15:00,0.1725
2026-07-19 00:30:00,0.1458
2026-07-19 00:45:00,0.0998
2026-07-19 01:00:00,0.1023
2026-07-19 01:15:00,0.0983
2026-07-19 01:30:00,0.099
2026-07-19 01:45:00,0.146
2026-07-19 02:00:00,0.1536
2026-07-19 02:15:00,0.1016
2026-07-19 02:30:00,0.1004
2026-07-19 02:45:00,0.102
2026-07-19 03:00:00,0.1075
2026-07-19 03:15:00,0.159
2026-07-19 03:30:00,0.1534
2026-07-19 03:45:00,0.0906
2026-07-19 04:00:00,0.0945
2026-07-19 04:15:00,0.0974
2026-07-19 04:30:00,0.1018
2026-07-19 04:45:00,0.1551
2026-07-19 05:00:00,0.1606
2026-07-19 05:15:00,0.1233
2026-07-19 05:30:00,0.1577
2026-07-19 05:45:00,0.2331
2026-07-19 06:00:00,0.3287
2026-07-19 06:15:00,0.5298
2026-07-19 06:30:00,0.7059
2026-07-19 06:45:00,0.8195
2026-07-19 07:00:00,0.9708
2026-07-19 07:15:00,1.0435
2026-07-19 07:30:00,1.0165
2026-07-19 07:45:00,0.9698
2026-07-19 08:00:00,0.8177
2026-07-19 08:15:00,0.5776
2026-07-19 08:30:00,0.4148
2026-07-19 08:45:00,0.3006
2026-07-19 09:00:00,0.2117
2026-07-19 09:15:00,0.2124
2026-07-19 09:30:00,0.1871
2026-07-19 09:45:00,0.1015
2026-07-19 10:00:00,0.1197
2026-07-19 10:15:00,0.1141
2026-07-19 10:30:00,0.1212
2026-07-19 10:45:00,0.1763
2026-07-19 11:00:00,0.18
2026-07-19 11:15:00,0.1306
2026-07-19 11:30:00,0.1435
2026-07-19 11:45:00,0.1492
2026-07-19 12:00:00,0.1688
2026-07-19 12:15:00,0.2207
2026-07-19 12:30:00,0.2426
2026-07-19 12:45:00,0.2214
2026-07-19 13:00:00,0.2217
2026-07-19 13:15:00,0.243
2026-07-19 13:30:00,0.2583
2026-07-19 13:45:00,0.3408
2026-07-19 14:00:00,0.3537
2026-07-19 14:15:00,0.3224
2026-07-19 14:30:00,0.3484
2026-07-19 14:45:00,0.3572
2026-07-19 15:00:00,0.3857
2026-07-19 15:15:00,0.4598
2026-07-19 15:30:00,0.4818
2026-07-19 15:45:00,0.4441
2026-07-19 16:00:00,0.4908
2026-07-19 16:15:00,0.5075
2026-07-19 16:30:00,0.5391
2026-07-19 16:45:00,0.6276
2026-07-19 17:00:00,0.679
2026-07-19 17:15:00,0.6834
2026-07-19 17:30:00,0.734
2026-07-19 17:45:00,0.7773
2026-07-19 18:00:00,0.8104
2026-07-19 18:15:00,0.9368
2026-07-19 18:30:00,1.4553
2026-07-19 18:45:00,1.5571
2026-07-19 19:00:00,0.9319
2026-07-19 19:15:00,0.7617
2026-07-19 19:30:00,0.7008
2026-07-19 19:45:00,0.6888
2026-07-19 20:00:00,0.6118
2026-07-19 20:15:00,0.5064
2026-07-19 20:30:00,0.7849
2026-07-19 20:45:00,1.4206
2026-07-19 21:00:00,0.8803
2026-07-19 21:15:00,0.3408
2026-07-19 21:30:00,0.2564
2026-07-19 21:45:00,0.1613
2026-07-19 22:00:00,0.1499
2026-07-19 22:15:00,0.1357
2026-07-19 22:30:00,0.1135
2026-07-19 22:45:00,0.1687
2026-07-19 23:00:00,0.1558
2026-07-19 23:15:00,0.0905
2026-07-19 23:30:00,0.1016
2026-07-19 23:45:00,0.0966
2026-07-20 00:00:00,0.1486
2026-07-20 00:15:00,0.1352
2026-07-20 00:30:00,0.0949
2026-07-20 00:45:00,0.0822
2026-07-20 01:00:00,0.0863
2026-07-20 01:15:00,0.0901
2026-07-20 01:30:00,0.1369
2026-07-20 01:45:00,0.1302
2026-07-20 02:00:00,0.0818
2026-07-20 02:15:00,0.0922
2026-07-20 02:30:00,0.0934
2026-07-20 02:45:00,0.0952
2026-07-20 03:00:00,0.145
2026-07-20 03:15:00,0.1354
2026-07-20 03:30:00,0.0847
2026-07-20 03:45:00,0.0943
2026-07-20 04:00:00,0.0907
2026-07-20 04:15:00,0.0812
2026-07-20 04:30:00,0.1297
2026-07-20 04:45:00,0.1406
2026-07-20 05:00:00,0.0941
2026-07-20 05:15:00,0.1072
2026-07-20 05:30:00,0.1386
2026-07-20 05:45:00,0.1825
2026-07-20 06:00:00,0.308
2026-07-20 06:15:00,0.3954
2026-07-20 06:30:00,0.4927
2026-07-20 06:45:00,0.6369
2026-07-20 07:00:00,0.7466
2026-07-20 07:15:00,0.8255
2026-07-20 07:30:00,0.8777
2026-07-20 07:45:00,0.8179
2026-07-20 08:00:00,0.6618
2026-07-20 08:15:00,0.5234
2026-07-20 08:30:00,0.3715
2026-07-20 08:45:00,0.2686
2026-07-20 09:00:00,0.2382
2026-07-20 09:15:00,0.1878
2026-07-20 09:30:00,0.1123
2026-07-20 09:45:00,0.0981
2026-07-20 10:00:00,0.1
2026-07-20 10:15:00,0.0942
2026-07-20 10:30:00,0.1289
2026-07-20 10:45:00,0.1393
2026-07-20 11:00:00,0.0917
2026-07-20 11:15:00,0.0883
2026-07-20 11:30:00,0.093
2026-07-20 11:45:00,0.0876
2026-07-20 12:00:00,0.1357
2026-07-20 12:15:00,0.1353
2026-07-20 12:30:00,0.0749
2026-07-20 12:45:00,0.0861
2026-07-20 13:00:00,0.0828
2026-07-20 13:15:00,0.0799
2026-07-20 13:30:00,0.1433
2026-07-20 13:45:00,0.1384
2026-07-20 14:00:00,0.088
2026-07-20 14:15:00,0.0863
2026-07-20 14:30:00,0.0935
2026-07-20 14:45:00,0.1012
2026-07-20 15:00:00,0.1446
2026-07-20 15:15:00,0.1582
2026-07-20 15:30:00,0.128
2026-07-20 15:45:00,0.13
2026-07-20 16:00:00,0.1655
2026-07-20 16:15:00,0.1954
2026-07-20 16:30:00,0.2853
2026-07-20 16:45:00,0.3314
2026-07-20 17:00:00,0.3422
2026-07-20 17:15:00,0.4128
2026-07-20 17:30:00,0.4621
2026-07-20 17:45:00,0.5261
2026-07-20 18:00:00,0.6381
2026-07-20 18:15:00,0.667
2026-07-20 18:30:00,0.683
2026-07-20 18:45:00,1.0122
2026-07-20 19:00:00,1.503
2026-07-20 19:15:00,1.1818
2026-07-20 19:30:00,1.3652
2026-07-20 19:45:00,0.866
2026-07-20 20:00:00,0.4951
2026-07-20 20:15:00,0.4215
2026-07-20 20:30:00,0.3648
2026-07-20 20:45:00,0.3026
2026-07-20 21:00:00,0.2984
2026-07-20 21:15:00,0.2561
2026-07-20 21:30:00,0.1806
2026-07-20 21:45:00,0.1551
2026-07-20 22:00:00,0.1242
2026-07-20 22:15:00,0.1098
2026-07-20 22:30:00,0.1539
2026-07-20 22:45:00,0.1539
2026-07-20 23:00:00,0.0994
2026-07-20 23:15:00,0.0829
2026-07-20 23:30:00,0.087
2026-07-20 23:45:00,0.0822
2026-07-21 00:00:00,0.1374
2026-07-21 00:15:00,0.1039
2026-07-21 00:30:00,0.0958
2026-07-21 00:45:00,0.0925
2026-07-21 01:00:00,0.1509
2026-07-21 01:15:00,0.1491
2026-07-21 01:30:00,0.1479
2026-07-21 01:45:00,0.0982
2026-07-21 02:00:00,0.0948
2026-07-21 02:15:00,0.0981
2026-07-21 02:30:00,0.1508
2026-07-21 02:45:00,0.1471
2026-07-21 03:00:00,0.1447
2026-07-21 03:15:00,0.1035
2026-07-21 03:30:00,0.091
2026-07-21 03:45:00,0.0964
2026-07-21 04:00:00,0.1488
2026-07-21 04:15:00,0.1426
2026-07-21 04:30:00,0.1421
2026-07-21 04:45:00,0.0948
2026-07-21 05:00:00,0.0989
2026-07-21 05:15:00,0.104
2026-07-21 05:30:00,0.1837
2026-07-21 05:45:00,0.2298
2026-07-21 06:00:00,0.3004
2026-07-21 06:15:00,0.3344
2026-07-21 06:30:00,0.4256
2026-07-21 06:45:00,0.5614
2026-07-21 07:00:00,0.7024
2026-07-21 07:15:00,0.7621
2026-07-21 07:30:00,0.7552
2026-07-21 07:45:00,0.6417
2026-07-21 08:00:00,0.5419
2026-07-21 08:15:00,0.4263
2026-07-21 08:30:00,0.3781
2026-07-21 08:45:00,0.2823
2026-07-21 09:00:00,0.2283
2026-07-21 09:15:00,0.1376
2026-07-21 09:30:00,0.1153
2026-07-21 09:45:00,0.0898
2026-07-21 10:00:00,0.1558
2026-07-21 10:15:00,0.1442
2026-07-21 10:30:00,0.1509
2026-07-21 10:45:00,0.0879
2026-07-21 11:00:00,0.0865
2026-07-21 11:15:00,0.1063
2026-07-21 11:30:00,0.1401
2026-07-21 11:45:00,0.1533
2026-07-21 12:00:00,0.1469
2026-07-21 12:15:00,0.0913
2026-07-21 12:30:00,0.0937
2026-07-21 12:45:00,0.0859
2026-07-21 13:00:00,0.1462
2026-07-21 13:15:00,0.1396
2026-07-21 13:30:00,0.1442
2026-07-21 13:45:00,0.1008
2026-07-21 14:00:00,0.0976
2026-07-21 14:15:00,0.0885
2026-07-21 14:30:00,0.1582
2026-07-21 14:45:00,0.1576
2026-07-21 15:00:00,0.1617
2026-07-21 15:15:00,0.1291
2026-07-21 15:30:00,0.1403
2026-07-21 15:45:00,0.1581
2026-07-21 16:00:00,0.2619
2026-07-21 16:15:00,0.2932
2026-07-21 16:30:00,0.347
2026-07-21 16:45:00,0.3584
2026-07-21 17:00:00,0.4441
2026-07-21 17:15:00,0.5169
2026-07-21 17:30:00,0.6498
2026-07-21 17:45:00,0.7408
2026-07-21 18:00:00,0.8313
2026-07-21 18:15:00,0.8401
2026-07-21 18:30:00,0.8784
2026-07-21 18:45:00,0.9407
2026-07-21 19:00:00,1.2865
2026-07-21 19:15:00,1.4326
2026-07-21 19:30:00,0.9825
2026-07-21 19:45:00,0.7529
2026-07-21 20:00:00,0.7046
2026-07-21 20:15:00,1.0324
2026-07-21 20:30:00,1.2195
2026-07-21 20:45:00,0.5975
2026-07-21 21:00:00,0.3937
2026-07-21 21:15:00,0.2744
2026-07-21 21:30:00,0.2322
2026-07-21 21:45:00,0.1747
2026-07-21 22:00:00,0.2064
2026-07-21 22:15:00,0.1843
2026-07-21 22:30:00,0.1784
2026-07-21 22:45:00,0.1098
2026-07-21 23:00:00,0.1148
2026-07-21 23:15:00,0.1037
2026-07-21 23:30:00,0.1467
2026-07-21 23:45:00,0.1493
2026-07-22 00:00:00,0.0768
2026-07-22 00:15:00,0.0854
2026-07-22 00:30:00,0.0851
2026-07-22 00:45:00,0.1366
2026-07-22 01:00:00,0.1299
2026-07-22 01:15:00,0.0792
2026-07-22 01:30:00,0.0832
2026-07-22 01:45:00,0.0857
2026-07-22 02:00:00,0.0868
2026-07-22 02:15:00,0.1285
2026-07-22 02:30:00,0.1382
2026-07-22 02:45:00,0.082
2026-07-22 03:00:00,0.0806
2026-07-22 03:15:00,0.0824
2026-07-22 03:30:00,0.0916
2026-07-22 03:45:00,0.1323
2026-07-22 04:00:00,0.1291
2026-07-22 04:15:00,0.0908
2026-07-22 04:30:00,0.0979
2026-07-22 04:45:00,0.0872
2026-07-22 05:00:00,0.0941
2026-07-22 05:15:00,0.1433
2026-07-22 05:30:00,0.1407
2026-07-22 05:45:00,0.1111
2026-07-22 06:00:00,0.1311
2026-07-22 06:15:00,0.1841
2026-07-22 06:30:00,0.2526
2026-07-22 06:45:00,0.3954
2026-07-22 07:00:00,0.5011
2026-07-22 07:15:00,0.559
2026-07-22 07:30:00,0.6384
2026-07-22 07:45:00,0.662
2026-07-22 08:00:00,0.6243
2026-07-22 08:15:00,0.6031
2026-07-22 08:30:00,0.4958
2026-07-22 08:45:00,0.3507
2026-07-22 09:00:00,0.2583
2026-07-22 09:15:00,0.1862
2026-07-22 09:30:00,0.1336
2026-07-22 09:45:00,0.1597
2026-07-22 10:00:00,0.1414
2026-07-22 10:15:00,0.0834
2026-07-22 10:30:00,0.0913
2026-07-22 10:45:00,0.0907
2026-07-22 11:00:00,0.0911
2026-07-22 11:15:00,0.1296
2026-07-22 11:30:00,0.1398
2026-07-22 11:45:00,0.0827
2026-07-22 12:00:00,0.0892
2026-07-22 12:15:00,0.0826
2026-07-22 12:30:00,0.0843
2026-07-22 12:45:00,0.1193
2026-07-22 13:00:00,0.1314
2026-07-22 13:15:00,0.0862
2026-07-22 13:30:00,0.0835
2026-07-22 13:45:00,0.0961
2026-07-22 14:00:00,0.08
2026-07-22 14:15:00,0.1319
2026-07-22 14:30:00,0.1316
2026-07-22 14:45:00,0.0887
2026-07-22 15:00:00,0.1022
2026-07-22 15:15:00,0.1114
2026-07-22 15:30:00,0.109
2026-07-22 15:45:00,0.1707
2026-07-22 16:00:00,0.1881
2026-07-22 16:15:00,0.181
2026-07-22 16:30:00,0.2136
2026-07-22 16:45:00,0.2479
2026-07-22 17:00:00,0.2889
2026-07-22 17:15:00,0.3912
2026-07-22 17:30:00,0.4573
2026-07-22 17:45:00,0.4697
2026-07-22 18:00:00,0.5089
2026-07-22 18:15:00,0.565
2026-07-22 18:30:00,0.6105
2026-07-22 18:45:00,0.6779
2026-07-22 19:00:00,0.9099
2026-07-22 19:15:00,1.3221
2026-07-22 19:30:00,1.0533
2026-07-22 19:45:00,1.1957
2026-07-22 20:00:00,0.8374
2026-07-22 20:15:00,0.4979
2026-07-22 20:30:00,0.4117
2026-07-22 20:45:00,0.3224
2026-07-22 21:00:00,0.2577
2026-07-22 21:15:00,0.2258
2026-07-22 21:30:00,0.181
2026-07-22 21:45:00,0.2022
2026-07-22 22:00:00,0.1838
2026-07-22 22:15:00,0.1137
2026-07-22 22:30:00,0.1091
2026-07-22 22:45:00,0.0865
2026-07-22 23:00:00,0.0957
2026-07-22 23:15:00,0.1234
2026-07-22 23:30:00,0.1343
2026-07-22 23:45:00,0.0918
2026-07-23 00:00:00,0.096
2026-07-23 00:15:00,0.1556
2026-07-23 00:30:00,0.1537
2026-07-23 00:45:00,0.1487
2026-07-23 01:00:00,0.0852
2026-07-23 01:15:00,0.0987
2026-07-23 01:30:00,0.0916
2026-07-23 01:45:00,0.1484
2026-07-23 02:00:00,0.1553
2026-07-23 02:15:00,0.1615
2026-07-23 02:30:00,0.0976
2026-07-23 02:45:00,0.1015
2026-07-23 03:00:00,0.0884
2026-07-23 03:15:00,0.1538
2026-07-23 03:30:00,0.1518
2026-07-23 03:45:00,0.1602
2026-07-23 04:00:00,0.0943
2026-07-23 04:15:00,0.0963
2026-07-23 04:30:00,0.1048
2026-07-23 04:45:00,0.1519
2026-07-23 05:00:00,0.1458
2026-07-23 05:15:00,0.1714
2026-07-23 05:30:00,0.0979
2026-07-23 05:45:00,0.1154
2026-07-23 06:00:00,0.1413
2026-07-23 06:15:00,0.2396
2026-07-23 06:30:00,0.3125
2026-07-23 06:45:00,0.4271
2026-07-23 07:00:00,0.5245
2026-07-23 07:15:00,0.6927
2026-07-23 07:30:00,0.88
2026-07-23 07:45:00,1.0394
2026-07-23 08:00:00,1.0885
2026-07-23 08:15:00,1.0373
2026-07-23 08:30:00,0.8613
2026-07-23 08:45:00,0.6943
2026-07-23 09:00:00,0.5133
2026-07-23 09:15:00,0.4252
2026-07-23 09:30:00,0.3096
2026-07-23 09:45:00,0.2446
2026-07-23 10:00:00,0.1308
2026-07-23 10:15:00,0.1118
2026-07-23 10:30:00,0.099
2026-07-23 10:45:00,0.1641
2026-07-23 11:00:00,0.1474
2026-07-23 11:15:00,0.1561
2026-07-23 11:30:00,0.1042
2026-07-23 11:45:00,0.0969
2026-07-23 12:00:00,0.0889
2026-07-23 12:15:00,0.1433
2026-07-23 12:30:00,0.1579
2026-07-23 12:45:00,0.1441
2026-07-23 13:00:00,0.1006
2026-07-23 13:15:00,0.099
2026-07-23 13:30:00,0.1012
2026-07-23 13:45:00,0.157
2026-07-23 14:00:00,0.1492
2026-07-23 14:15:00,0.1514
2026-07-23 14:30:00,0.1121
2026-07-23 14:45:00,0.1098
2026-07-23 15:00:00,0.1059
2026-07-23 15:15:00,0.1972
2026-07-23 15:30:00,0.2073
2026-07-23 15:45:00,0.2463
2026-07-23 16:00:00,0.2368
2026-07-23 16:15:00,0.2772
2026-07-23 16:30:00,0.344
2026-07-23 16:45:00,0.4637
2026-07-23 17:00:00,0.5521
2026-07-23 17:15:00,0.6187
2026-07-23 17:30:00,0.6551
2026-07-23 17:45:00,0.7377
2026-07-23 18:00:00,0.7984
2026-07-23 18:15:00,0.9105
2026-07-23 18:30:00,0.9273
2026-07-23 18:45:00,0.9484
2026-07-23 19:00:00,0.9656
2026-07-23 19:15:00,1.4737
2026-07-23 19:30:00,1.4193
2026-07-23 19:45:00,0.8337
2026-07-23 20:00:00,0.6394
2026-07-23 20:15:00,0.5522
2026-07-23 20:30:00,0.4347
2026-07-23 20:45:00,0.4012
2026-07-23 21:00:00,0.7812
2026-07-23 21:15:00,1.0517
2026-07-23 21:30:00,0.4057
2026-07-23 21:45:00,0.2243
2026-07-23 22:00:00,0.1379
2026-07-23 22:15:00,0.1327
2026-07-23 22:30:00,0.1223
2026-07-23 22:45:00,0.1668
2026-07-23 23:00:00,0.1611
2026-07-23 23:15:00,0.146
2026-07-23 23:30:00,0.1037
2026-07-23 23:45:00,0.103
2026-07-24 00:00:00,0.0794
2026-07-24 00:15:00,0.0831
2026-07-24 00:30:00,0.0782
2026-07-24 00:45:00,0.1322
2026-07-24 01:00:00,0.1316
2026-07-24 01:15:00,0.128
2026-07-24 01:30:00,0.0901
2026-07-24 01:45:00,0.0848
2026-07-24 02:00:00,0.0912
2026-07-24 02:15:00,0.1314
2026-07-24 02:30:00,0.1324
2026-07-24 02:45:00,0.1293
2026-07-24 03:00:00,0.0851
2026-07-24 03:15:00,0.0892
2026-07-24 03:30:00,0.0828
2026-07-24 03:45:00,0.1355
2026-07-24 04:00:00,0.1279
2026-07-24 04:15:00,0.1369
2026-07-24 04:30:00,0.0821
2026-07-24 04:45:00,0.0907
2026-07-24 05:00:00,0.0878
2026-07-24 05:15:00,0.1474
2026-07-24 05:30:00,0.1419
2026-07-24 05:45:00,0.1609
2026-07-24 06:00:00,0.1588
2026-07-24 06:15:00,0.2239
2026-07-24 06:30:00,0.3302
2026-07-24 06:45:00,0.5316
2026-07-24 07:00:00,0.6937
2026-07-24 07:15:00,0.8519
2026-07-24 07:30:00,0.9258
2026-07-24 07:45:00,0.9739
2026-07-24 08:00:00,0.951
2026-07-24 08:15:00,0.874
2026-07-24 08:30:00,0.7138
2026-07-24 08:45:00,0.5587
2026-07-24 09:00:00,0.3579
2026-07-24 09:15:00,0.2581
2026-07-24 09:30:00,0.1684
2026-07-24 09:45:00,0.1791
2026-07-24 10:00:00,0.157
2026-07-24 10:15:00,0.1369
2026-07-24 10:30:00,0.0836
2026-07-24 10:45:00,0.0903
2026-07-24 11:00:00,0.0887
2026-07-24 11:15:00,0.1246
2026-07-24 11:30:00,0.1261
2026-07-24 11:45:00,0.1181
2026-07-24 12:00:00,0.0886
2026-07-24 12:15:00,0.0838
2026-07-24 12:30:00,0.0844
2026-07-24 12:45:00,0.1231
2026-07-24 13:00:00,0.1268
2026-07-24 13:15:00,0.1308
2026-07-24 13:30:00,0.0832
2026-07-24 13:45:00,0.0892
2026-07-24 14:00:00,0.0945
2026-07-24 14:15:00,0.1557
2026-07-24 14:30:00,0.1497
2026-07-24 14:45:00,0.1668
2026-07-24 15:00:00,0.1243
2026-07-24 15:15:00,0.1423
2026-07-24 15:30:00,0.1812
2026-07-24 15:45:00,0.2631
2026-07-24 16:00:00,0.3254
2026-07-24 16:15:00,0.3859
2026-07-24 16:30:00,0.4081
2026-07-24 16:45:00,0.5141
2026-07-24 17:00:00,0.5914
2026-07-24 17:15:00,0.7227
2026-07-24 17:30:00,0.8211
2026-07-24 17:45:00,0.8833
2026-07-24 18:00:00,0.899
2026-07-24 18:15:00,0.9202
2026-07-24 18:30:00,1.0091
2026-07-24 18:45:00,1.4252
2026-07-24 19:00:00,1.3543
2026-07-24 19:15:00,1.393
2026-07-24 19:30:00,1.1989
2026-07-24 19:45:00,0.6876
2026-07-24 20:00:00,0.5303
2026-07-24 20:15:00,0.4865
2026-07-24 20:30:00,0.4106
2026-07-24 20:45:00,0.451
2026-07-24 21:00:00,0.7016
2026-07-24 21:15:00,0.4506
2026-07-24 21:30:00,0.1768
2026-07-24 21:45:00,0.1884
2026-07-24 22:00:00,0.1555
2026-07-24 22:15:00,0.1612
2026-07-24 22:30:00,0.0967
2026-07-24 22:45:00,0.0938
2026-07-24 23:00:00,0.0868
2026-07-24 23:15:00,0.1251
2026-07-24 23:30:00,0.1328
2026-07-24 23:45:00,0.135
2026-07-25 00:00:00,0.1368
2026-07-25 00:15:00,0.1391
2026-07-25 00:30:00,0.0861
2026-07-25 00:45:00,0.0915
2026-07-25 01:00:00,0.0969
2026-07-25 01:15:00,0.0869
2026-07-25 01:30:00,0.1465
2026-07-25 01:45:00,0.1328
2026-07-25 02:00:00,0.0922
2026-07-25 02:15:00,0.0905
2026-07-25 02:30:00,0.0814
2026-07-25 02:45:00,0.0889
2026-07-25 03:00:00,0.1364
2026-07-25 03:15:00,0.1314
2026-07-25 03:30:00,0.0898
2026-07-25 03:45:00,0.0885
2026-07-25 04:00:00,0.0873
2026-07-25 04:15:00,0.0874
2026-07-25 04:30:00,0.1362
2026-07-25 04:45:00,0.1355
2026-07-25 05:00:00,0.0921
2026-07-25 05:15:00,0.0938
2026-07-25 05:30:00,0.1274
2026-07-25 05:45:00,0.1331
2026-07-25 06:00:00,0.2412
2026-07-25 06:15:00,0.3314
2026-07-25 06:30:00,0.4279
2026-07-25 06:45:00,0.5738
2026-07-25 07:00:00,0.7639
2026-07-25 07:15:00,0.9228
2026-07-25 07:30:00,1.0739
2026-07-25 07:45:00,1.0959
2026-07-25 08:00:00,0.9739
2026-07-25 08:15:00,0.8211
2026-07-25 08:30:00,0.6477
2026-07-25 08:45:00,0.4617
2026-07-25 09:00:00,0.3774
2026-07-25 09:15:00,0.268
2026-07-25 09:30:00,0.1566
2026-07-25 09:45:00,0.1104
2026-07-25 10:00:00,0.1038
2026-07-25 10:15:00,0.0831
2026-07-25 10:30:00,0.1391
2026-07-25 10:45:00,0.1298
2026-07-25 11:00:00,0.0829
2026-07-25 11:15:00,0.0945
2026-07-25 11:30:00,0.0911
2026-07-25 11:45:00,0.0944
2026-07-25 12:00:00,0.1455
2026-07-25 12:15:00,0.1319
2026-07-25 12:30:00,0.0964
2026-07-25 12:45:00,0.0791
2026-07-25 13:00:00,0.0921
2026-07-25 13:15:00,0.0848
2026-07-25 13:30:00,0.131
2026-07-25 13:45:00,0.14
2026-07-25 14:00:00,0.0933
2026-07-25 14:15:00,0.0932
2026-07-25 14:30:00,0.0894
2026-07-25 14:45:00,0.0893
2026-07-25 15:00:00,0.141
2026-07-25 15:15:00,0.1409
2026-07-25 15:30:00,0.0957
2026-07-25 15:45:00,0.0972
2026-07-25 16:00:00,0.1063
2026-07-25 16:15:00,0.1001
2026-07-25 16:30:00,0.1696
2026-07-25 16:45:00,0.1794
2026-07-25 17:00:00,0.1637
2026-07-25 17:15:00,0.2021
2026-07-25 17:30:00,0.228
2026-07-25 17:45:00,0.2778
2026-07-25 18:00:00,0.3915
2026-07-25 18:15:00,0.6421
2026-07-25 18:30:00,1.2792
2026-07-25 18:45:00,0.9955
2026-07-25 19:00:00,0.8753
2026-07-25 19:15:00,1.221
2026-07-25 19:30:00,0.8828
2026-07-25 19:45:00,0.7132
2026-07-25 20:00:00,0.6538
2026-07-25 20:15:00,0.7696
2026-07-25 20:30:00,1.0949
2026-07-25 20:45:00,0.8075
2026-07-25 21:00:00,0.5488
2026-07-25 21:15:00,0.4707
2026-07-25 21:30:00,0.3573
2026-07-25 21:45:00,0.3121
2026-07-25 22:00:00,0.2635
2026-07-25 22:15:00,0.2201
2026-07-25 22:30:00,0.2238
2026-07-25 22:45:00,0.1936
2026-07-25 23:00:00,0.1376
2026-07-25 23:15:00,0.1187
2026-07-25 23:30:00,0.1073
2026-07-25 23:45:00,0.0949
2026-07-26 00:00:00,0.1527
2026-07-26 00:15:00,0.0844
2026-07-26 00:30:00,0.0829
2026-07-26 00:45:00,0.096
2026-07-26 01:00:00,0.1309
2026-07-26 01:15:00,0.1369
2026-07-26 01:30:00,0.1376
2026-07-26 01:45:00,0.0949
2026-07-26 02:00:00,0.0924
2026-07-26 02:15:00,0.0914
2026-07-26 02:30:00,0.1356
2026-07-26 02:45:00,0.1452
2026-07-26 03:00:00,0.1619
2026-07-26 03:15:00,0.0929
2026-07-26 03:30:00,0.0894
2026-07-26 03:45:00,0.0814
2026-07-26 04:00:00,0.1352
2026-07-26 04:15:00,0.1394
2026-07-26 04:30:00,0.1419
2026-07-26 04:45:00,0.1062
2026-07-26 05:00:00,0.1392
2026-07-26 05:15:00,0.1788
2026-07-26 05:30:00,0.293
2026-07-26 05:45:00,0.3977
2026-07-26 06:00:00,0.5606
2026-07-26 06:15:00,0.6731
2026-07-26 06:30:00,0.8269
2026-07-26 06:45:00,0.9624
2026-07-26 07:00:00,1.0616
2026-07-26 07:15:00,1.0038
2026-07-26 07:30:00,0.9023
2026-07-26 07:45:00,0.7031
2026-07-26 08:00:00,0.5473
2026-07-26 08:15:00,0.4018
2026-07-26 08:30:00,0.3494
2026-07-26 08:45:00,0.2986
2026-07-26 09:00:00,0.2643
2026-07-26 09:15:00,0.2167
2026-07-26 09:30:00,0.2169
2026-07-26 09:45:00,0.2337
2026-07-26 10:00:00,0.3182
2026-07-26 10:15:00,0.3404
2026-07-26 10:30:00,0.3708
2026-07-26 10:45:00,0.3397
2026-07-26 11:00:00,0.3645
2026-07-26 11:15:00,0.4024
2026-07-26 11:30:00,0.4578
2026-07-26 11:45:00,0.4945
2026-07-26 12:00:00,0.5118
2026-07-26 12:15:00,0.4725
2026-07-26 12:30:00,0.4715
2026-07-26 12:45:00,0.4739
2026-07-26 13:00:00,0.5251
2026-07-26 13:15:00,0.5119
2026-07-26 13:30:00,0.5025
2026-07-26 13:45:00,0.4472
2026-07-26 14:00:00,0.428
2026-07-26 14:15:00,0.3959
2026-07-26 14:30:00,0.4314
2026-07-26 14:45:00,0.4052
2026-07-26 15:00:00,0.3866
2026-07-26 15:15:00,0.3083
2026-07-26 15:30:00,0.2904
2026-07-26 15:45:00,0.2702
2026-07-26 16:00:00,0.3114
2026-07-26 16:15:00,0.2942
2026-07-26 16:30:00,0.3061
2026-07-26 16:45:00,0.2725
2026-07-26 17:00:00,0.2977
2026-07-26 17:15:00,0.3396
2026-07-26 17:30:00,0.4386
2026-07-26 17:45:00,0.496
2026-07-26 18:00:00,0.6168
2026-07-26 18:15:00,1.0782
2026-07-26 18:30:00,1.5764
2026-07-26 18:45:00,1.1708
2026-07-26 19:00:00,0.822
2026-07-26 19:15:00,0.8148
2026-07-26 19:30:00,1.0702
2026-07-26 19:45:00,1.4054
2026-07-26 20:00:00,0.9292
2026-07-26 20:15:00,0.6519
2026-07-26 20:30:00,0.6383
2026-07-26 20:45:00,0.5519
2026-07-26 21:00:00,0.4916
2026-07-26 21:15:00,0.3827
2026-07-26 21:30:00,0.3141
2026-07-26 21:45:00,0.2538
2026-07-26 22:00:00,0.2522
2026-07-26 22:15:00,0.2155
2026-07-26 22:30:00,0.1943
2026-07-26 22:45:00,0.1237
2026-07-26 23:00:00,0.1096
2026-07-26 23:15:00,0.1024
2026-07-26 23:30:00,0.1469
2026-07-26 23:45:00,0.1464
2026-07-27 00:00:00,0.0963
2026-07-27 00:15:00,0.0988
2026-07-27 00:30:00,0.1058
2026-07-27 00:45:00,0.0986
2026-07-27 01:00:00,0.1442
2026-07-27 01:15:00,0.1548
2026-07-27 01:30:00,0.091
2026-07-27 01:45:00,0.096
2026-07-27 02:00:00,0.0868
2026-07-27 02:15:00,0.0885
2026-07-27 02:30:00,0.1481
2026-07-27 02:45:00,0.1501
2026-07-27 03:00:00,0.0842
2026-07-27 03:15:00,0.0981
2026-07-27 03:30:00,0.0898
2026-07-27 03:45:00,0.1031
2026-07-27 04:00:00,0.1456
2026-07-27 04:15:00,0.1407
2026-07-27 04:30:00,0.0957
2026-07-27 04:45:00,0.0898
2026-07-27 05:00:00,0.1048
2026-07-27 05:15:00,0.1
2026-07-27 05:30:00,0.1597
2026-07-27 05:45:00,0.1819
2026-07-27 06:00:00,0.1538
2026-07-27 06:15:00,0.2137
2026-07-27 06:30:00,0.322
2026-07-27 06:45:00,0.4481
2026-07-27 07:00:00,0.6649
2026-07-27 07:15:00,0.8452
2026-07-27 07:30:00,0.9277
2026-07-27 07:45:00,0.9889
2026-07-27 08:00:00,0.9813
2026-07-27 08:15:00,0.8878
2026-07-27 08:30:00,0.8111
2026-07-27 08:45:00,0.6401
2026-07-27 09:00:00,0.4273
2026-07-27 09:15:00,0.3159
2026-07-27 09:30:00,0.2256
2026-07-27 09:45:00,0.1866
2026-07-27 10:00:00,0.2263
2026-07-27 10:15:00,0.2266
2026-07-27 10:30:00,0.1778
2026-07-27 10:45:00,0.1925
2026-07-27 11:00:00,0.2067
2026-07-27 11:15:00,0.2222
2026-07-27 11:30:00,0.2921
2026-07-27 11:45:00,0.3098
2026-07-27 12:00:00,0.2796
2026-07-27 12:15:00,0.2985
2026-07-27 12:30:00,0.314
2026-07-27 12:45:00,0.3204
2026-07-27 13:00:00,0.3873
2026-07-27 13:15:00,0.4066
2026-07-27 13:30:00,0.368
2026-07-27 13:45:00,0.3639
2026-07-27 14:00:00,0.3611
2026-07-27 14:15:00,0.3625
2026-07-27 14:30:00,0.4009
2026-07-27 14:45:00,0.4077
2026-07-27 15:00:00,0.3369
2026-07-27 15:15:00,0.3189
2026-07-27 15:30:00,0.3089
2026-07-27 15:45:00,0.2941
2026-07-27 16:00:00,0.3482
2026-07-27 16:15:00,0.3323
2026-07-27 16:30:00,0.2814
2026-07-27 16:45:00,0.2921
2026-07-27 17:00:00,0.3024
2026-07-27 17:15:00,0.3396
2026-07-27 17:30:00,0.4382
2026-07-27 17:45:00,0.4865
2026-07-27 18:00:00,0.5185
2026-07-27 18:15:00,0.6009
2026-07-27 18:30:00,0.693
2026-07-27 18:45:00,0.7841
2026-07-27 19:00:00,0.9239
2026-07-27 19:15:00,1.005
2026-07-27 19:30:00,1.0679
2026-07-27 19:45:00,1.4604
2026-07-27 20:00:00,1.3702
2026-07-27 20:15:00,1.0317
2026-07-27 20:30:00,0.9927
2026-07-27 20:45:00,1.0628
2026-07-27 21:00:00,1.7778
2026-07-27 21:15:00,1.9034
2026-07-27 21:30:00,0.8127
2026-07-27 21:45:00,0.4751
2026-07-27 22:00:00,0.4392
2026-07-27 22:15:00,0.3726
2026-07-27 22:30:00,0.2579
2026-07-27 22:45:00,0.2105
2026-07-27 23:00:00,0.1707
2026-07-27 23:15:00,0.1436
2026-07-27 23:30:00,0.1793
2026-07-27 23:45:00,0.1726
2026-07-28 00:00:00,0.1368
2026-07-28 00:15:00,0.1272
2026-07-28 00:30:00,0.0871
2026-07-28 00:45:00,0.0857
2026-07-28 01:00:00,0.0761
2026-07-28 01:15:00,0.0868
2026-07-28 01:30:00,0.1226
2026-07-28 01:45:00,0.1341
2026-07-28 02:00:00,0.0811
2026-07-28 02:15:00,0.084
2026-07-28 02:30:00,0.0767
2026-07-28 02:45:00,0.0846
2026-07-28 03:00:00,0.1357
2026-07-28 03:15:00,0.126
2026-07-28 03:30:00,0.0805
2026-07-28 03:45:00,0.0865
2026-07-28 04:00:00,0.0868
2026-07-28 04:15:00,0.0709
2026-07-28 04:30:00,0.1436
2026-07-28 04:45:00,0.1384
2026-07-28 05:00:00,0.1002
2026-07-28 05:15:00,0.1113
2026-07-28 05:30:00,0.1318
2026-07-28 05:45:00,0.1968
2026-07-28 06:00:00,0.3127
2026-07-28 06:15:00,0.419
2026-07-28 06:30:00,0.4815
2026-07-28 06:45:00,0.5906
2026-07-28 07:00:00,0.6604
2026-07-28 07:15:00,0.6942
2026-07-28 07:30:00,0.6963
2026-07-28 07:45:00,0.6339
2026-07-28 08:00:00,0.4781
2026-07-28 08:15:00,0.3623
2026-07-28 08:30:00,0.2633
2026-07-28 08:45:00,0.1834
2026-07-28 09:00:00,0.1896
2026-07-28 09:15:00,0.1551
2026-07-28 09:30:00,0.0861
2026-07-28 09:45:00,0.0966
2026-07-28 10:00:00,0.0918
2026-07-28 10:15:00,0.0842
2026-07-28 10:30:00,0.1238
2026-07-28 10:45:00,0.1273
2026-07-28 11:00:00,0.0737
2026-07-28 11:15:00,0.0892
2026-07-28 11:30:00,0.075
2026-07-28 11:45:00,0.0855
2026-07-28 12:00:00,0.1258
2026-07-28 12:15:00,0.1226
2026-07-28 12:30:00,0.0853
2026-07-28 12:45:00,0.0821
2026-07-28 13:00:00,0.0887
2026-07-28 13:15:00,0.077
2026-07-28 13:30:00,0.1267
2026-07-28 13:45:00,0.118
2026-07-28 14:00:00,0.0732
2026-07-28 14:15:00,0.0967
2026-07-28 14:30:00,0.1004
2026-07-28 14:45:00,0.0927
2026-07-28 15:00:00,0.1399
2026-07-28 15:15:00,0.1515
2026-07-28 15:30:00,0.1244
2026-07-28 15:45:00,0.1353
2026-07-28 16:00:00,0.1653
2026-07-28 16:15:00,0.1983
2026-07-28 16:30:00,0.2859
2026-07-28 16:45:00,0.3402
2026-07-28 17:00:00,0.3618
2026-07-28 17:15:00,0.4262
2026-07-28 17:30:00,0.5103
2026-07-28 17:45:00,0.5818
2026-07-28 18:00:00,0.7038
2026-07-28 18:15:00,0.7726
2026-07-28 18:30:00,0.7636
2026-07-28 18:45:00,0.7967
2026-07-28 19:00:00,0.8028
2026-07-28 19:15:00,1.0075
2026-07-28 19:30:00,1.2552
2026-07-28 19:45:00,0.8793
2026-07-28 20:00:00,0.6125
2026-07-28 20:15:00,0.6084
2026-07-28 20:30:00,0.8844
2026-07-28 20:45:00,0.7479
2026-07-28 21:00:00,0.4142
2026-07-28 21:15:00,0.3135
2026-07-28 21:30:00,0.2169
2026-07-28 21:45:00,0.1862
2026-07-28 22:00:00,0.1507
2026-07-28 22:15:00,0.1341
2026-07-28 22:30:00,0.1561
2026-07-28 22:45:00,0.1436
2026-07-28 23:00:00,0.093
2026-07-28 23:15:00,0.0835
2026-07-28 23:30:00,0.0901
2026-07-28 23:45:00,0.0837
2026-07-29 00:00:00,0.1357
2026-07-29 00:15:00,0.1321
2026-07-29 00:30:00,0.0751
2026-07-29 00:45:00,0.0902
2026-07-29 01:00:00,0.084
2026-07-29 01:15:00,0.089
2026-07-29 01:30:00,0.1353
2026-07-29 01:45:00,0.1271
2026-07-29 02:00:00,0.0794
2026-07-29 02:15:00,0.0882
2026-07-29 02:30:00,0.0828
2026-07-29 02:45:00,0.0898
2026-07-29 03:00:00,0.1305
2026-07-29 03:15:00,0.1372
2026-07-29 03:30:00,0.0869
2026-07-29 03:45:00,0.0861
2026-07-29 04:00:00,0.0824
2026-07-29 04:15:00,0.0859
2026-07-29 04:30:00,0.1385
2026-07-29 04:45:00,0.1321
2026-07-29 05:00:00,0.0901
2026-07-29 05:15:00,0.0917
2026-07-29 05:30:00,0.1016
2026-07-29 05:45:00,0.1294
2026-07-29 06:00:00,0.2067
2026-07-29 06:15:00,0.253
2026-07-29 06:30:00,0.2799
2026-07-29 06:45:00,0.3629
2026-07-29 07:00:00,0.456
2026-07-29 07:15:00,0.5319
2026-07-29 07:30:00,0.6197
2026-07-29 07:45:00,0.6115
2026-07-29 08:00:00,0.5029
2026-07-29 08:15:00,0.4338
2026-07-29 08:30:00,0.3364
2026-07-29 08:45:00,0.247
2026-07-29 09:00:00,0.2405
2026-07-29 09:15:00,0.1953
2026-07-29 09:30:00,0.1136
2026-07-29 09:45:00,0.1009
2026-07-29 10:00:00,0.0939
2026-07-29 10:15:00,0.0943
2026-07-29 10:30:00,0.1362
2026-07-29 10:45:00,0.1242
2026-07-29 11:00:00,0.0959
2026-07-29 11:15:00,0.0905
2026-07-29 11:30:00,0.0816
2026-07-29 11:45:00,0.0787
2026-07-29 12:00:00,0.1343
2026-07-29 12:15:00,0.1299
2026-07-29 12:30:00,0.0864
2026-07-29 12:45:00,0.0888
2026-07-29 13:00:00,0.0815
2026-07-29 13:15:00,0.0785
2026-07-29 13:30:00,0.1342
2026-07-29 13:45:00,0.1296
2026-07-29 14:00:00,0.0875
2026-07-29 14:15:00,0.0809
2026-07-29 14:30:00,0.0901
2026-07-29 14:45:00,0.1004
2026-07-29 15:00:00,0.1543
2026-07-29 15:15:00,0.158
2026-07-29 15:30:00,0.1258
2026-07-29 15:45:00,0.1561
2026-07-29 16:00:00,0.1912
2026-07-29 16:15:00,0.232
2026-07-29 16:30:00,0.3258
2026-07-29 16:45:00,0.3927
2026-07-29 17:00:00,0.4237
2026-07-29 17:15:00,0.494
2026-07-29 17:30:00,0.5701
2026-07-29 17:45:00,0.7836
2026-07-29 18:00:00,1.1642
2026-07-29 18:15:00,0.9774
2026-07-29 18:30:00,0.8201
2026-07-29 18:45:00,0.8227
2026-07-29 19:00:00,0.8151
2026-07-29 19:15:00,0.7839
2026-07-29 19:30:00,0.7848
2026-07-29 19:45:00,0.7124
2026-07-29 20:00:00,0.5964
2026-07-29 20:15:00,0.5227
2026-07-29 20:30:00,0.691
2026-07-29 20:45:00,1.0658
2026-07-29 21:00:00,0.6112
2026-07-29 21:15:00,0.3043
2026-07-29 21:30:00,0.2076
2026-07-29 21:45:00,0.1645
2026-07-29 22:00:00,0.1405
2026-07-29 22:15:00,0.1162
2026-07-29 22:30:00,0.1516
2026-07-29 22:45:00,0.1502
2026-07-29 23:00:00,0.1036
2026-07-29 23:15:00,0.0974
2026-07-29 23:30:00,0.0915
2026-07-29 23:45:00,0.0861
2026-07-30 00:00:00,0.1419
2026-07-30 00:15:00,0.1401
2026-07-30 00:30:00,0.1496
2026-07-30 00:45:00,0.0808
2026-07-30 01:00:00,0.0803
2026-07-30 01:15:00,0.0925
2026-07-30 01:30:00,0.1445
2026-07-30 01:45:00,0.1464
2026-07-30 02:00:00,0.1406
2026-07-30 02:15:00,0.0869
2026-07-30 02:30:00,0.0925
2026-07-30 02:45:00,0.0898
2026-07-30 03:00:00,0.1535
2026-07-30 03:15:00,0.1419
2026-07-30 03:30:00,0.1436
2026-07-30 03:45:00,0.1078
2026-07-30 04:00:00,0.0914
2026-07-30 04:15:00,0.0963
2026-07-30 04:30:00,0.149
2026-07-30 04:45:00,0.1517
2026-07-30 05:00:00,0.1543
2026-07-30 05:15:00,0.1144
2026-07-30 05:30:00,0.1381
2026-07-30 05:45:00,0.1776
2026-07-30 06:00:00,0.3044
2026-07-30 06:15:00,0.4134
2026-07-30 06:30:00,0.5292
2026-07-30 06:45:00,0.5982
2026-07-30 07:00:00,0.7072
2026-07-30 07:15:00,0.7556
2026-07-30 07:30:00,0.8073
2026-07-30 07:45:00,0.7498
2026-07-30 08:00:00,0.6442
2026-07-30 08:15:00,0.4522
2026-07-30 08:30:00,0.3349
2026-07-30 08:45:00,0.2558
2026-07-30 09:00:00,0.2275
2026-07-30 09:15:00,0.1968
2026-07-30 09:30:00,0.1642
2026-07-30 09:45:00,0.1019
2026-07-30 10:00:00,0.0936
2026-07-30 10:15:00,0.0993
2026-07-30 10:30:00,0.1526
2026-07-30 10:45:00,0.1376
2026-07-30 11:00:00,0.1418
2026-07-30 11:15:00,0.0982
2026-07-30 11:30:00,0.0917
2026-07-30 11:45:00,0.0895
2026-07-30 12:00:00,0.1501
2026-07-30 12:15:00,0.1507
2026-07-30 12:30:00,0.1411
2026-07-30 12:45:00,0.0938
2026-07-30 13:00:00,0.0851
2026-07-30 13:15:00,0.087
2026-07-30 13:30:00,0.1447
2026-07-30 13:45:00,0.1441
2026-07-30 14:00:00,0.138
2026-07-30 14:15:00,0.0881
2026-07-30 14:30:00,0.086
2026-07-30 14:45:00,0.0955
2026-07-30 15:00:00,0.1321
2026-07-30 15:15:00,0.1383
2026-07-30 15:30:00,0.1336
2026-07-30 15:45:00,0.0972
2026-07-30 16:00:00,0.0853
2026-07-30 16:15:00,0.0995
2026-07-30 16:30:00,0.1657
2026-07-30 16:45:00,0.1736
2026-07-30 17:00:00,0.1639
2026-07-30 17:15:00,0.1428
2026-07-30 17:30:00,0.1595
2026-07-30 17:45:00,0.1919
2026-07-30 18:00:00,0.2941
2026-07-30 18:15:00,0.3583
2026-07-30 18:30:00,0.4221
2026-07-30 18:45:00,0.4435
2026-07-30 19:00:00,0.6348
2026-07-30 19:15:00,1.1456
2026-07-30 19:30:00,1.1832
2026-07-30 19:45:00,0.888
2026-07-30 20:00:00,0.9131
2026-07-30 20:15:00,0.937
2026-07-30 20:30:00,1.356
2026-07-30 20:45:00,1.782
2026-07-30 21:00:00,1.1989
2026-07-30 21:15:00,0.9104
2026-07-30 21:30:00,0.8261
2026-07-30 21:45:00,0.688
2026-07-30 22:00:00,0.6022
2026-07-30 22:15:00,0.5148
2026-07-30 22:30:00,0.4729
2026-07-30 22:45:00,0.4001
2026-07-30 23:00:00,0.3429
2026-07-30 23:15:00,0.2246
2026-07-30 23:30:00,0.2011
2026-07-30 23:45:00,0.1504
2026-07-31 00:00:00,0.0959
2026-07-31 00:15:00,0.0957
2026-07-31 00:30:00,0.1022
2026-07-31 00:45:00,0.157
2026-07-31 01:00:00,0.1475
2026-07-31 01:15:00,0.1008
2026-07-31 01:30:00,0.0886
2026-07-31 01:45:00,0.1005
2026-07-31 02:00:00,0.0919
2026-07-31 02:15:00,0.1411
2026-07-31 02:30:00,0.1475
2026-07-31 02:45:00,0.1045
2026-07-31 03:00:00,0.0967
2026-07-31 03:15:00,0.1051
2026-07-31 03:30:00,0.0908
2026-07-31 03:45:00,0.1554
2026-07-31 04:00:00,0.1448
2026-07-31 04:15:00,0.0978
2026-07-31 04:30:00,0.0995
2026-07-31 04:45:00,0.1067
2026-07-31 05:00:00,0.1144
2026-07-31 05:15:00,0.1827
2026-07-31 05:30:00,0.2334
2026-07-31 05:45:00,0.2532
2026-07-31 06:00:00,0.3382
2026-07-31 06:15:00,0.4594
2026-07-31 06:30:00,0.6179
2026-07-31 06:45:00,0.7975
2026-07-31 07:00:00,0.8881
2026-07-31 07:15:00,0.8626
2026-07-31 07:30:00,0.8068
2026-07-31 07:45:00,0.6997
2026-07-31 08:00:00,0.5611
2026-07-31 08:15:00,0.4834
2026-07-31 08:30:00,0.3548
2026-07-31 08:45:00,0.2059
2026-07-31 09:00:00,0.1495
2026-07-31 09:15:00,0.1255
2026-07-31 09:30:00,0.1008
2026-07-31 09:45:00,0.1435
2026-07-31 10:00:00,0.1544
2026-07-31 10:15:00,0.1005
2026-07-31 10:30:00,0.0934
2026-07-31 10:45:00,0.0975
2026-07-31 11:00:00,0.0968
2026-07-31 11:15:00,0.1525
2026-07-31 11:30:00,0.1525
2026-07-31 11:45:00,0.079
2026-07-31 12:00:00,0.094
2026-07-31 12:15:00,0.0989
2026-07-31 12:30:00,0.093
2026-07-31 12:45:00,0.1489
2026-07-31 13:00:00,0.1535
2026-07-31 13:15:00,0.0962
2026-07-31 13:30:00,0.1054
2026-07-31 13:45:00,0.1032
2026-07-31 14:00:00,0.0957
2026-07-31 14:15:00,0.149
2026-07-31 14:30:00,0.1335
2026-07-31 14:45:00,0.0988
2026-07-31 15:00:00,0.0962
2026-07-31 15:15:00,0.1126
2026-07-31 15:30:00,0.122
2026-07-31 15:45:00,0.1933
2026-07-31 16:00:00,0.2191
2026-07-31 16:15:00,0.1866
2026-07-31 16:30:00,0.241
2026-07-31 16:45:00,0.279
2026-07-31 17:00:00,0.3322
2026-07-31 17:15:00,0.4646
2026-07-31 17:30:00,0.5499
2026-07-31 17:45:00,0.5934
2026-07-31 18:00:00,0.6963
2026-07-31 18:15:00,1.1368
2026-07-31 18:30:00,1.7767
2026-07-31 18:45:00,1.2962
2026-07-31 19:00:00,1.1256
2026-07-31 19:15:00,1.5019
2026-07-31 19:30:00,1.3258
2026-07-31 19:45:00,0.9782
2026-07-31 20:00:00,1.2572
2026-07-31 20:15:00,1.2545
2026-07-31 20:30:00,0.7692
2026-07-31 20:45:00,0.5522
2026-07-31 21:00:00,0.4696
2026-07-31 21:15:00,0.3961
2026-07-31 21:30:00,0.3139
2026-07-31 21:45:00,0.3088
2026-07-31 22:00:00,0.2634
2026-07-31 22:15:00,0.1793
2026-07-31 22:30:00,0.146
2026-07-31 22:45:00,0.1267
2026-07-31 23:00:00,0.1086
2026-07-31 23:15:00,0.1582
2026-07-31 23:30:00,0.1639
2026-07-31 23:45:00,0.1005
2026-08-01 00:00:00,0.0879
2026-08-01 00:15:00,0.145
2026-08-01 00:30:00,0.1357
2026-08-01 00:45:00,0.1471
2026-08-01 01:00:00,0.0918
2026-08-01 01:15:00,0.0937
2026-08-01 01:30:00,0.091
2026-08-01 01:45:00,0.1415
2026-08-01 02:00:00,0.1377
2026-08-01 02:15:00,0.1478
2026-08-01 02:30:00,0.1011
2026-08-01 02:45:00,0.0885
2026-08-01 03:00:00,0.0953
2026-08-01 03:15:00,0.1457
2026-08-01 03:30:00,0.1431
2026-08-01 03:45:00,0.1337
2026-08-01 04:00:00,0.084
2026-08-01 04:15:00,0.0874
2026-08-01 04:30:00,0.0796
2026-08-01 04:45:00,0.154
2026-08-01 05:00:00,0.1519
2026-08-01 05:15:00,0.1593
2026-08-01 05:30:00,0.1157
2026-08-01 05:45:00,0.1568
2026-08-01 06:00:00,0.2332
2026-08-01 06:15:00,0.3931
2026-08-01 06:30:00,0.5024
2026-08-01 06:45:00,0.6522
2026-08-01 07:00:00,0.7222
2026-08-01 07:15:00,0.8139
2026-08-01 07:30:00,0.8453
2026-08-01 07:45:00,0.8402
2026-08-01 08:00:00,0.7334
2026-08-01 08:15:00,0.6103
2026-08-01 08:30:00,0.413
2026-08-01 08:45:00,0.3021
2026-08-01 09:00:00,0.2048
2026-08-01 09:15:00,0.2127
2026-08-01 09:30:00,0.1736
2026-08-01 09:45:00,0.1581
2026-08-01 10:00:00,0.0976
2026-08-01 10:15:00,0.0905
2026-08-01 10:30:00,0.0925
2026-08-01 10:45:00,0.1405
2026-08-01 11:00:00,0.1489
2026-08-01 11:15:00,0.1418
2026-08-01 11:30:00,0.0828
2026-08-01 11:45:00,0.0816
2026-08-01 12:00:00,0.0814
2026-08-01 12:15:00,0.1468
2026-08-01 12:30:00,0.136
2026-08-01 12:45:00,0.1449
2026-08-01 13:00:00,0.0929
2026-08-01 13:15:00,0.0918
2026-08-01 13:30:00,0.0951
2026-08-01 13:45:00,0.1449
2026-08-01 14:00:00,0.1282
2026-08-01 14:15:00,0.1443
2026-08-01 14:30:00,0.1004
2026-08-01 14:45:00,0.1121
2026-08-01 15:00:00,0.1193
2026-08-01 15:15:00,0.1623
2026-08-01 15:30:00,0.1844
2026-08-01 15:45:00,0.1998
2026-08-01 16:00:00,0.1993
2026-08-01 16:15:00,0.2384
2026-08-01 16:30:00,0.2884
2026-08-01 16:45:00,0.4048
2026-08-01 17:00:00,0.4905
2026-08-01 17:15:00,0.5774
2026-08-01 17:30:00,0.6204
2026-08-01 17:45:00,0.7469
2026-08-01 18:00:00,1.1295
2026-08-01 18:15:00,1.5823
2026-08-01 18:30:00,1.6538
2026-08-01 18:45:00,1.2207
2026-08-01 19:00:00,0.9778
2026-08-01 19:15:00,0.9555
2026-08-01 19:30:00,0.9333
2026-08-01 19:45:00,1.1748
2026-08-01 20:00:00,1.3782
2026-08-01 20:15:00,0.8747
2026-08-01 20:30:00,0.5711
2026-08-01 20:45:00,0.467
2026-08-01 21:00:00,0.3987
2026-08-01 21:15:00,0.3688
2026-08-01 21:30:00,0.3097
2026-08-01 21:45:00,0.2697
2026-08-01 22:00:00,0.1688
2026-08-01 22:15:00,0.1444
2026-08-01 22:30:00,0.1184
2026-08-01 22:45:00,0.1633
2026-08-01 23:00:00,0.1468
2026-08-01 23:15:00,0.1551
2026-08-01 23:30:00,0.0988
2026-08-01 23:45:00,0.0926
2026-08-02 00:00:00,0.1424
2026-08-02 00:15:00,0.0994
2026-08-02 00:30:00,0.0958
2026-08-02 00:45:00,0.0886
2026-08-02 01:00:00,0.102
2026-08-02 01:15:00,0.1402
2026-08-02 01:30:00,0.1464
2026-08-02 01:45:00,0.0947
2026-08-02 02:00:00,0.1038
2026-08-02 02:15:00,0.1071
2026-08-02 02:30:00,0.1058
2026-08-02 02:45:00,0.1524
2026-08-02 03:00:00,0.1375
2026-08-02 03:15:00,0.1015
2026-08-02 03:30:00,0.1088
2026-08-02 03:45:00,0.1078
2026-08-02 04:00:00,0.1039
2026-08-02 04:15:00,0.1506
2026-08-02 04:30:00,0.1615
2026-08-02 04:45:00,0.1373
2026-08-02 05:00:00,0.1442
2026-08-02 05:15:00,0.1989
2026-08-02 05:30:00,0.2995
2026-08-02 05:45:00,0.4719
2026-08-02 06:00:00,0.629
2026-08-02 06:15:00,0.7704
2026-08-02 06:30:00,0.926
2026-08-02 06:45:00,1.0308
2026-08-02 07:00:00,1.0573
2026-08-02 07:15:00,1.0801
2026-08-02 07:30:00,0.9475
2026-08-02 07:45:00,0.751
2026-08-02 08:00:00,0.6003
2026-08-02 08:15:00,0.4734
2026-08-02 08:30:00,0.3963
2026-08-02 08:45:00,0.4252
2026-08-02 09:00:00,0.4162
2026-08-02 09:15:00,0.3493
2026-08-02 09:30:00,0.3854
2026-08-02 09:45:00,0.4054
2026-08-02 10:00:00,0.4246
2026-08-02 10:15:00,0.5115
2026-08-02 10:30:00,0.5217
2026-08-02 10:45:00,0.4897
2026-08-02 11:00:00,0.5
2026-08-02 11:15:00,0.5095
2026-08-02 11:30:00,0.5145
2026-08-02 11:45:00,0.5599
2026-08-02 12:00:00,0.5685
2026-08-02 12:15:00,0.4934
2026-08-02 12:30:00,0.4842
2026-08-02 12:45:00,0.4499
2026-08-02 13:00:00,0.4228
2026-08-02 13:15:00,0.466
2026-08-02 13:30:00,0.4226
2026-08-02 13:45:00,0.342
2026-08-02 14:00:00,0.3198
2026-08-02 14:15:00,0.2799
2026-08-02 14:30:00,0.2676
2026-08-02 14:45:00,0.2989
2026-08-02 15:00:00,0.2844
2026-08-02 15:15:00,0.2124
2026-08-02 15:30:00,0.2056
2026-08-02 15:45:00,0.1934
2026-08-02 16:00:00,0.1937
2026-08-02 16:15:00,0.2827
2026-08-02 16:30:00,0.2848
2026-08-02 16:45:00,0.2693
2026-08-02 17:00:00,0.3343
2026-08-02 17:15:00,0.4066
2026-08-02 17:30:00,0.4743
2026-08-02 17:45:00,0.6217
2026-08-02 18:00:00,0.7483
2026-08-02 18:15:00,1.1901
2026-08-02 18:30:00,1.3385
2026-08-02 18:45:00,0.9844
2026-08-02 19:00:00,0.9325
2026-08-02 19:15:00,1.1243
2026-08-02 19:30:00,1.5913
2026-08-02 19:45:00,1.3403
2026-08-02 20:00:00,0.9097
2026-08-02 20:15:00,0.7991
2026-08-02 20:30:00,0.7118
2026-08-02 20:45:00,0.6691
2026-08-02 21:00:00,0.5711
2026-08-02 21:15:00,0.4405
2026-08-02 21:30:00,0.3633
2026-08-02 21:45:00,0.2991
2026-08-02 22:00:00,0.2414
2026-08-02 22:15:00,0.2443
2026-08-02 22:30:00,0.2247
2026-08-02 22:45:00,0.1425
2026-08-02 23:00:00,0.1234
2026-08-02 23:15:00,0.1139
2026-08-02 23:30:00,0.1043
2026-08-02 23:45:00,0.165
2026-08-03 00:00:00,0.1442
2026-08-03 00:15:00,0.1076
2026-08-03 00:30:00,0.082
2026-08-03 00:45:00,0.0939
2026-08-03 01:00:00,0.1471
2026-08-03 01:15:00,0.1572
2026-08-03 01:30:00,0.1581
2026-08-03 01:45:00,0.1024
2026-08-03 02:00:00,0.0876
2026-08-03 02:15:00,0.1018
2026-08-03 02:30:00,0.1531
2026-08-03 02:45:00,0.1391
2026-08-03 03:00:00,0.1365
2026-08-03 03:15:00,0.103
2026-08-03 03:30:00,0.0951
2026-08-03 03:45:00,0.0881
2026-08-03 04:00:00,0.1485
2026-08-03 04:15:00,0.1522
2026-08-03 04:30:00,0.1496
2026-08-03 04:45:00,0.0873
2026-08-03 05:00:00,0.1114
2026-08-03 05:15:00,0.111
2026-08-03 05:30:00,0.1682
2026-08-03 05:45:00,0.1945
2026-08-03 06:00:00,0.2481
2026-08-03 06:15:00,0.2682
2026-08-03 06:30:00,0.4017
2026-08-03 06:45:00,0.5538
2026-08-03 07:00:00,0.7989
2026-08-03 07:15:00,0.9636
2026-08-03 07:30:00,1.0848
2026-08-03 07:45:00,1.0876
2026-08-03 08:00:00,1.0236
2026-08-03 08:15:00,0.8937
2026-08-03 08:30:00,0.7596
2026-08-03 08:45:00,0.5919
2026-08-03 09:00:00,0.4487
2026-08-03 09:15:00,0.285
2026-08-03 09:30:00,0.2031
2026-08-03 09:45:00,0.1852
2026-08-03 10:00:00,0.2299
2026-08-03 10:15:00,0.2405
2026-08-03 10:30:00,0.2413
2026-08-03 10:45:00,0.1962
2026-08-03 11:00:00,0.2265
2026-08-03 11:15:00,0.251
2026-08-03 11:30:00,0.3437
2026-08-03 11:45:00,0.3509
2026-08-03 12:00:00,0.3962
2026-08-03 12:15:00,0.3861
2026-08-03 12:30:00,0.4082
2026-08-03 12:45:00,0.4442
2026-08-03 13:00:00,0.5099
2026-08-03 13:15:00,0.5359
2026-08-03 13:30:00,0.5776
2026-08-03 13:45:00,0.5334
2026-08-03 14:00:00,0.5466
2026-08-03 14:15:00,0.547
2026-08-03 14:30:00,0.6116
2026-08-03 14:45:00,0.6026
2026-08-03 15:00:00,0.6132
2026-08-03 15:15:00,0.5632
2026-08-03 15:30:00,0.5424
2026-08-03 15:45:00,0.5309
2026-08-03 16:00:00,0.5726
2026-08-03 16:15:00,0.5854
2026-08-03 16:30:00,0.6228
2026-08-03 16:45:00,0.5796
2026-08-03 17:00:00,0.6213
2026-08-03 17:15:00,0.6749
2026-08-03 17:30:00,0.7873
2026-08-03 17:45:00,0.8326
2026-08-03 18:00:00,0.8847
2026-08-03 18:15:00,0.8792
2026-08-03 18:30:00,0.9056
2026-08-03 18:45:00,0.9185
2026-08-03 19:00:00,0.9881
2026-08-03 19:15:00,1.2884
2026-08-03 19:30:00,1.8533
2026-08-03 19:45:00,1.1436
2026-08-03 20:00:00,0.7133
2026-08-03 20:15:00,0.592
2026-08-03 20:30:00,0.5703
2026-08-03 20:45:00,0.5333
2026-08-03 21:00:00,0.863
2026-08-03 21:15:00,0.8434
2026-08-03 21:30:00,0.3363
2026-08-03 21:45:00,0.2157
2026-08-03 22:00:00,0.2286
2026-08-03 22:15:00,0.2037
2026-08-03 22:30:00,0.1845
2026-08-03 22:45:00,0.1262
2026-08-03 23:00:00,0.0983
2026-08-03 23:15:00,0.1117
2026-08-03 23:30:00,0.1472
2026-08-03 23:45:00,0.1482
2026-08-04 00:00:00,0.1232
2026-08-04 00:15:00,0.1309
2026-08-04 00:30:00,0.085
2026-08-04 00:45:00,0.08
2026-08-04 01:00:00,0.0934
2026-08-04 01:15:00,0.0785
2026-08-04 01:30:00,0.1277
2026-08-04 01:45:00,0.1319
2026-08-04 02:00:00,0.0874
2026-08-04 02:15:00,0.0895
2026-08-04 02:30:00,0.0849
2026-08-04 02:45:00,0.0883
2026-08-04 03:00:00,0.1247
2026-08-04 03:15:00,0.1334
2026-08-04 03:30:00,0.0875
2026-08-04 03:45:00,0.0908
2026-08-04 04:00:00,0.0734
2026-08-04 04:15:00,0.0777
2026-08-04 04:30:00,0.1334
2026-08-04 04:45:00,0.1154
2026-08-04 05:00:00,0.0898
2026-08-04 05:15:00,0.1002
2026-08-04 05:30:00,0.1069
2026-08-04 05:45:00,0.1381
2026-08-04 06:00:00,0.2332
2026-08-04 06:15:00,0.3174
2026-08-04 06:30:00,0.3814
2026-08-04 06:45:00,0.5086
2026-08-04 07:00:00,0.6342
2026-08-04 07:15:00,0.7326
2026-08-04 07:30:00,0.8197
2026-08-04 07:45:00,0.807
2026-08-04 08:00:00,0.6649
2026-08-04 08:15:00,0.5482
2026-08-04 08:30:00,0.413
2026-08-04 08:45:00,0.297
2026-08-04 09:00:00,0.2479
2026-08-04 09:15:00,0.1889
2026-08-04 09:30:00,0.1096
2026-08-04 09:45:00,0.0984
2026-08-04 10:00:00,0.0944
2026-08-04 10:15:00,0.0749
2026-08-04 10:30:00,0.126
2026-08-04 10:45:00,0.1211
2026-08-04 11:00:00,0.0811
2026-08-04 11:15:00,0.0884
2026-08-04 11:30:00,0.0801
2026-08-04 11:45:00,0.0823
2026-08-04 12:00:00,0.1364
2026-08-04 12:15:00,0.1309
2026-08-04 12:30:00,0.0783
2026-08-04 12:45:00,0.0834
2026-08-04 13:00:00,0.078
2026-08-04 13:15:00,0.0849
2026-08-04 13:30:00,0.1312
2026-08-04 13:45:00,0.1209
2026-08-04 14:00:00,0.0837
2026-08-04 14:15:00,0.0823
2026-08-04 14:30:00,0.0863
2026-08-04 14:45:00,0.0887
2026-08-04 15:00:00,0.1338
2026-08-04 15:15:00,0.1317
2026-08-04 15:30:00,0.0961
2026-08-04 15:45:00,0.0917
2026-08-04 16:00:00,0.0976
2026-08-04 16:15:00,0.0995
2026-08-04 16:30:00,0.1798
2026-08-04 16:45:00,0.1991
2026-08-04 17:00:00,0.1906
2026-08-04 17:15:00,0.2159
2026-08-04 17:30:00,0.2692
2026-08-04 17:45:00,0.3283
2026-08-04 18:00:00,0.4237
2026-08-04 18:15:00,0.4915
2026-08-04 18:30:00,0.4986
2026-08-04 18:45:00,0.5539
2026-08-04 19:00:00,0.5996
2026-08-04 19:15:00,0.63
2026-08-04 19:30:00,0.6833
2026-08-04 19:45:00,0.6728
2026-08-04 20:00:00,0.607
2026-08-04 20:15:00,0.6126
2026-08-04 20:30:00,1.039
2026-08-04 20:45:00,1.8067
2026-08-04 21:00:00,1.1654
2026-08-04 21:15:00,0.4668
2026-08-04 21:30:00,0.2881
2026-08-04 21:45:00,0.2333
2026-08-04 22:00:00,0.205
2026-08-04 22:15:00,0.1739
2026-08-04 22:30:00,0.1786
2026-08-04 22:45:00,0.1709
2026-08-04 23:00:00,0.115
2026-08-04 23:15:00,0.1026
2026-08-04 23:30:00,0.0905
2026-08-04 23:45:00,0.0835
2026-08-05 00:00:00,0.0949
2026-08-05 00:15:00,0.0832
2026-08-05 00:30:00,0.0939
2026-08-05 00:45:00,0.1432
2026-08-05 01:00:00,0.1343
2026-08-05 01:15:00,0.0971
2026-08-05 01:30:00,0.0902
2026-08-05 01:45:00,0.0823
2026-08-05 02:00:00,0.0853
2026-08-05 02:15:00,0.1426
2026-08-05 02:30:00,0.1414
2026-08-05 02:45:00,0.0813
2026-08-05 03:00:00,0.0866
2026-08-05 03:15:00,0.0886
2026-08-05 03:30:00,0.0845
2026-08-05 03:45:00,0.1499
2026-08-05 04:00:00,0.1378
2026-08-05 04:15:00,0.0885
2026-08-05 04:30:00,0.0982
2026-08-05 04:45:00,0.0949
2026-08-05 05:00:00,0.1154
2026-08-05 05:15:00,0.1721
2026-08-05 05:30:00,0.2196
2026-08-05 05:45:00,0.2409
2026-08-05 06:00:00,0.3248
2026-08-05 06:15:00,0.4036
2026-08-05 06:30:00,0.491
2026-08-05 06:45:00,0.6117
2026-08-05 07:00:00,0.6276
2026-08-05 07:15:00,0.5567
2026-08-05 07:30:00,0.4985
2026-08-05 07:45:00,0.4017
2026-08-05 08:00:00,0.3012
2026-08-05 08:15:00,0.2733
2026-08-05 08:30:00,0.2206
2026-08-05 08:45:00,0.1213
2026-08-05 09:00:00,0.1072
2026-08-05 09:15:00,0.0887
2026-08-05 09:30:00,0.1007
2026-08-05 09:45:00,0.15
2026-08-05 10:00:00,0.1303
2026-08-05 10:15:00,0.0891
2026-08-05 10:30:00,0.0819
2026-08-05 10:45:00,0.0856
2026-08-05 11:00:00,0.098
2026-08-05 11:15:00,0.1333
2026-08-05 11:30:00,0.1343
2026-08-05 11:45:00,0.0819
2026-08-05 12:00:00,0.0941
2026-08-05 12:15:00,0.0684
2026-08-05 12:30:00,0.0849
2026-08-05 12:45:00,0.1358
2026-08-05 13:00:00,0.1322
2026-08-05 13:15:00,0.0925
2026-08-05 13:30:00,0.0945
2026-08-05 13:45:00,0.0792
2026-08-05 14:00:00,0.0997
2026-08-05 14:15:00,0.1279
2026-08-05 14:30:00,0.1439
2026-08-05 14:45:00,0.089
2026-08-05 15:00:00,0.0859
2026-08-05 15:15:00,0.0876
2026-08-05 15:30:00,0.0917
2026-08-05 15:45:00,0.1449
2026-08-05 16:00:00,0.1435
2026-08-05 16:15:00,0.1069
2026-08-05 16:30:00,0.1156
2026-08-05 16:45:00,0.13
2026-08-05 17:00:00,0.1557
2026-08-05 17:15:00,0.2334
2026-08-05 17:30:00,0.2773
2026-08-05 17:45:00,0.2821
2026-08-05 18:00:00,0.3371
2026-08-05 18:15:00,0.4113
2026-08-05 18:30:00,0.4541
2026-08-05 18:45:00,0.5856
2026-08-05 19:00:00,0.6456
2026-08-05 19:15:00,0.6549
2026-08-05 19:30:00,0.6936
2026-08-05 19:45:00,0.7104
2026-08-05 20:00:00,0.7292
2026-08-05 20:15:00,1.0754
2026-08-05 20:30:00,1.9665
2026-08-05 20:45:00,1.4274
2026-08-05 21:00:00,0.6999
2026-08-05 21:15:00,0.9199
2026-08-05 21:30:00,0.9939
2026-08-05 21:45:00,0.5106
2026-08-05 22:00:00,0.3429
2026-08-05 22:15:00,0.2491
2026-08-05 22:30:00,0.2187
2026-08-05 22:45:00,0.174
2026-08-05 23:00:00,0.1385
2026-08-05 23:15:00,0.1758
2026-08-05 23:30:00,0.1631
2026-08-05 23:45:00,0.0965
2026-08-06 00:00:00,0.0937
2026-08-06 00:15:00,0.1392
2026-08-06 00:30:00,0.146
2026-08-06 00:45:00,0.0936
2026-08-06 01:00:00,0.0928
2026-08-06 01:15:00,0.0888
2026-08-06 01:30:00,0.0968
2026-08-06 01:45:00,0.1443
2026-08-06 02:00:00,0.1532
2026-08-06 02:15:00,0.0929
2026-08-06 02:30:00,0.088
2026-08-06 02:45:00,0.0835
2026-08-06 03:00:00,0.093
2026-08-06 03:15:00,0.1383
2026-08-06 03:30:00,0.1378
2026-08-06 03:45:00,0.0974
2026-08-06 04:00:00,0.0831
2026-08-06 04:15:00,0.1037
2026-08-06 04:30:00,0.0976
2026-08-06 04:45:00,0.1532
2026-08-06 05:00:00,0.1579
2026-08-06 05:15:00,0.14
2026-08-06 05:30:00,0.1792
2026-08-06 05:45:00,0.2496
2026-08-06 06:00:00,0.3672
2026-08-06 06:15:00,0.5552
2026-08-06 06:30:00,0.7229
2026-08-06 06:45:00,0.8318
2026-08-06 07:00:00,0.9535
2026-08-06 07:15:00,0.9889
2026-08-06 07:30:00,0.9478
2026-08-06 07:45:00,0.868
2026-08-06 08:00:00,0.7164
2026-08-06 08:15:00,0.4935
2026-08-06 08:30:00,0.3445
2026-08-06 08:45:00,0.2454
2026-08-06 09:00:00,0.1721
2026-08-06 09:15:00,0.1798
2026-08-06 09:30:00,0.1628
2026-08-06 09:45:00,0.0996
2026-08-06 10:00:00,0.0954
2026-08-06 10:15:00,0.0922
2026-08-06 10:30:00,0.0861
2026-08-06 10:45:00,0.1468
2026-08-06 11:00:00,0.1413
2026-08-06 11:15:00,0.0876
2026-08-06 11:30:00,0.0925
2026-08-06 11:45:00,0.0986
2026-08-06 12:00:00,0.0952
2026-08-06 12:15:00,0.143
2026-08-06 12:30:00,0.1427
2026-08-06 12:45:00,0.0981
2026-08-06 13:00:00,0.0792
2026-08-06 13:15:00,0.0994
2026-08-06 13:30:00,0.0829
2026-08-06 13:45:00,0.1386
2026-08-06 14:00:00,0.1453
2026-08-06 14:15:00,0.1116
2026-08-06 14:30:00,0.1114
2026-08-06 14:45:00,0.11
2026-08-06 15:00:00,0.115
2026-08-06 15:15:00,0.1642
2026-08-06 15:30:00,0.1925
2026-08-06 15:45:00,0.1575
2026-08-06 16:00:00,0.1849
2026-08-06 16:15:00,0.2283
2026-08-06 16:30:00,0.2704
2026-08-06 16:45:00,0.3853
2026-08-06 17:00:00,0.429
2026-08-06 17:15:00,0.455
2026-08-06 17:30:00,0.5153
2026-08-06 17:45:00,0.581
2026-08-06 18:00:00,0.6398
2026-08-06 18:15:00,0.7245
2026-08-06 18:30:00,0.7586
2026-08-06 18:45:00,0.7739
2026-08-06 19:00:00,1.2019
2026-08-06 19:15:00,1.2399
2026-08-06 19:30:00,0.7118
2026-08-06 19:45:00,0.609
2026-08-06 20:00:00,0.547
2026-08-06 20:15:00,0.4503
2026-08-06 20:30:00,0.7677
2026-08-06 20:45:00,1.5657
2026-08-06 21:00:00,0.9509
2026-08-06 21:15:00,0.3261
2026-08-06 21:30:00,0.2316
2026-08-06 21:45:00,0.145
2026-08-06 22:00:00,0.1296
2026-08-06 22:15:00,0.1168
2026-08-06 22:30:00,0.1017
2026-08-06 22:45:00,0.1581
2026-08-06 23:00:00,0.1486
2026-08-06 23:15:00,0.0949
2026-08-06 23:30:00,0.0922
2026-08-06 23:45:00,0.1135
2026-08-07 00:00:00,0.1258
2026-08-07 00:15:00,0.1286
2026-08-07 00:30:00,0.1406
2026-08-07 00:45:00,0.0847
2026-08-07 01:00:00,0.0881
2026-08-07 01:15:00,0.0863
2026-08-07 01:30:00,0.1311
2026-08-07 01:45:00,0.1302
2026-08-07 02:00:00,0.1345
2026-08-07 02:15:00,0.0873
2026-08-07 02:30:00,0.0848
2026-08-07 02:45:00,0.0794
2026-08-07 03:00:00,0.1317
2026-08-07 03:15:00,0.1292
2026-08-07 03:30:00,0.1278
2026-08-07 03:45:00,0.0982
2026-08-07 04:00:00,0.0748
2026-08-07 04:15:00,0.0887
2026-08-07 04:30:00,0.1252
2026-08-07 04:45:00,0.1317
2026-08-07 05:00:00,0.1478
2026-08-07 05:15:00,0.0882
2026-08-07 05:30:00,0.1033
2026-08-07 05:45:00,0.1345
2026-08-07 06:00:00,0.2243
2026-08-07 06:15:00,0.3091
2026-08-07 06:30:00,0.4049
2026-08-07 06:45:00,0.4891
2026-08-07 07:00:00,0.603
2026-08-07 07:15:00,0.6998
2026-08-07 07:30:00,0.8037
2026-08-07 07:45:00,0.7813
2026-08-07 08:00:00,0.7237
2026-08-07 08:15:00,0.5458
2026-08-07 08:30:00,0.4211
2026-08-07 08:45:00,0.3129
2026-08-07 09:00:00,0.2627
2026-08-07 09:15:00,0.1954
2026-08-07 09:30:00,0.1775
2026-08-07 09:45:00,0.0941
2026-08-07 10:00:00,0.0889
2026-08-07 10:15:00,0.0846
2026-08-07 10:30:00,0.1343
2026-08-07 10:45:00,0.1324
2026-08-07 11:00:00,0.125
2026-08-07 11:15:00,0.0815
2026-08-07 11:30:00,0.082
2026-08-07 11:45:00,0.0874
2026-08-07 12:00:00,0.1231
2026-08-07 12:15:00,0.1408
2026-08-07 12:30:00,0.1253
2026-08-07 12:45:00,0.0833
2026-08-07 13:00:00,0.0769
2026-08-07 13:15:00,0.0761
2026-08-07 13:30:00,0.1248
2026-08-07 13:45:00,0.1245
2026-08-07 14:00:00,0.1278
2026-08-07 14:15:00,0.0789
2026-08-07 14:30:00,0.0892
2026-08-07 14:45:00,0.0825
2026-08-07 15:00:00,0.1308
2026-08-07 15:15:00,0.1378
2026-08-07 15:30:00,0.152
2026-08-07 15:45:00,0.111
2026-08-07 16:00:00,0.1231
2026-08-07 16:15:00,0.1349
2026-08-07 16:30:00,0.2082
2026-08-07 16:45:00,0.2399
2026-08-07 17:00:00,0.2941
2026-08-07 17:15:00,0.2902
2026-08-07 17:30:00,0.3348
2026-08-07 17:45:00,0.3932
2026-08-07 18:00:00,0.5593
2026-08-07 18:15:00,1.1224
2026-08-07 18:30:00,1.4524
2026-08-07 18:45:00,1.3329
2026-08-07 19:00:00,1.3011
2026-08-07 19:15:00,0.7855
2026-08-07 19:30:00,0.6494
2026-08-07 19:45:00,0.6092
2026-08-07 20:00:00,0.5618
2026-08-07 20:15:00,0.4711
2026-08-07 20:30:00,0.4108
2026-08-07 20:45:00,0.3658
2026-08-07 21:00:00,0.3516
2026-08-07 21:15:00,0.3022
2026-08-07 21:30:00,0.2594
2026-08-07 21:45:00,0.1873
2026-08-07 22:00:00,0.1421
2026-08-07 22:15:00,0.1392
2026-08-07 22:30:00,0.1589
2026-08-07 22:45:00,0.1413
2026-08-07 23:00:00,0.1376
2026-08-07 23:15:00,0.0815
2026-08-07 23:30:00,0.0912
2026-08-07 23:45:00,0.08
2026-08-08 00:00:00,0.0797
2026-08-08 00:15:00,0.0849
2026-08-08 00:30:00,0.1223
2026-08-08 00:45:00,0.1223
2026-08-08 01:00:00,0.1296
2026-08-08 01:15:00,0.0756
2026-08-08 01:30:00,0.086
2026-08-08 01:45:00,0.0819
2026-08-08 02:00:00,0.1176
2026-08-08 02:15:00,0.1282
2026-08-08 02:30:00,0.1183
2026-08-08 02:45:00,0.0858
2026-08-08 03:00:00,0.0806
2026-08-08 03:15:00,0.0921
2026-08-08 03:30:00,0.1334
2026-08-08 03:45:00,0.1219
2026-08-08 04:00:00,0.117
2026-08-08 04:15:00,0.0795
2026-08-08 04:30:00,0.08
2026-08-08 04:45:00,0.1041
2026-08-08 05:00:00,0.1563
2026-08-08 05:15:00,0.1944
2026-08-08 05:30:00,0.2464
2026-08-08 05:45:00,0.2937
2026-08-08 06:00:00,0.4227
2026-08-08 06:15:00,0.5835
2026-08-08 06:30:00,0.7824
2026-08-08 06:45:00,0.9026
2026-08-08 07:00:00,0.9831
2026-08-08 07:15:00,0.9131
2026-08-08 07:30:00,0.8222
2026-08-08 07:45:00,0.6674
2026-08-08 08:00:00,0.5719
2026-08-08 08:15:00,0.4215
2026-08-08 08:30:00,0.3052
2026-08-08 08:45:00,0.1767
2026-08-08 09:00:00,0.127
2026-08-08 09:15:00,0.1016
2026-08-08 09:30:00,0.1389
2026-08-08 09:45:00,0.1343
2026-08-08 10:00:00,0.1274
2026-08-08 10:15:00,0.0875
2026-08-08 10:30:00,0.0817
2026-08-08 10:45:00,0.0793
2026-08-08 11:00:00,0.1286
2026-08-08 11:15:00,0.1201
2026-08-08 11:30:00,0.1288
2026-08-08 11:45:00,0.0736
2026-08-08 12:00:00,0.0764
2026-08-08 12:15:00,0.071
2026-08-08 12:30:00,0.1266
2026-08-08 12:45:00,0.1364
2026-08-08 13:00:00,0.1269
2026-08-08 13:15:00,0.0855
2026-08-08 13:30:00,0.0949
2026-08-08 13:45:00,0.0842
2026-08-08 14:00:00,0.1234
2026-08-08 14:15:00,0.1243
2026-08-08 14:30:00,0.1279
2026-08-08 14:45:00,0.0791
2026-08-08 15:00:00,0.0801
2026-08-08 15:15:00,0.0894
2026-08-08 15:30:00,0.1368
2026-08-08 15:45:00,0.1247
2026-08-08 16:00:00,0.1334
2026-08-08 16:15:00,0.0961
2026-08-08 16:30:00,0.1113
2026-08-08 16:45:00,0.1276
2026-08-08 17:00:00,0.2
2026-08-08 17:15:00,0.207
2026-08-08 17:30:00,0.238
2026-08-08 17:45:00,0.2355
2026-08-08 18:00:00,0.2722
2026-08-08 18:15:00,0.3237
2026-08-08 18:30:00,0.419
2026-08-08 18:45:00,0.461
2026-08-08 19:00:00,0.6344
2026-08-08 19:15:00,1.0937
2026-08-08 19:30:00,0.9771
2026-08-08 19:45:00,0.6022
2026-08-08 20:00:00,0.5961
2026-08-08 20:15:00,0.6122
2026-08-08 20:30:00,0.8421
2026-08-08 20:45:00,0.9435
2026-08-08 21:00:00,0.5423
2026-08-08 21:15:00,0.3787
2026-08-08 21:30:00,0.3757
2026-08-08 21:45:00,0.3113
2026-08-08 22:00:00,0.2769
2026-08-08 22:15:00,0.1925
2026-08-08 22:30:00,0.1695
2026-08-08 22:45:00,0.1436
2026-08-08 23:00:00,0.1706
2026-08-08 23:15:00,0.1621
2026-08-08 23:30:00,0.1423
2026-08-08 23:45:00,0.0997
2026-08-09 00:00:00,0.0908
2026-08-09 00:15:00,0.1513
2026-08-09 00:30:00,0.1481
2026-08-09 00:45:00,0.1456
2026-08-09 01:00:00,0.0948
2026-08-09 01:15:00,0.1054
2026-08-09 01:30:00,0.0925
2026-08-09 01:45:00,0.1452
2026-08-09 02:00:00,0.1374
2026-08-09 02:15:00,0.148
2026-08-09 02:30:00,0.0995
2026-08-09 02:45:00,0.1006
2026-08-09 03:00:00,0.096
2026-08-09 03:15:00,0.1544
2026-08-09 03:30:00,0.1533
2026-08-09 03:45:00,0.1565
2026-08-09 04:00:00,0.1052
2026-08-09 04:15:00,0.1151
2026-08-09 04:30:00,0.1185
2026-08-09 04:45:00,0.194
2026-08-09 05:00:00,0.2621
2026-08-09 05:15:00,0.3547
2026-08-09 05:30:00,0.4412
2026-08-09 05:45:00,0.6111
2026-08-09 06:00:00,0.8037
2026-08-09 06:15:00,1.0176
2026-08-09 06:30:00,1.1257
2026-08-09 06:45:00,1.1378
2026-08-09 07:00:00,1.0237
2026-08-09 07:15:00,0.8718
2026-08-09 07:30:00,0.6927
2026-08-09 07:45:00,0.5625
2026-08-09 08:00:00,0.4132
2026-08-09 08:15:00,0.3
2026-08-09 08:30:00,0.1846
2026-08-09 08:45:00,0.1236
2026-08-09 09:00:00,0.1251
2026-08-09 09:15:00,0.1794
2026-08-09 09:30:00,0.1851
2026-08-09 09:45:00,0.1829
2026-08-09 10:00:00,0.1433
2026-08-09 10:15:00,0.1427
2026-08-09 10:30:00,0.1523
2026-08-09 10:45:00,0.2208
2026-08-09 11:00:00,0.2312
2026-08-09 11:15:00,0.2415
2026-08-09 11:30:00,0.2069
2026-08-09 11:45:00,0.2208
2026-08-09 12:00:00,0.2497
2026-08-09 12:15:00,0.3182
2026-08-09 12:30:00,0.3345
2026-08-09 12:45:00,0.3513
2026-08-09 13:00:00,0.3221
2026-08-09 13:15:00,0.339
2026-08-09 13:30:00,0.3398
2026-08-09 13:45:00,0.4021
2026-08-09 14:00:00,0.4235
2026-08-09 14:15:00,0.4126
2026-08-09 14:30:00,0.3723
2026-08-09 14:45:00,0.3762
2026-08-09 15:00:00,0.3701
2026-08-09 15:15:00,0.4087
2026-08-09 15:30:00,0.3976
2026-08-09 15:45:00,0.3952
2026-08-09 16:00:00,0.3009
2026-08-09 16:15:00,0.3018
2026-08-09 16:30:00,0.3021
2026-08-09 16:45:00,0.3442
2026-08-09 17:00:00,0.3578
2026-08-09 17:15:00,0.3621
2026-08-09 17:30:00,0.3333
2026-08-09 17:45:00,0.3702
2026-08-09 18:00:00,0.5766
2026-08-09 18:15:00,1.3604
2026-08-09 18:30:00,1.2096
2026-08-09 18:45:00,0.7246
2026-08-09 19:00:00,0.69
2026-08-09 19:15:00,0.7537
2026-08-09 19:30:00,0.814
2026-08-09 19:45:00,0.9699
2026-08-09 20:00:00,1.3035
2026-08-09 20:15:00,1.1948
2026-08-09 20:30:00,0.8739
2026-08-09 20:45:00,0.785
2026-08-09 21:00:00,0.7075
2026-08-09 21:15:00,0.6902
2026-08-09 21:30:00,0.6105
2026-08-09 21:45:00,0.5158
2026-08-09 22:00:00,0.4036
2026-08-09 22:15:00,0.3254
2026-08-09 22:30:00,0.2675
2026-08-09 22:45:00,0.2735
2026-08-09 23:00:00,0.2432
2026-08-09 23:15:00,0.203
2026-08-09 23:30:00,0.1236
2026-08-09 23:45:00,0.1223
